label,thai_text
spam,"🎉ยินดีด้วยค่ะคุณได้รับสิทธิ์ลุ้นรับ iPhone 15 Pro Max ฟรี! กิจกรรมฉลองครบรอบ 5 ปี เพียงกดเพิ่มเพื่อนและพิมพ์คำว่า ""รับโชค"" ที่ LINE OA ด้านล่างนี้ รับรองได้จริง 100% รีบด่วนสิทธิ์มีจำนวนจำกัด 👉 [คลิกแอดไลน์: @lucky999]"
spam,"สวัสดีค่ะทุกคน ใครว่างงานอยู่บ้างคะ ตอนนี้เรากำลังหารินค้ารับออเดอร์ออนไลน์ ได้เงินจริงค่ะ วันละ 500-1,000 บาท สนใจกด 1 หรือแอดไลน์ส่วนตัวมาหาแอดมินด่วนเลยนะคะ รับจำนวนจำกัดค่ะ @admin99"
spam,"🎉 ยินดีด้วยค่ะคุณคือผู้โชคดี! สมาชิกกลุ่มเราได้รับสิทธิ์รับเงินรางวัลพิเศษ 9,000 บาท ฟรี! 
👉 รีบกดรับสิทธิ์ด่วน จำกัดเวลาแค่ 12 ชั่วโมงนี้เท่านั้น! 
📱 สนใจรับเงิน Add Line ส่วนตัวแอดมิน หรือคลิิงก์นี้เพื่อรับเครดิตฟรีได้เลยค่ะ (รหัสรับสิทธิ์: KL341)"
spam,"📢 ประกาศด่วน! สมาชิกในกลุ่มทุกท่าน 
🎉 ขอแสดงความยินดีด้วยค่ะ/ครับ! คุณเป็นผู้โชคดีได้รับสิทธิ์ ""รับโทรศัพท์มือถือสมาร์ทโฟนรุ่นใหม่ล่าสุด กล้องคมชัด ฟรี!"" 
เนื่องจากท่านอยู่ในกลุ่มเรามานาน หรือใช้เบอร์ครบเงื่อนไข ไม่ต้องเสียเงินสักบาท!

🎁 ของมีจำนวนจำกัด แจกเพียง 10 เครื่องเท่านั้น!
👉 รีบทักแอดมินส่วนตัวเพื่อยืนยันสิทธิ์ด่วน ก่อนสิทธิ์จะเต็ม! 
คลิกเลย: [แอดไลน์รับของรางวัลฟรีที่นี่]"
spam,"🚨ประกาศด่วน! กิจกรรมพิเศษฉลองครบรอบ แจกเครดิตเงินฟรี 500-10,000 บาททุกวัน! 
เพียงกดไลก์ กดแชร์ และกดรับออเดอร์สินค้าออนไลน์ง่ายๆ แค่วันละ 10 นาที ถอนเงินได้จริง ไม่จำกัดรอบ 
สนใจร่วมสนุกรับโบนัสพิเศษ Add Line ส่วนตัวของแอดมินเพื่อรับสิทธิ์ได้เลยครับ จำนวนจำกัด!
👉 ID Line: @vip-bonus99 (มี @ ด้วยนะคะ)"
spam,"🚨 ด่วนที่สุด! ยินดีด้วยค่ะคุณได้รับสิทธิ์เข้าร่วมกลุ่มVIPปั้นพอร์ตรับเงินสดฟรี มูลค่ารวม 100,000 บาท! (แจกจริง 5 สิทธิ์สุดท้ายวันนี้เท่านั้น) 
👉 สนใจรับสิทธิ์พิมพ์ ""สนใจ"" หรือคลิกเพิ่มเพื่อนรับเครดิตฟรีกับแอดมินโดยตรงที่ลิงก์นี้ได้เลยค่ะ: 
Line OA: @vip-bonus99 (Line ส่วนตัวแอดมิน: https://lin.ee/example) 
*เงื่อนไขเป็นไปตามกลุ่มกำหนด*"
spam,"📢ประกาศด่วนจากแอดมิน! กิจกรรมพิเศษฉลองครบรอบ แจกเครดิตเงินฟรี 500 บาท สำหรับสมาชิกในกลุ่ม LINE นี้เท่านั้น! 
👉 เพียงกดคลิกim.cr/FreeBonus500 หรือทักแอดมินส่วนตัวเพื่อรับสิทธิ์ด่วน (สิทธิ์มีจำนวนจำกัด วันนี้วันเดียวเท่านั้น!)"
spam,"🔥ด่วน! กิจกรรมพิเศษแจกเครดิตฟรี 500 บาท สำหรับสมาชิกกลุ่มเราเท่านั้น! 
กดรับสิทธิ์ง่ายๆ แค่แอดไลน์ส่วนตัวแอดมิน แล้วพิมพ์ว่า ""รับเงินฟรี"" 
⚠️สิทธิ์มีจำนวนจำกัด รีบ add LINE ด่วน คลิกลิงก์นี้เลย: [Line ID: @admin-lucky99]"
spam,"🎉ยินดีด้วยค่ะคุณได้รับสิทธิ์ลุ้นรับทองคำฟรี 1 บาท! เพียงแค่กดเพิ่มเพื่อนและทัก 🆔 Line: @lucky999 เพื่อรับโบนัสกดรับออเดอร์สร้างรายได้วันละ 500-1,000 บาทฟรีทันที ด่วน! สิทธิ์มีจำนวนจำกัด คลิกเลย 👉 https://lin.ee/example"
spam,"🎉 ยินดีด้วยค่ะ! คุณได้รับสิทธิ์รับโทรศัพท์มือถือ iPhone 15 Pro Max พร้อมกล้องถ่ายรูปฟรี มูลค่า 45,000 บาท จากกิจกรรมฉลองครบรอบ 5 ปีของกลุ่มเราค่ะ 🎁

สิทธิ์นี้จำกัดแค่ 3 ท่านแรกเท่านั้น! 
👉 สนใจรับของรางวัลฟรี แอด Line ส่วนตัวของแอดมินเพื่อยืนยันตัวตนได้เลยค่ะ: @admin_lucky99 (มี @ด้วยนะคะ) 

⏰ รีบด่วน! สินค้ามีจำนวนจำกัด จัดส่งฟรีถึงหน้าบ้านพรุ่งนี้เลยค่ะ"
spam,"🎉 กิจกรรมพิเศษฉลองครบรอบ 5 ปี กลุ่มเราแจกเงินทุนฟรี 500 บาท! 💸 
เพียงแค่กดตอบคำถามง่ายๆ ว่า ""คุณอยากมีรายได้เสริมวันละ 500-1,000 บาทหรือไม่?"" 
กติกา:
1. พิมพ์คำว่า ""สนใจ"" ใต้โพสต์นี้
2. แอดไลน์ส่วนตัวของแอดมินเพื่อรับเครดิตฟรีทันที!
👉 Line ID: @admin_lucky99 (มี @ ด้วยนะคะ)
สิทธิ์มีจำนวนจำกัด ช้าอดได้เงินฟรีนะจ๊ะ! 🏃‍♂️💨"
spam,"ยินดีด้วยค่ะ! คุณได้รับสิทธิ์พิเศษรับตั๋วหนังฟรี 2 ที่นั่ง นาน 1 ปีเต็ม ดูได้ทุกเรื่องทุกรอบฟรี! รีบadd line ส่วนตัว หรือโทรด่วน 090-6120-946, สิทธิ์จำกัดเพียง 5 ท่านแรกวันนี้เท่านั้น สนใจกดลิงก์ทักแชทแอดมินรับสิทธิ์ได้เลยค่ะ"
spam,"ประกาศด่วน! สมาชิกทุกท่านในกลุ่มนี้ 📢 ทางบริษัทมีกิจกรรมพิเศษสุ่มแจกทุนทำ 💰 ""กดรับออเดอร์สินค้าออนไลน์"" 💰 ฟรี! 1,500 บาท จำนวนจำกัดเพียง 10 ท่านแรกเท่านั้น! 
👉 สนใจรับเงินทุนฟรีและเริ่มหารายได้วันละ 500-1,000 บาท แอดไลน์ส่วนตัวของแอดมินเพื่อรับสิทธิ์ได้เลยค่ะ 
คลิกเลย: https://lin.ee/example (หรือแอด Line ID: @admin999)"
spam,"🔥ด่วน! สมาชิกกลุ่มเราโชคดีได้รับสิทธิ์พิเศษแพ็กเกจเที่ยว Disneyland ยุโรปฟรี! ✈️ หรือเลือกรับเงินสด 30,000 บาท จำนวนจำกัดเพียง 5 ท่านแรกเท่านั้น! 
👉 สนใจรับสิทธิ์พิมพ์ ""สนใจ"" หรือรีบกดแอด LINE ส่วนตัวของแอดมินเพื่อยืนยันตัวตนด่วนค่ะ (Admin: @line999) 
⚠️ สิทธิ์นี้สำหรับสมาชิกในกลุ่มนี้เท่านั้น ห้ามพลาดเด็ดขาด!"
spam,"🔥ด่วน! เปิดรับสมัครแอดมินตอบแชทคอนเฟิร์มสินค้า/กดรับออเดอร์ออนไลน์ รายได้ 500-1,500 บาท/วัน (ทำผ่านมือถือได้ ไม่จำกัดเพศ/วัย) สนใจแอด Line ส่วนตัวเพื่อรับลิงก์ทดลองงานฟรีได้ที่ @123scam (รับจำนวนจำกัด)"
spam,"🎉ประกาศรายชื่อผู้โชคดีประจำกลุ่ม! คุณได้รับสิทธิ์รับเงินสดฟรี 1,000 บาท หรือลุ้นรับรางวัลใหญ่ 5,000 บาท (การันตีได้รับทุกคน 100%) 

เนื่องจากสิทธิ์เต็มไวมาก รบกวน ""คลิกแอดไลน์ส่วนตัวของแอดมิน"" เพื่อยืนยันตัวตนและรับเงินเข้าบัญชีได้ทันทีค่ะ 
👇(แอดมินคนสวยรอแจกอยู่นะคะ ทักด่วน!)👇
Line ID: @admin_lucky99 (มี @ ด้วยนะคะ)"
spam,"📢 ด่วน! กิจกรรมพิเศษฉลองครบรอบ แจกโบนัสเงินสดฟรี 500 บาท จำนวนจำกัด 50 ท่านแรกเท่านั้น! 
👉 เพียงแค่แอดไลน์ส่วนตัวของแอดมิน แล้วพิมพ์คำว่า ""รับเงินฟรี"" ส่งมาเพื่อยืนยันตัวตน รับเครดิตไปปั่นกัน and จิ้มลิงก์นี้เลย 👉 [LINE ID: @admin_lucky99] งานนี้ไม่มีค่าใช้จ่าย รีบด่วนก่อนสิทธิ์เต็ม!"
spam,"🔥ด่วน! แจกฟรีทุนทำเงิน 1,000 บาท สำหรับสมาชิกใหม่ในกลุ่มนี้เท่านั้น! 
งานง่ายแค่นั่งกดรับออเดอร์สินค้าในมือถือ ได้เงินจริง ถอนได้ทันที ไม่จำกัดรอบ 
(รับจำนวนจำกัดแค่ 10 คนแรกที่ทักส่วนตัวเท่านั้น) 
สนใจพิมพ์ ""สนใจ"" หรือรีบแอดไลน์ส่วนตัวมาที่แอดมินเพื่อรับสิทธิ์ด่วน ก่อนหมดเขตวันนี้!"
spam,"🎉ยินดีด้วยค่ะคุณคือผู้โชคดี ได้รับสิทธิ์รับเงินสด 1,000 บาท หรือแพ็กเกจท่องเที่ยวฟรี! (จำนวนจำกัด) เพียงเพิ่มเพื่อนและติดต่อแอดมินเพื่อรับสิทธิ์คลิกเลย 👉 [LINE] หรือทักส่วนตัวด่วนก่อนสิทธิ์เต็มค่ะ 💰✨"
spam,"🚨 แจ้งด่วน! บัญชี LINE ของท่านมีคะแนนโบนัสสะสม 9,850 คะแนน มูลค่ารวม 4,925 บาท กำลังจะหมดอายุภายในวันนี้! รีบกดเพิ่มเพื่อนรับสิทธิ์ก่อนสิทธิ์เต็ม 👉 [คลิกแอดไลน์แอดมินเพื่อรับเงินสดฟรี] หรือ Line ID: @vip-bonus99 (จำกัด 50 ท่านแรกเท่านั้น)"
spam,"🚨ด่วน! คุณคือผู้โชคดีได้รับสิทธิ์รับเงินโบนัสพิเศษ 2,000 บาท จากกิจกรรมฉลองครบรอบกลุ่ม LINE ของเรา! (สิทธิ์สุดท้ายแล้ววันนี้) 
👉 สนใจรับเงินฟรี หรือต้องการสมัครงานกดรับออเดอร์รายได้เสริมวันละ 500-1,500 บาท 
📲 แอดไลน์ส่วนตัวของแอดมินเพื่อรับเครดิตฟรีได้เลยที่: @admin_lucky99 (มี@ด้วย) หรือคลิก: [ลิงก์ปลอม] 
⚠️ รีบด่วน รับจำนวนจำกัดแค่วันนี้เท่านั้น!"
spam,"🎉ยินดีด้วยค่ะคุณคือผู้โชคดี! เบอร์โทรศัพท์ท้าย 7548 ของท่านได้รับสิทธิ์รับเงินรางวัลพิเศษ 3,500 บาทจากกิจกรรมฉลองครบรอบ เพียงแค่กดแอดไลน์ส่วนตัวของแอดมินแล้วแจ้งโค้ดรับเงิน ""4041"" เพื่อรับยอดเงินเข้าบัญชีได้ทันที! จำนวนจำกัดรีบทักด่วน 👉 [คลิกแอดไลน์ที่นี่]"
spam,"🎉 ยินดีด้วยค่ะคุณได้รับสิทธิ์ลุ้นรับ iPhone 15 Pro Max ฟรี! เพียงทายว่าหอไอเฟลอยู่ที่ประเทศอะไร? 
👇 สนใจรับสิทธิ์กดแอด Line ส่วนตัวของแอดมินเพื่อรับของรางวัลได้เลยค่ะ (จำกัด 50 สิทธิ์แรกเท่านั้น)
Line ID: @admin_lucky99"
spam,"🔥ด่วน! รับสมัครคนช่วยกดรับออเดอร์สินค้าออนไลน์ คอนเฟิร์มยอดรับเงินสดทันที 500-1,500 บาทต่อวัน ไม่จำกัดเพศและวัย ขอแค่วันละ 10-15 นาที ทำผ่านมือถือได้ 100% สนใจงานคลิกแอด Line ส่วนตัวของแอดมินเพื่อรับลิงก์เริ่มงานได้เลยค่ะ (รับจำนวนจำกัด) 👇
Line ID: @admin_job99"
spam,"🔥ด่วน! กิจกรรมพิเศษแจกทุนฟรี 500 บาท สำหรับสมาชิกใหม่กลุ่มเราเท่านั้น! 
👉 เพียงกดเพิ่มเพื่อนรับสิทธิ์ง่ายๆ ไม่ต้องฝากก่อน แค่คลิกแอดไลน์แอดมินส่วนตัวด้านล่างนี้ได้เลยค่ะ 
👇👇👇
(คลิกเพื่อรับเครดิตฟรี: @admin_vip99)"
spam,"🎉ด่วน! กิจกรรมพิเศษแจกเงินทุนฟรี 500 บาท สำหรับสมาชิกใหม่ในกลุ่มนี้เท่านั้น! 

สนใจรับเครดิตฟรี แอดไลน์ส่วนตัวมาหาแอดมินสาวสวยได้เลยค่ะ 👉 Line ID: @admin_lucky99 (รับจำนวนจำกัด รีบเลยนะคะ)"
spam,"🎉ประกาศจากแอดมินกลุ่มค่ะ! สมาชิกทุกท่านที่อยู่ในกลุ่มนี้ มีสิทธิ์ได้รับของขวัญปีใหม่ฟรีมูลค่า 2,000 บาท ด่วน! สิทธิ์มีจำนวนจำกัด เพียงกดเพิ่มเพื่อนทางไลน์ส่วนตัวเพื่อยืนยันรับสิทธิ์ส่งฟรีถึงบ้าน แอดไลน์มาที่ @LineAdmin99 ได้เลยค่ะ (หรือคลิกลิงก์ด้านล่างเพื่อรับของรางวัลทันที)"
spam,"🎉 ยินดีด้วยค่ะคุณคือผู้โชคดีได้รับสิทธิ์พิเศษ! รับเงินสด 50,000 บาท หรือแพ็กเกจท่องเที่ยวสุดหรูฟรี! ✈️ 
เนื่องในโอกาสครบรอบกลุ่มของเรา ทางแอดมินใจดีแจกจริงไม่มีเงื่อนไข รีบด่วน! สิทธิ์มีจำนวนจำกัด 
สนใจรับสิทธิ์กดคลิกเพิ่มเพื่อนกับแอดมินโดยตรงที่ลิงก์นี้ได้เลยค่ะ 👇
https://lin.ee/example"
spam,"💥ประกาศจากแอดมินกลุ่มจ้า! กิจกรรมพิเศษฉลองครบรอบ แจกเงินทุนฟรี 500 บาท สำหรับสมาชิกในกลุ่มเท่านั้น! 🎁✨ 
เพียงแค่กดเพิ่มเพื่อนกับเจ้าหน้าที่สาวสวยของเรา แล้วพิมพ์คำว่า ""รับเงินฟรี"" ก็รับโบนัสไปปั่นสล็อตหรือทำภารกิจกดรับออเดอร์สร้างรายได้วันละ 1,000-3,000 บาทได้เลย ถอนได้จริง ไม่จำกัดรอบ! 
👉 รีบด่วน! สิทธิ์มีจำนวนจำกัด แอดไลน์ส่วนตัวของแอดมินที่ลิงก์นี้ได้เลยค่ะ: 
Line ID: @admin-lucky888 (คลิกเลย)"
spam,"🎉ยินดีด้วยค่ะคุณได้รับสิทธิ์รับเงินเยียวยา 5,000 บาทฟรี! เนื่องจากเป็นสมาชิกกิจกรรมพิเศษในกลุ่มเรา รีบกดเพิ่มเพื่อนกับแอดมินแล้วส่งข้อความว่า ""รับเงิน"" เพื่อรับสิทธิ์ก่อนเต็มนะคะ 👉 Line ID: @vip_bonus99 (ด่วน! สิทธิ์มีจำนวนจำกัด)"
spam,"🚨ด่วน! แจ้งสิทธิพิเศษสำหรับสมาชิกในกลุ่มนี้เท่านั้น! 
กิจกรรมสุ่มแจกโบนัสประจำสัปดาห์ คุณได้รับสิทธิ์รับเงินรางวัลชัวร์ๆ 9,000 บาท ฟรี! 
สิทธิ์นี้เหลือเวลาอีกแค่ 12 ชั่วโมงสุดท้ายเท่านั้น!
👉 สนใจรับเงินรางวัลง่ายๆ เพียงกดแอดไลน์ส่วนตัวของแอดมินเพื่อยืนยันตัวตน และรับCodeลับ ""S89"" ทักด่วนก่อนเต็มจำนวน!
Line ID: @admin_lucky99 (คลิกเพิ่มเพื่อนแล้วพิมพ์ว่า ""รับเงิน9000"")"
spam,"🎉ประกาศรายชื่อผู้โชคดี! คุณได้รับสิทธิ์รับเงินรางวัลเงินสด 10,000 - 50,000 บาทฟรี! 
💸เนื่องในโอกาสฉลองครบรอบกลุ่ม เพียงแค่คุณมีเวลาว่างวันละ 10-15 นาที กดรับออเดอร์สินค้าออนไลน์ง่ายๆ ได้เงินจริง ถอนได้ทันที ไม่จำกัดจำนวนครั้ง 
👉สนใจรับสิทธิ์จำนวนจำกัด รีบกดเพิ่มเพื่อนกับแอดมินสาวสวยเพื่อรับลิงก์ลงทะเบียนรับเงินฟรีได้เลยตอนนี้ที่ Line ID: @vip888_lucky (คลิกเลย: https://lin.ee/example)"
spam,"🔥เปิดรับสมัครด่วน! หน้าม้ากดรับออเดอร์สินค้าออนไลน์ การันตีรายได้ 500-1,500 บาท/วัน ถอนเงินได้จริง ไม่จำกัดเพศและวัย สนใจคลิกแอด Line ส่วนตัวเพื่อรับลิงก์ทำงานได้เลยครับ: lin.ee/scam123"
spam,"🚨 ด่วน! แจกฟรี iPhone 15 Pro Max จำนวนจำกัด 50 เครื่องสุดท้าย ฉลองครบรอบกลุ่ม LINE เพียงคลิกลิงก์ด้านล่างเพื่อยืนยันตัวตน และแอดไลน์รับสิทธิ์รับเครื่องฟรีทันที! 
👇👇
https://lin.ee/example
(หมดเขต 23:59 น. นี้เท่านั้น)"
spam,"🎉ประกาศด่วน! กิจกรรมพิเศษฉลองครบรอบ แจกทุนฟรี 500 บาท สำหรับสมาชิกใหม่ในกลุ่ม LINE เท่านั้น! 

📲 เพียงแค่แอด LINE ส่วนตัวของแอดมิน แล้วพิมพ์คำว่า ""รับเงินฟรี"" ก็รับสิทธิ์ไปกดรับออเดอร์สร้างรายได้วันละ 500-1,000 บาทได้ทันที (จำนวนจำกัด รีบด่วนก่อนเต็ม!) 
👉 สนใจคลิกแอดไลน์ที่โปรไฟล์แอดมินได้เลยค่ะ"
spam,"🚨ด่วน! รับสมัครคนช่วยกดออเดอร์สินค้าออนไลน์โปรโมตสินค้าใน Shopee/Lazada สร้างรายได้วันละ 500-1,500 บาท ถอนเงินได้จริง ไม่จำกัดเพศและวัย สนใจงานพิมพ์ ""สนใจ"" หรือคลิกเพิ่มเพื่อนเพื่อรับสิทธิ์พิเศษกับแอดมินได้เลยค่ะ 👇 (รับจำนวนจำกัด)"
spam,"🎉ยินดีด้วยค่ะคุณได้รับสิทธิ์ลุ้นรับเงินสด 5,000 บาทฟรี! เนื่องจากคุณเป็นสมาชิกร่วมกิจกรรมในกลุ่มเรา สนใจรับเครดิตเงินฟรี กดแอดไลน์ส่วนตัวของแอดมินเพื่อรับยอดได้เลยค่ะ LINE ID: @admin999 (รับจำนวนจำกัดนะคะ)"
spam,"🎉ยินดีด้วยค่ะคุณได้รับสิทธิ์รับเงินฟรี 500 บาท หรือเลือกรับทองคำมูลค่า 1,000 บาท พร้อมลุ้นรับรางวัลใหญ่ทุกสัปดาห์! 

⚠️ สำหรับสมาชิกในกลุ่มนี้เท่านั้น! จำนวนจำกัดเพียง 30 ท่านแรก 

👉 สนใจรับสิทธิ์ กดเพิ่มเพื่อน Line ส่วนตัวของแอดมินเพื่อรับเครดิตฟรีได้เลยค่ะ: [ใส่ลิงก์ไลน์]"
spam,"🎉 ด่วน! แจกฟรีทุนทำกิจกรรมรับโชค! สำหรับสมาชิกใหม่ในกลุ่มนี้เท่านั้น รับสิทธิ์กดรับออเดอร์สินค้าออนไลน์สร้างรายได้เสริมวันละ 500-1,500 บาท ถอนเงินได้จริง ไม่จำกัดจำนวนครั้ง สนใจรับสิทธิ์กดลิงก์เพิ่มเพื่อนกับแอดมินสาวสวยเพื่อรับยูสเซอร์เข้าทำงานได้เลยค่ะ 💸👇"
spam,"🔥ด่วน! รับสมัครคนช่วยกดออเดอร์สินค้าออนไลน์ คอนเฟิร์มยอดรับเงินจริง 500-1,500 บาท/วัน ทำผ่านมือถือ ไม่จำกัดเพศและวัย สนใจแอด LINE ส่วนตัวเพื่อรับลิงก์ทำงานฟรี: @admin_pro99 (จำนวนจำกัด)"
spam,"🔥ด่วน! สำหรับสมาชิกกลุ่มนี้เท่านั้น กิจกรรมแจกทุนฟรี 500 บาท ถอนได้จริงไม่ต้องทำเทิร์น! เพียงกดเพิ่มเพื่อนกับแอดมินสาวสวย แล้วพิมพ์คำว่า ""รับเงินฟรี"" เพื่อรับสิทธิ์ลิงก์รับโชคได้เลย คลิก 👉 https://lin.ee/example สิทธิ์มีจำนวนจำกัด รีบก่อนหมดเขต!"
spam,"🎉 กิจกรรมพิเศษฉลองครบรอบ 5 ปี แจกเงินทุนฟรี 500 บาท! 
💸 แค่กดรับออเดอร์สินค้าออนไลน์วันละ 10-15 นาที รับกำไรเข้ากระเป๋าเน้นๆ วันละ 500 - 1,500 บาท ถอนได้จริง ไม่เสียค่าใช้จ่ายใดๆ ทั้งสิ้น!
👇 สนใจคลิกแอดไลน์ส่วนตัวเพื่อรับสิทธิ์ด่วน (จำกัด 50 คนแรกเท่านั้น):
👉 @admin.vip99 (ใส่ @ ด้วยนะคะ)"
spam,"🎉 กิจกรรมพิเศษฉลองครบรอบ แจกเครดิตเงินฟรี 500 บาท! เพียงตอบคำถามง่ายๆ 4 ข้อ รับสิทธิ์ทันที ไม่ต้องฝากก่อน 
👉 สนใจร่วมสนุกคลิกเลย: www.100percent-real.com 
หรือแอดไลน์ส่วนตัวเพื่อรับสิทธิ์ด่วน (จำนวนจำกัด): @86688line"
spam,"🎉ประกาศจากแอดมินกลุ่มค่ะ! สมาชิกทุกท่านที่อยู่ในกลุ่มนี้ได้รับการคัดเลือกให้รับสิทธิ์ ""แจกทุนฟรี 5,000 บาท"" และมือถือฟรีเพื่อตอบแทนความภักดีที่อยู่ร่วมกันมานานค่ะ 🎁📱 
รีบด่วน! สิทธิ์มีจำนวนจำกัด หมดเขตภายในวันนี้เท่านั้น สนใจกดเพิ่มเพื่อนรับสิทธิ์กับแอดมินส่วนตัวได้ที่ลิงก์นี้เลยค่ะ 👇
(แอดไลน์ไอดี: @admin_lucky888)"
spam,"💰ว่างงานหาสายเทรด/กดรับออเดอร์สร้างรายได้เสริมไหมคะ? วันนึงได้ 500-1,500 บาท ถอนเงินได้จริง สนใจทักแอดมินส่วนตัวมารับลิ้งก์ลงทะเบียนรับเครดิตฟรีได้เลยค่ะ LINE ID: @admin_vip99"
spam,🎉 ด่วน! กิจกรรมพิเศษสำหรับสมาชิกในกลุ่ม LINE นี้เท่านั้น! แจกทุนฟรี 500 บาท แค่กดรับออเดอร์สินค้าออนไลน์ง่ายๆ วันละ 10 นาที ถอนเงินได้จริง ไม่จำกัดจำนวนครั้ง สนใจอยากมีรายได้เสริมแอดไลน์ส่วนตัวมาเลย 선착순 (จำนวนจำกัด) แอดไลน์ ID: @vip888th (คลิกรับสิทธิ์ด่วน)
spam,"🎉 แจกจริง! กิจกรรมตอบคำถามสะสมแต้มประจำสัปดาห์ ลุ้นรับเงินสด 2,000 บาทเข้าบัญชีทันที! 💰
สำหรับสมาชิกในกลุ่มเราเท่านั้น 
เพียงพิมพ์คำว่า ""สนใจ"" หรือกดเพิ่มเพื่อนกับแอดมินเพื่อรับลิงก์ร่วมสนุกได้เลยครับ 
👇 แอดไลน์ส่วนตัวเพื่อรับสิทธิ์ (จำนวนจำกัด) 👇
Line ID: @admin_lucky99 (มี @ ด้วยนะครับ)
*เงื่อนไขเป็นไปตามที่กลุ่มกำหนด สมัครฟรีไม่มีค่าใช้จ่าย!"
spam,"🎉ประกาศด่วน! สำหรับสมาชิกในกลุ่ม LINE ทุกท่านที่ใช้มือถือครบ 1 ปีขึ้นไป รับสิทธิ์อัปเกรดมือถือรุ่นใหม่ล่าสุด กล้องคมชัดระดับเทพ ฟรี! 📱✨
ไม่ต้องจ่ายเพิ่ม ของมีจำนวนจำกัด รีบทักส่วนตัวหาแอดมินเพื่อรับสิทธิ์ก่อนหมดเขตสิ้นเดือนนี้นะคะ 
👇สนใจคลิกแอดไลน์ส่วนตัวรับสิทธิ์ได้เลยค่ะ👇
[ID Line: @admin_lucky99]"
spam,"🔥เปิดรับสมัครด่วน! หน้าม้ากดไลก์กดรับออเดอร์สินค้าออนไลน์ สร้างรายได้เสริมวันละ 500-1,500 บาท ถอนเงินได้จริง ไม่ต้องมีประสบการณ์ สนใจงานคลิกแอดไลน์ส่วนตัวเพื่อรับลิงก์สมัครงานได้เลยค่ะ 👇
Line ID: @job999vip (มี @ ด้วยนะคะ)"
spam,"🎉 กิจกรรมพิเศษต้อนรับวาเลนไทน์! แจกทุนฟรี 1,000 บาท พาแฟนไปเที่ยวทริปในฝันฟรี! 
👉 เพียงแค่กดรับออเดอร์งานออนไลน์ง่ายๆ แค่วันละ 10 นาที ถอนเงินได้จริง ไม่จำกัดรอบ
📲 สนใจรับสิทธิ์ แอด LINE ส่วนตัวของแอดมินมาได้เลย 선착순 (จำนวนจำกัด): 
👉 @admin_vip99 (มี @ ด้วยนะ)"
spam,"🔥ด่วน! รับสมัครคนช่วยกดรับออเดอร์สินค้าออนไลน์ คอนเฟิร์มยอดได้เงินจริง 500-1,500 บาท/วัน ทำผ่านมือถือ ไม่จำกัดเพศและวัย สนใจงานพิมพ์ ""สนใจ"" หรือแอดไลน์ส่วนตัวมาที่ @admin_lucky (รับจำนวนจำกัดเพียง 10 คนเท่านั้น)"
spam,"🎉ยินดีด้วยค่ะคุณได้รับสิทธิ์รับเงินโบนัสพิเศษ 500 บาท หรือเลือกรับของขวัญมูลค่า 1,000 บาทฟรี! พร้อมสิทธิ์ลุ้นรับรางวัลใหญ่ทุกสัปดาห์ สนใจร่วมสนุกทำงานกดรับออเดอร์สร้างรายได้เสริม แอดไลน์ส่วนตัวเพื่อรับเครดิตฟรีได้เลยที่ @admin99 (มี@) ด่วน! สิทธิ์มีจำนวนจำกัด"
spam,"🎉 ด่วน! แจกฟรีทุนทดลองเล่น 500 บาท สำหรับสมาชิกใหม่ในกลุ่มนี้เท่านั้น! 
👉 อยากมีรายได้เสริมวันละ 500-1,000 บาท แค่กดรับออเดอร์สินค้าออนไลน์ ไม่ต้องมีประสบการณ์ 
,
🔥 สนใจรับเครดิตฟรีและเริ่มงานทันที แอดไลน์ส่วนตัวของแอดมินมาได้เลยค่ะ (รับจำนวนจำกัด)
💬 Line ID: @admin-vip99 (คลิกim.link/win500)"
spam,"🎉 กิจกรรมพิเศษฉลองปีใหม่! แจกฟรีมือถือสมาร์ทโฟนรุ่นล่าสุด และหูฟังบลูทูธไร้สายฟรี! 🎁
สำหรับสมาชิกในกลุ่มนี้เท่านั้น ได้รับสิทธิ์รับเงินขวัญถุงและทุนทำ1,000 บาท ฟรี! 
👉 สนใจรับสิทธิ์ แอดไลน์ส่วนตัวหาแอดมินด่วน จำนวนจำกัด! 
ID Line: @admin_lucky99 (มี @ ด้วยนะคะ)"
spam,"🚨ประกาศด่วน! สำหรับสมาชิกทุกท่านในกลุ่มนี้เท่านั้น🎉
กิจกรรมแจกโบนัสพิเศษฟรี 500 บาท สำหรับท่านที่สนใจหารายได้เสริมวันละ 500-1,500 บาท เพียงกดรับออเดอร์สินค้าออนไลน์ ไม่ต้องมีประสบการณ์ สอนงานฟรีโดยแอดมินใจดี 

สิทธิ์มีจำนวนจำกัด แค่ 20 ท่านแรกเท่านั้น! 
สนใจรับโค้ดรับเงินฟรี พิมพ์ ""สนใจ"" หรือแอด LINE ส่วนตัวเพื่อรับลิงก์ลงทะเบียนได้เลยครับ 
👉 ID Line: @vip-bonus99 (แอดมินดูแล 24 ชม.)"
spam,"🚨ประกาศด่วน! สำหรับสมาชิกในกลุ่มทุกท่านค่ะ ตอนนี้ทางบริษัทเปิดรับสมัครงานพาร์ทไทม์ออนไลน์ กดไลค์กดแชร์สินค้า/กดรับออเดอร์ เพื่อโปรโมตสินค้าใน Shopee/Lazada 
💰 **รายได้วันละ 500 - 1,500 บาท** (ถอนเงินได้จริงทันที) 
- ไม่ต้องมีประสบการณ์ 
- ทำผ่านมือถือได้ 100% 
- รับจำนวนจำกัดแค่วันละ 10 คนเท่านั้น!

สนใจอยากมีรายได้เสริม แอดไลน์ส่วนตัวมาสอบถามแอดมินโดยตรงได้เลยค่ะ 
👉 **Line ID: @admin_rich99** (มี @ด้วยนะคะ)"
spam,"🎉ประกาศด่วน! กิจกรรมพิเศษฉลองครบรอบ แจกทุนฟรี 500 บาท สำหรับสมาชิกใหม่เท่านั้น! 
👉 เพียงกดรับสิทธิ์และแอดไลน์ส่วนตัวของแอดมิน เพื่อรับ User เล่นเกม/กดรับออเดอร์สร้างรายได้ง่ายๆ ถอนได้จริง 100% 
📲 สนใจคลิกim.regis/N9DX หรือทัก Line ID: @admin_vip88 เพื่อรับเครดิตฟรีทันที (จำนวนจำกัด!)"
spam,"🎉 ฉลองครบรอบกลุ่ม! แจกทุนเล่นเกมและมือถือรุ่นใหม่ล่าสุดฟรี! 📱✨
สำหรับสมาชิกในกลุ่มนี้เท่านั้น! แค่มีมือถือเครื่องเดียวก็รับเงินเข้าบัญชีได้วันละ 500 - 2,000 บาท 
🔥 งานง่ายๆ แค่กดรับออเดอร์สินค้า ไม่ต้องมีประสบการณ์ มีสอนงานฟรี ถอนเงินได้จริง!

👇 รีบด่วน! สิทธิ์มีจำนวนจำกัด สนใจคลิกแอดไลน์ส่วนตัวแอดมินเพื่อรับสิทธิ์ได้เลยค่ะ
Line ID: @admin-vip99 (ใส่ @ ด้านหน้าด้วยนะคะ)"
spam,"🎉ประกาศด่วน! กิจกรรมพิเศษฉลองครบรอบ แจกทุนฟรี 500 บาท สำหรับสมาชิกใหม่เท่านั้น! 
👉 เพียงกดเพิ่มเพื่อนกับแอดมิน แล้วพิมพ์คำว่า ""รับเงินฟรี"" ส่งเข้ามาทางไลน์ส่วนตัว 
⚠️ สิทธิ์มีจำนวนจำกัด วันนี้วันเดียวเท่านั้น! แอดไลน์เลย: @admin_lucky99"
spam,"🔥ด่วน! รับสมัครคนช่วยกดออเดอร์คอนเฟิร์มสินค้าออนไลน์ รายได้ 500-1,500 บาท/วัน ถอนเงินได้จริง ไม่จำกัดอายุ สนใจงานพิมพ์ ""สนใจ"" หรือคลิกแอด Line ส่วนตัวของแอดมินเพื่อรับลิงก์ทำงานได้เลยค่ะ: [Line ID: @admin_job99] รับจำนวนจำกัดนะคะ! 💸✨"
spam,"🎉 แจกจริง! กิจกรรมพิเศษฉลองครบรอบ แจกทุนฟรี 500 บาททุกวัน! 
เพียงแค่กดเพิ่มเพื่อนและพิมพ์คำว่า ""รับเงิน"" ส่งมาที่ Line ID: @vip-admin99 
ด่วน! สิทธิ์มีจำนวนจำกัด คลิกเลย 👉 https://lin.ee/example"
spam,"🔥เปิดรับสมัครด่วน! หน้าม้ากดรับออเดอร์สินค้าออนไลน์ การันตีรายได้ 500-1,500 บาท/วัน ถอนเงินได้จริง ไม่จำกัดเพศและวัย สนใจงานพิมพ์ ""สนใจ"" หรือคลิกแอด Line ส่วนตัวของแอดมินเพื่อรับลิงก์ทำงานได้เลยค่ะ LINE ID: @admin-vip99 (รับจำนวนจำกัด)"
spam,"📢ด่วน! สำหรับสมาชิกในกลุ่มนี้เท่านั้น ระบบสุ่มแจกทุนทำกิจกรรมฟรี 500 บาท! 
ไม่ต้องฝากก่อน แค่แอดไลน์ส่วนตัวของแอดมินแล้วพิมพ์ว่า ""รับสิทธิ์"" 
งานง่ายๆ กดไลก์ กดหัวใจ รับรายได้วันละ 300-800 บาท ถอนได้จริง 
👉 สนใจคลิกแอดไลน์ส่วนตัวของแอดมินได้เลยค่ะ (จำนวนจำกัดวันละ 10 คนเท่านั้น)"
spam,"🚨ด่วนที่สุด! เบอร์มือถือของคุณได้รับสิทธิ์ ""รับเงินสดฟรี 5,000 บาท"" จากกิจกรรมแจกโบนัสประจำวัน การันตีได้รับจริง 100% 
👉 สำหรับสมาชิกในกลุ่มนี้เท่านั้น! 
📱 สนใจรับเงินด่วน แอดไลน์ส่วนตัวของแอดมินเพื่อรับ User และกดรับยอดได้เลย (สิทธิ์มีจำนวนจำกัด หมดเขตภายใน 2 ชั่วโมงนี้เท่านั้น)
คลิกแอดไลน์: [ใส่ลิงก์ LINE แอดมินปลอม]"
spam,"ยินดีด้วย! คุณได้รับสิทธิ์รับโทรศัพท์มือถือและเงินรางวัล 5,000 บาทฟรี! เพียงกดเพิ่มเพื่อนทางไลน์แล้วทักหาแอดมินเพื่อรับสิทธิ์ด่วน จำนวนจำกัด @line123"
spam,"🚨ด่วน! สำหรับคนต้องการเงินด่วน หมุนเงินไม่ทันติดเครดิตบูโรก็กู้ได้! 
สินเชื่อเงินสดอนุมัติไว 5,000 - 500,000 บาท ไม่เช็คประวัติ ไม่ต้องมีคนค้ำ ทั้งเจ้าของบ้านและผู้เช่ากู้ได้จริง 100% 
เคสไหนเคยโดนปฏิเสธจากที่อื่นมา ที่นี่เราช่วยดันทุกเคสผ่านแน่นอน! 
สนใจรับวงเงิน หรือปรึกษาฟรี แอด LINE ส่วนตัวของเจ้าหน้าที่ได้เลยครับ 
👉 ID Line: @loan-1956 (มี @ ด้วยนะ) หรือจิ้มลิ้งก์นี้เพื่อคุยกับแอดมินโดยตรง: https://lin.ee/example"
spam,"📢ประกาศด่วนจากทางกลุ่ม! สำหรับสมาชิกที่อยู่ในกลุ่มมานานและใช้งานActiveสม่ำเสมอ วันนี้ทางผู้บริหารใจดีแจกทุนและโทรศัพท์มือถือรุ่นใหม่ฟรี! 🎁📱 จำนวนจำกัดเพียง 50 สิทธิ์เท่านั้น 

รีบทักแอดมินส่วนตัวเพื่อยืนยันรับสิทธิ์ก่อนหมดเขตวันนี้! แอดไลน์รับสิทธิ์ด่วน: @admin_vip888 (คลิกเลย)"
spam,"📢ประกาศด่วนจากแอดมิน! แจกทุนฟรี 5,000 บาท และแพ็กเกจท่องเที่ยวต่างประเทศ สำหรับสมาชิกในกลุ่ม LINE นี้เท่านั้น! 
สิทธิ์สุดท้ายแล้ว ใครอยากได้เงินใช้ฟรีๆ หรือหารายได้เสริมวันละ 500-1,000 บาท แค่กดรับออเดอร์ง่ายๆ ไม่ต้องมีประสบการณ์ 
รีบแอดไลน์ส่วนตัวของแอดมินด่วน ก่อนเต็มจำนวนจำกัด! 👉 [คลิกเพิ่มเพื่อนเพื่อรับสิทธิ์เลย]"
spam,"🚨ด่วน! รับสมัครคนช่วยกดออเดอร์คอนเฟิร์มสินค้าออนไลน์ รายได้ 500-1,500 บาท/วัน ถอนเงินได้จริง ไม่จำกัดเพศและวัย สนใจงานกดคลิกแอด Line ส่วนตัวของแอดมินเพื่อรับลิงก์ทำงานได้เลยค่ะ 👉 Line ID: @admin_job99 (รับจำนวนจำกัดวันนี้เท่านั้น)"
spam,"⚠️ด่วน! กิจกรรมพิเศษฉลองครบรอบ แจกเงินฟรี 500 บาทเข้าบัญชีทันที ไม่ต้องฝากก่อน! 
เพียงแค่กดเพิ่มเพื่อนกับAdminสาวสวยของเรา แล้วพิมพ์คำว่า ""รับเงินฟรี"" ส่งมาทางแอดไลน์ส่วนตัว ก็รับสิทธิ์ได้เลยทันที! 
👉 สนใจคลิกแอดไลน์ด่วน (สิทธิ์มีจำนวนจำกัด): https://lin.ee/example"
spam,"🎉ยินดีด้วยค่ะคุณได้รับสิทธิ์พิเศษ! บัตรชมภาพยนตร์ฟรี 2 ที่นั่ง นาน 1 ปีเต็ม ดูได้ทุกเรื่องทุกรอบฟรี! (Superman, The Matrix, Star Wars และอื่นๆ) จำนวนจำกัดเพียง 10 ท่านแรกเท่านั้น! 
สนใจรับสิทธิ์กดเพิ่มเพื่อนและทักแอดมินเพื่อรับโค้ดส่วนลดได้เลยค่ะ 👇
https://line.me/ti/p/@scam_example"
spam,"🎉 ยินดีด้วยค่ะคุณคือผู้โชคดีประจำสัปดาห์นี้! ได้รับสิทธิ์รับเงินรางวัล 1,450 บาทฟรีๆ ถอนได้จริง ไม่ต้องลงทุน กดรับสิทธิ์ด่วนจำนวนจำกัด แอด Line ส่วนตัวมาที่ @admin999 เพื่อรับเงินรางวัลกับแอดมินได้เลยค่ะ 💸✨"
spam,"🎉 ยินดีด้วยค่ะ! สมาชิกในกลุ่มนี้ทุกท่านได้รับสิทธิ์ลุ้นรับ iPhone 15 Pro Max และทองคำแท่งฟรี! มูลค่ารวมกว่า 50,000 บาท 🎁
กติกาง่ายๆ เพียงแค่คลิกแอดไลน์ส่วนตัวของแอดมิน เพื่อรับลิงก์ลงทะเบียนรับของรางวัลได้ทันทีค่ะ 
👇 รีบด่วน! สิทธิ์มีจำนวนจำกัด คลิกเลย: [แอดไลน์รับสิทธิ์ฟรี]"
spam,"🔥ด่วน! รับสมัครคนช่วยกดออเดอร์คอนเฟิร์มสินค้าออนไลน์รายได้ดี วันละ 500-1,500 บาท ถอนเงินได้จริง ไม่จำกัดอายุ สนใจงานพิมพ์ ""สนใจ"" หรือคลิกเพิ่มเพื่อนเพื่อรับลิงก์ทำงานกับแอดมินโดยตรง Line ID: @vip999 (รับจำนวนจำกัด)"
spam,"🎉ยินดีด้วยค่ะ! คุณได้รับสิทธิ์เข้าร่วมกิจกรรมพิเศษ แจกทุนฟรี 500 บาท สำหรับสมาชิกกลุ่มเราเท่านั้น! 

💸 ไม่ต้องลงทุน แค่กดรับออเดอร์สินค้าออนไลน์กับทางเรา ถอนเงินได้จริง 100% 

👉 รีบด่วน! สิทธิ์มีจำนวนจำกัด สนใจคลิกแอดไลน์ส่วนตัวของแอดมินเพื่อรับ User และรหัสผ่านเข้ากลุ่มงานได้เลยค่ะ: 
Line ID: @admin_lucky99 (ใส่ @ ด้วยนะคะ)"
spam,"🚨ประกาศด่วน! เบอร์มือถือของคุณได้รับสิทธิ์รับเงินโบนัสพิเศษ 2,000 บาท ฟรี! (ติดต่อครั้งที่ 2 แล้ว อย่าปล่อยให้สิทธิ์หลุดมือ) 
📲 สนใจรับเงินเข้าบัญชีทันที หรือสมัครงานกดรับออเดอร์รายได้วันละ 500-1,000 บาท แอดไลน์ส่วนตัวแอดมินมาได้เลยค่ะ 
👉 ID Line: @vip-bonus99 (รับจำนวนจำกัด)"
spam,"🎉 กิจกรรมพิเศษฉลองครบรอบ! แจกเครดิตเงินฟรี 3,000 บาท 💸 
เพียงแค่กดเพิ่มเพื่อนทาง LINE แล้วส่งคำว่า ""รับเงิน"" มาที่แอดมินของเรา รับสิทธิ์ได้ทันที (จำกัด 50 สิทธิ์แรกของวันนี้เท่านั้น!) 
👉 สนใจคลิกแอดไลน์ส่วนตัวเพื่อรับสิทธิ์: [ใส่ลิงก์ LINE]"
spam,"🚨 ด่วน! แจ้งสิทธิพิเศษสำหรับสมาชิกในกลุ่มนี้เท่านั้น! 
คุณได้รับสิทธิ์รับเงินโบนัสฟรี 3,000 บาท จะโอนเข้าบัญชีภายใน 24 ชม.นี้! 
(เงื่อนไขเป็นไปตามที่บริษัทกำหนด) 
รีบกดเพิ่มเพื่อนรับสิทธิ์ด่วน จำนวนจำกัด! 
👉 สนใจคลิก Line OA ส่วนตัวของแอดมินเพื่อยืนยันตัวตนได้เลยครับ: [@admin_free99]"
spam,"✨ประกาศด่วน! สมาชิกทุกท่านในกลุ่มนี้ค่ะ 📢
ระบบได้สุ่มรายชื่อผู้โชคดีประจำเดือน ที่มียอดสะสมครบถ้วน 
คุณได้รับสิทธิ์รับเงินสนับสนุนฟรี 8,000 บาท 💸✨
(รหัสยืนยันรับสิทธิ์: 41782) 
⚠️ สิทธิ์นี้มีจำนวนจำกัดและจะหมดเขตภายในวันนี้ เวลา 23:59 น. เท่านั้น!

สำหรับท่านที่ต้องการรับเงินเข้าบัญชีทันที หรือสนใจหารายได้เสริมกดรับออเดอร์ง่ายๆ วันละ 500-1,000 บาท 
👉 กรุณาแอด LINE ส่วนตัวของแอดมินเพื่อรับลิงก์กดรับเงินได้เลยค่ะ 
Line ID: @admin_vip99 (มี @ ด้วยนะคะ)"
spam,"🔥ด่วน! รับสมัครคนช่วยกดรับออเดอร์สินค้าออนไลน์ คอนเฟิร์มยอดรับเงินสดทันที 500-1,500 บาท/วัน 💰 
- ทำที่บ้านได้ แค่มีมือถือเครื่องเดียว 📱
- ไม่จำกัดเพศและวัย (อายุ 18 ปีขึ้นไป)
- ถอนเงินได้จริง ไม่เสียค่าสมัครใดๆ ทั้งสิ้น 💯

สนใจทำงานกดเพิ่มเพื่อนแล้วทักหาแอดมินด่วน รับจำนวนจำกัด:
👉 Line ID: @123scam (ใส่ @ ด้วยนะ)"
spam,"🔥ด่วน! แจกจริงไม่ต้องลุ้น🔥 สำหรับสมาชิกใหม่ในกลุ่มนี้เท่านั้น! รับเครดิตเงินฟรี 1,000 บาท ไปต่อยอดลงทุนสร้างรายได้วันละ 500-1,500 บาทง่ายๆ แค่กดรับออเดอร์สินค้าผ่านมือถือ ไม่ต้องมีประสบการณ์ 

⚠️ สิทธิ์นี้จำกัดแค่ 12 ชั่วโมงแรกเท่านั้น! 
👉 สนใจรับเงินฟรีและเริ่มงานทันที แอดไลน์ส่วนตัวแอดมินมาได้เลยค่ะ: [ใส่ลิงก์ LINE] (ด่วน! มีจำนวนจำกัด)"
spam,"🎉ยินดีด้วยค่ะคุณได้รับสิทธิ์รับเงินสด 1,000 บาท หรือเลือกรับทองคำฟรี! จากกิจกรรมแจกโบนัสพิเศษในกลุ่มเรา รีบด่วน! สิทธิ์มีจำนวนจำกัด สนใจคลิกแอดไลน์ส่วนตัวเพื่อรับเครดิตฟรีกับแอดมินได้เลยค่ะ 📲 Line ID: @vip888thai"
spam,"🚨ด่วน! กิจกรรมพิเศษฉลองครบรอบ แจกเงินฟรี 5,000 บาท จำนวนจำกัดเพียง 20 สิทธิ์เท่านั้น! 

🎁 เพียงแค่คุณเป็นสมาชิกในกลุ่มนี้ มีสิทธิ์รับเงินเข้าบัญชีทันที ไม่ต้องลงทุน ไม่เสียค่าใช้จ่ายใดๆ ทั้งสิ้น!

👉 สนใจรับเงินฟรี แอด Line ส่วนตัวของแอดมินเพื่อยืนยันตัวตนและรับยอดได้เลยค่ะ (Line ID: @admin_lucky99) รีบด่วนก่อนเต็มจำนวนนะคะ!"
spam,ด่วน! แจกฟรีทุนทำ100บาท ถอนได้จริง ไม่ต้องฝาก แค่กดรับสิทธิ์แอดไลน์ส่วนตัวแอดมินมารับยอดได้เลยค่ะ จำนวนจำกัดวันละ 50 คนเท่านั้น สนใจคลิกแอดไลน์ด่วน!
spam,"🎉ประกาศด่วน! กิจกรรมพิเศษสำหรับสมาชิกในกลุ่ม LINE นี้เท่านั้น! แจกทุนฟรี 500 บาท เพื่อใช้ช้อปปิ้งออนไลน์ หรือกดรับออเดอร์สร้างรายได้เสริมวันละ 500-1,000 บาท ถอนได้จริง ไม่จำกัดจำนวนครั้ง! 

🎁 สิทธิ์มีจำนวนจำกัด เพียงพิมพ์คำว่า ""สนใจ"" ใต้โน้ตนี้ หรือรีบทักแอดมินส่วนตัวเพื่อรับสิทธิ์ด่วน! 
👉 แอดไลน์ส่วนตัวคลิกเลย: [ใส่ลิงก์ไลน์แอบอ้าง]
(รับจำนวนจำกัดเพียง 20 ท่านแรกเท่านั้น รีบเลย!)"
spam,"🚨ประกาศด่วน! กิจกรรมพิเศษฉลองครบรอบกลุ่ม แจกเงินขวัญถุง 2,000 บาทฟรี! สำหรับสมาชิก 10 ท่านแรกเท่านั้น ไม่ต้องลงทุน แค่กดรับสิทธิ์และแอดไลน์ส่วนตัวหาแอดมินเพื่อรับเงินสดเข้าบัญชีได้ทันที! 
👉 สนใจรับสิทธิ์พิมพ์ ""สนใจ"" หรือคลิก Line ส่วนตัวแอดมิน: @admin_lucky99 (สิทธิ์มีจำนวนจำกัด)"
spam,"🚨ประกาศด่วน! สมาชิกกลุ่มทุกท่าน ระบบได้ทำการสุ่มแจกโบนัสพิเศษ มูลค่า 8,000 บาท ประจำรอบเดือนนี้ ยอดคงเหลือในบัญชีของคุณมีสิทธิ์รับเงินสนับสนุนฟรี! รีบติดต่อแอดมินส่วนตัวเพื่อยืนยันรับสิทธิ์ด่วน (สิทธิ์มีจำนวนจำกัด หมดเขตวันนี้เวลา 23:59 น.) แอดไลน์รับเครดิตฟรีคลิก: @admin888vip"
spam,"📢 ประกาศด่วน! แจ้งสมาชิกลงทะเบียนรับสิทธิ์เงินเยียวยาและโบนัสพิเศษฟรี 5,000 บาท ประจำวันนี้ จำนวนจำกัดเพียง 50 ท่านแรกเท่านั้น! 

สนใจกดเพิ่มเพื่อนรับสิทธิ์กับแอดมินโดยตรงที่ Line ID: @vip-bonus99 (มี @ ด้วยนะคะ) หรือคลิกลิงก์ด้านล่างเพื่อรับเครดิตฟรีทันทีค่ะ 👇"
spam,"🔥 เปิดรับสมัครด่วน! หน้าม้ากดรับออเดอร์สินค้าออนไลน์ รายได้ดี การันตีได้เงินจริง 300-1,000 บาทต่อวัน 💰
งานง่ายๆ แค่ใช้มือถือเครื่องเดียว ไม่ต้องมีประสบการณ์ (รับจำนวนจำกัดเพียง 10 คนเท่านั้นวันนี้!)
🌹 พิเศษ! สำหรับผู้ที่ทักมา 5 คนแรก รับโบนัสฟรีทันที 100 บาท 

สนใจคลิกแอด Line ส่วนตัวเพื่อรับลิงก์ทำงานกับแอดมินได้เลยค่ะ 👇
Line ID: @admin_job99 (มี @ ด้วยนะคะ)"
spam,"🚨 ด่วน! กิจกรรมพิเศษต้อนรับยูโร 2024 แจกทุนฟรี 500 บาท แค่กดรับออเดอร์สินค้าออนไลน์กับเรา ถอนเงินได้จริง 100% ไม่ต้องมีประสบการณ์ รับจำนวนจำกัดแค่วันนี้วันเดียวเท่านั้น! สนใจคลิกแอด Line ส่วนตัวของแอดมินเพื่อรับสิทธิ์ได้เลยครับ/ค่ะ 👇
Line ID: @admin_lucky99"
spam,"🔥ด่วน! เปิดรับสมัครงานออนไลน์ กดไลก์กดรับออเดอร์สินค้า รายได้วันละ 500-1,500 บาท ถอนเงินได้จริง ไม่จำกัดอายุ สนใจอยากมีรายได้เสริมทักแอดมินส่วนตัวด่วน รับจำนวนจำกัด คลิกลิงก์ไลน์นี้เลย 👉 [แอดไลน์ @xxx]"
spam,"🔥ประกาศด่วน! ยินดีด้วยค่ะ คุณได้รับสิทธิ์รับเงินสนับสนุนประจำวัน 3,500 บาท ฟรี! 
สำหรับสมาชิกในกลุ่มไลน์นี้เท่านั้น 
รีบติดต่อแอดมินส่วนตัวเพื่อรับสิทธิ์ จำนวนจำกัดเพียง 10 ท่านแรกวันนี้! 
👉 สนใจคลิกแอดไลน์ด่วน: [@xxxxxx] (ประกาศรายชื่อผู้โชคดีในแชทส่วนตัว)"
spam,🚨ประกาศด่วน! สำหรับสมาชิกทุกท่านในกลุ่มนี้เท่านั้น! แจกทุนฟรี 500 บาท สำหรับผู้ที่กดรับสิทธิ์ 100 ท่านแรกวันนี้ กิจกรรมง่ายๆ แค่กดไลก์กดกดออเดอร์สินค้าออนไลน์ ได้เงินจริง ถอนได้ทันที ไม่เสียค่าใช้จ่ายใดๆ ทั้งสิ้น สนใจรับสิทธิ์ด่วน! แอดไลน์ส่วนตัวมาที่ @admin999 (มี@ด้วย) หรือคลิกim.reg/free500 เพื่อรับเครดิตฟรีกับแอดมินได้เลยค่ะ ช้าหมดอดนะ 💸✨
spam,"📢 ด่วน! แจ้งสิทธิพิเศษสำหรับสมาชิกกลุ่ม VIP ทุกท่าน 
บัญชีของท่านมี ""คะแนนสะสมฟรี"" คงค้างอยู่ 800 คะแนน มูลค่ารวมกว่า 5,000 บาท สามารถนำมาแลกเป็นเงินสดหรือทุนทดลองเล่นเพื่อถอนออกได้ทันที! 
สิทธิ์นี้เฉพาะคนในกลุ่มนี้เท่านั้น (รหัสยืนยันสิทธิ์: 40533) หมดเขตวันนี้เวลา 23:59 น. 
สนใจรับเครดิตฟรี แอดไลน์ส่วนตัวของแอดมินเพื่อรับลิงก์รับเงินสดได้เลยค่ะ 👇
Line ID: @admin_lucky99 (รีบทักก่อนสิทธิ์เต็มนะ ⚠️)"
spam,"🎉ยินดีด้วยค่ะคุณคือผู้โชคดี ได้รับสิทธิ์รับเงินสด 5,000 บาท และทองคำมูลค่า 10,000 บาทฟรี! 

กิจกรรมพิเศษฉลองครบรอบ แจกจริงไม่มีค่าใช้จ่าย สิทธิ์มีจำนวนจำกัดนะคะ 

👇สนใจรับสิทธิ์ กดเพิ่มเพื่อน Line Official ด้านล่างนี้เพื่อรับเครดิตได้เลยค่ะ (แอดมินใจดีมาก สอนวิธีถอนเงินจนเป็นค่ะ)
Line ID: @lucky888vip (มี @ ด้วยนะคะ)"
spam,"🚨ด่วน! แจกฟรีทุนทำกิจกรรม 500 บาท สำหรับสมาชิกใหม่ในกลุ่มนี้เท่านั้น! 
👉 เพียงกดเพิ่มเพื่อนกับแอดมินสาวสวย แล้วพิมพ์คำว่า ""รับเงินฟรี"" ก็รับเครดิตไปปั่นสล็อตหรือถอนเป็นเงินสดได้ทันที 
⚠️ สิทธิ์มีจำนวนจำกัด รีบ add line ส่วนตัวมาก่อนเต็มนะจ๊ะ: @admin999 (คลิกเลย)"
spam,"สวัสดีค่ะ/ครับ ขออนุญาตประชาสัมพันธ์งานออนไลน์ค่ะ รับสมัครคนช่วยกดรับออเดอร์สินค้าคอนเฟิร์มยอด รายได้วันละ 500-1,500 บาท ไม่จำกัดเพศและวัย สนใจแอด Line มาสอบถามข้อมูลเพิ่มเติมได้ที่ ID: @admin_job99 (มี @ ด้วยนะคะ) หรือจิ้มลิ้งค์นี้ได้เลยค่ะ"
spam,"⚠️ด่วน! กิจกรรมพิเศษฉลองครบรอบ แจกเงินทุนฟรี 500 บาท สำหรับสมาชิกใหม่ในกลุ่มนี้เท่านั้น! 

ไม่ต้องฝาก ไม่ต้องแชร์ แค่กดรับสิทธิ์กับแอดมินส่วนตัว รับเงินเข้าบัญชีทันทีภายใน 3 นาที 

👉 สนใจรับสิทธิ์พิมพ์ ""สนใจ"" หรือคลิกเพิ่มเพื่อนรับเครดิตฟรีที่ลิงก์นี้เลย (จำนวนจำกัด): [LINE OA]"
spam,"สวัสดีค่ะทุกคน แอดมินขออนุญาตประชาสัมพันธ์งานเสริมนะคะ งานง่ายๆ แค่กดรับออเดอร์สินค้าในมือถือ ใช้เวลาว่างแค่ 10-15 นาที ได้เงินจริง วันนึงได้ 500-1,500 บาทค่ะ สนใจกดเพิ่มเพื่อนทักหาแอดมินส่วนตัวได้เลยนะคะ รับจำนวนจำกัดค่ะ"
spam,"🚨ด่วนที่สุด! สำหรับสมาชิกในกลุ่มนี้เท่านั้น แจกเงินทุนฟรี 500 บาท กิจกรรมกดรับออเดอร์สินค้าออนไลน์สร้างรายได้เสริม ถอนเงินได้จริง ไม่จำกัดจำนวนครั้ง สนใจรับสิทธิ์พิมพ์ ""สนใจ"" หรือแอดไลน์ส่วนตัวของแอดมินเพื่อรับลิงก์ได้เลยครับ 📲 Line ID: @admin-vip99 (จำนวนจำกัด รีบด่วน!)"
spam,"🚨ประกาศด่วน! กิจกรรมพิเศษฉลองครบรอบ แจกทุนฟรี 500 บาท สำหรับสมาชิกกลุ่มเราเท่านั้น! 
👉 เพียงคลิ็กลิงก์เพื่อยืนยันรับสิทธิ์ และแอด Line ส่วนตัวของแอดมินเพื่อรับเครดิตได้ทันที 
⚠️ สิทธิ์มีจำนวนจำกัด รีบเลยก่อนเต็ม! 
Line ID: @admin_vip99 (มี @ ด้วยนะคะ)"
spam,"📢 ด่วน! กิจกรรมพิเศษฉลองครบรอบ แจกทุนฟรี 500 บาท สำหรับสมาชิกใหม่ในกลุ่มนี้เท่านั้น! 
❌ ไม่ต้องฝาก ❌ ไม่ต้องแชร์ แค่กดรับสิทธิ์เองง่ายๆ 
👉 สนใจรับเครดิตฟรี แอด Line ส่วนตัวของแอดมินมาได้เลยค่ะ @admin_lucky99 (มี @ ด้วยนะคะ) 
รับจำนวนจำกัด หมดแล้วหมดเลย รีบด่วน! 💸✨"
spam,🔥ด่วน! รับสมัครคนช่วยกดออเดอร์สินค้าออนไลน์ คอนเฟิร์มยอดรับเงินสดทันที 300-800 บาท/วัน (ทำงานผ่านมือถือ ไม่จำกัดอายุ) สนใจแอด LINE ส่วนตัวเพื่อรับลิงก์ทำงานได้เลยค่ะ: @999job (รับจำนวนจำกัด)
spam,"ด่วน! แจ้งเตือนรอบสุดท้าย คุณได้รับสิทธิ์รับเงินเยียวยารอบใหม่ 1,250 บาท ฟรี! เนื่องจากการติดต่อครั้งที่ 2 แล้วยังไม่มารับสิทธิ์ สิทธิ์นี้จะหมดเขตวันนี้ รีบกดลิงก์เพิ่มเพื่อนกับแอดมินเพื่อรับเงินเข้าบัญชีทันที จำนวนจำกัด! 
👉 แอด Line ID: @vip123 (คลิกเลย)"
spam,"🔥🎉 ยินดีด้วยค่ะคุณได้รับสิทธิ์พิเศษ! ผู้โชคดีในกลุ่ม LINE นี้ รับเงินสด 1,000 บาท หรือเลือกรับทองคำมูลค่า 2,000 บาท ฟรีทันที! 

🎁 กิจกรรมแจกจริงไม่มีค่าใช้จ่าย เพียงกดเพิ่มเพื่อนกับแอดมินสาวสวย แล้วพิมพ์คำว่า ""รับโชค"" เพื่อรับลิงก์รับเงินเข้าบัญชีได้เลยค่ะ 

👉 รีบด่วน! สิทธิ์มีจำนวนจำกัด (เปิดรับถึง 1 ทุ่มวันนี้เท่านั้น)
📱 แอดไลน์ส่วนตัวเพื่อรับรางวัล: @vip999_lucky (คลิกเลย)"
spam,"🔥ด่วน! เปิดรับสมัครแอดมินแพ็คสินค้าและกดรับออเดอร์ออนไลน์ รายได้ 500-1,500 บาท/วัน ถอนเงินได้จริง ไม่จำกัดเพศและวัย สนใจงานคลิกแอด LINE ส่วนตัวเพื่อรับลิงก์ลงทะเบียนรับโบนัสฟรี 100 บาททันที: @admin_vip99"
spam,"🎉ประกาศด่วน! กิจกรรมคืนกำไรให้สมาชิกในกลุ่ม LINE🎉 แจกฟรี! โทรศัพท์มือถือรุ่นใหม่ล่าสุด และทุนทำ10,000 บาท สำหรับ 10 ท่านแรกที่กดเพิ่มเพื่อนและทักแอดมินมารับสิทธิ์ ด่วน! สิทธิ์มีจำนวนจำกัด คลิกแอดไลน์ส่วนตัวเพื่อรับเครดิตฟรีได้เลยครับ/ค่ะ ➡️ [Line ID: @admin999]"
spam,"🔥ด่วน! กิจกรรมพิเศษฉลองครบรอบ 5 ปี แจกทุนสนับสนุนฟรี 500 บาท! 
💥เพียงแค่กดไลก์ กดรับออเดอร์สินค้าออนไลน์กับเราวันละ 10 นาที รับรายได้วันละ 300-1,000 บาท ถอนได้จริง ไม่จำกัดจำนวนครั้ง!
👉สนใจรับเงินฟรีและสร้างรายได้เสริม แอดไลน์ส่วนตัวของแอดมินเพื่อรับสิทธิ์ได้เลยค่ะ (จำนวนจำกัด)
ID Line: @admin_vip99 (มี @ด้วยนะคะ)"
spam,"ว่างงานอยู่ห่างไกล อยากมีรายได้เสริมวันละ 500-1,500 บาทไหมคะ? แค่กดไลก์กดรับออเดอร์สินค้าในมือถือ ถอนเงินได้จริง สนใจแอดไลน์ส่วนตัวมาสอบถามข้อมูลกับแอดมินได้เลยค่ะ ID: @admin999"
spam,📢 แจ้งด่วนจาก Admin กลุ่ม! สำหรับสมาชิกทุกท่าน วันนี้เรามีกิจกรรมพิเศษแจกทุนฟรี 500 บาท สำหรับท่านที่สนใจหารายได้เสริม กดรับออเดอร์ออนไลน์ง่ายๆ วันละ 300-800 บาท สนใจคลิกแอด Line ส่วนตัวเพื่อรับสิทธิ์ได้เลยครับ จำนวนจำกัด!
spam,"✨ประกาศด่วน! กิจกรรมฉลองครบรอบ แจกแพ็กเกจเที่ยวปารีส ฝรั่งเศส ฟรี! 2 วัน 2 คืน (รวมตั๋วเครื่องบิน) จำนวนจำกัดเพียง 5 สิทธิ์เท่านั้น! ✈️🇫🇷 
ไม่ต้องลุ้น แค่คลิกแอดไลน์แอดมินส่วนตัวเพื่อรับสิทธิ์และยืนยันตัวตนได้เลยตอนนี้! 
👉 สนใจคลิกแอด LINE: [ใส่ลิงก์สแคมม์] (ด่วน! สิทธิ์หมดเขตวันนี้เท่านั้น เงื่อนไขเป็นไปตามที่บริษัทกำหนด)"
spam,"🚨ด่วน! แจ้งเตือนสมาชิกทุกท่านในกลุ่มนี้🎉 
คุณได้รับสิทธิพิเศษรับเงินสดฟรี 5,000 บาท (โควตาส่วนเกินจากกิจกรรมเมื่อวาน) แต่ยังไม่ได้กดรับสิทธิ์! 
สิทธิ์นี้จะหมดเขตภายในวันนี้เวลา 23.00 น. เท่านั้น! 

👉 วิธีรับเงินเข้าบัญชี:
1. แอดไลน์ส่วนตัวของแอดมินเพื่อยืนยันตัวตน
2. แจ้งรหัสรับสิทธิ์: ""VIP999""
3. รอรับเงินโอนเข้าบัญชีภายใน 3 นาที

⚠️ (เนื่องจากมีผู้สละสิทธิ์จำนวนมาก แอดมินจึงนำมาแจกต่อในกลุ่มนี้ 선착순 선착순 ใครทักก่อนได้ก่อนค่ะ!) 

👉 สนใจคลิกแอดไลน์ด่วน (หรือจิ้มลิงก์ที่โปรไฟล์แอดมิน): https://line.me/ti/p/~admin_lucky99"
spam,"📢ด่วน! เปิดรับสมัครงานพาร์ทไทม์ กดไลก์กดรับออเดอร์สินค้าออนไลน์ 🛍️
✨ ทำง่ายๆ แค่ใช้มือถือ รายได้ 500-1,500 บาท/วัน 
🎁 พิเศษ! วันนี้แจกเครดิตเงินฟรี 300 บาท สำหรับผู้ที่สนใจร่วมกลุ่มกับเรา
👇 สนใจงานคลิกแอดไลน์ส่วนตัวเพื่อรับสิทธิ์ด่วน (รับจำนวนจำกัด)
Line ID: @admin_vip99 (มี @ ด้วยนะคะ)"
spam,"แจ้งด่วน! สมาชิกทุกท่านในกลุ่มนี้มีสิทธิ์รับเงินโบนัสพิเศษ 5,000 บาท ฟรี! เนื่องจากกลุ่มของเราได้รับการคัดเลือกจากระบบ รีบAdd Line ส่วนตัวของแอดมินเพื่อรับสิทธิ์ด่วน จำนวนจำกัด LINE ID: @vip888thai (คลิก ⏩ https://lin.ee/example)"
spam,"📌เปิดรับสมัครด่วน! งานแพ็คสินค้า/กดรับออเดอร์ออนไลน์ สร้างรายได้เสริมวันละ 500-1,500 บาท ถอนเงินได้จริง ไม่จำกัดเพศและวัย สนใจพิมพ์ ""สนใจ"" หรือคลิกแอดไลน์ส่วนตัวของแอดมินเพื่อรับโบนัสฟรี 100 บาทได้เลยครับ 👇
Line ID: @admin_job99"
spam,"📢ประกาศด่วนจากทางแอดมินค่ะ! 
สำหรับสมาชิกในกลุ่มทุกท่าน วันนี้เรามีกิจกรรมพิเศษแจกทุนฟรี 500 บาท เพื่อเป็นการต้อนรับสมาชิกใหม่และคืนกำไรให้สมาชิกเก่าค่ะ🎉
👉 เงื่อนไขง่ายๆ เพียงแค่แอด LINE ส่วนตัวของแอดมิน แล้วพิมพ์คำว่า ""รับทุนฟรี"" ก็รับเครดิตไปปั่นกันได้เลยฟรีๆ ไม่มีเงื่อนไข!
🔥 ใครสนใจอยากมีรายได้เสริมวันละ 500-1,000 บาทจากการกดรับออเดอร์สินค้าออนไลน์ ทักแอดมินด่วน จำนวนจำกัดแค่ 20 ท่านแรกเท่านั้นค่ะ! 
👇คลิกแอดไลน์รับสิทธิ์ด้านล่างนี้ได้เลยค่ะ
[Line ID: @admin_lucky99]"
spam,"🔥 แจกฟรี! มือถือกล้องเทพ 5G รุ่นใหม่ล่าสุด 📱✨
ขอบคุณสมาชิกลอยัลตี้ทุกท่านที่อยู่กับเรามานาน กิจกรรมพิเศษวันนี้แจกจริง 50 เครื่องเท่านั้น! 
❌ ไม่ต้องจ่ายค่าเครื่อง ❌ ไม่เสียค่าส่ง

👉 เพียงเพิ่มเพื่อนและทัก LINE ส่วนตัวของแอดมิน เพื่อรับสิทธิ์ก่อนสินค้าหมดเขต 14 มีนาคมนี้เท่านั้น!
คลิกแอดไลน์ด่วน 👉 [ลิงก์ปลอม]"
spam,"🚨ด่วน! กิจกรรมพิเศษฉลองครบรอบ แจกทุนทดลองเล่นฟรี 500 บาท สำหรับสมาชิกใหม่กลุ่มเราเท่านั้น! ไม่ต้องแชร์ ไม่ต้องฝากก่อน ถอนได้จริง 100% 
👉 เพียงคลิกเพิ่มเพื่อนกับแอดมินสาวสวย แล้วพิมพ์คำว่า ""รับทุนฟรี"" เพื่อรับสิทธิ์ได้เลยตอนนี้ (สิทธิ์มีจำนวนจำกัด!) 
👇 แอด Line ส่วนตัวของแอดมินตรงนี้ (รีบด่วนก่อนเต็ม):
https://lin.ee/example"
spam,"🎉 แจกฟรี! ทุนเทรด 1,000 บาท สำหรับสมาชิกใหม่กลุ่มเราเท่านั้น! 
💰 ไม่ต้องฝากก่อน แค่กดรับสิทธิ์แล้วแอด LINE ส่วนตัวของแอดมินเพื่อรับยูสเซอร์ได้เลย
👉 LINE ส่วนตัว: @admin_lucky99 (มี @ ด้วยนะ)
✨ งานง่ายๆ แค่กดรับออเดอร์สินค้าในมือถือ ได้เงินจริง ถอนได้ทันที วันละ 500-1,500 บาท รีบด่วน! สิทธิ์มีจำนวนจำกัด ชวนเพื่อนมาทำด้วยกันได้เงินเพิ่มอีก!"
spam,"🎉ยินดีด้วยค่ะคุณได้รับสิทธิ์รับเงินสนับสนุนฟรี 1,000 บาท! 💸 
เนื่องในโอกาสครบรอบกลุ่มของเรา เพียงแค่กดเพิ่มเพื่อนและทักแอดมินเพื่อรับยอดเงินเข้าบัญชีได้ทันที! 
👉 สนใจคลิกเลย: [ลิงก์ไลน์ปลอม] 
⚠️ (จำกัด 50 สิทธิ์แรกเท่านั้น ห้ามพลาดเด็ดขาด!)"
spam,"🎉ยินดีด้วยค่ะคุณได้รับสิทธิ์ลุ้นรับเงินสด 5,000 บาท และโบนัสกดรับออเดอร์สินค้าฟรีทุกวัน! 
รายได้เสริมวันละ 500-1,500 บาท ถอนเงินได้จริง ไม่จำกัดจำนวนครั้ง สนใจคลิกแอด Line ส่วนตัวเพื่อรับกิจกรรรมพิเศษได้ที่: https://lin.ee/example (รับจำนวนจำกัดเพียง 20 ท่านแรกเท่านั้นค่ะ)"
spam,"🎉ยินดีด้วยค่ะคุณได้รับสิทธิ์รับเงินรางวัลพิเศษ 3,000 บาทจากกิจกรรมดันโพสต์ เพียงกดเพิ่มเพื่อนรับออฟชั่นพิเศษและเริ่มทำงานกดรับออเดอร์สร้างรายได้วันละ 500-1,500 บาท สนใจคลิกแอดไลน์ด่วน @admin999 (จำนวนจำกัด)"
spam,🚨ด่วน! แจกฟรีทุนทำกิจกรรมออนไลน์ 500 บาท ถอนได้จริง ไม่ต้องฝากก่อน รับสิทธิ์ได้เลยตอนนี้จำนวนจำกัด แอด Line ส่วนตัวเพื่อรับเครดิตฟรีกับแอดมินโดยตรงที่ @admin999 (คลิกเลย: https://lin.ee/example)
spam,"🚨ด่วน! กิจกรรมพิเศษแจกเงินฟรี 500 บาท สำหรับสมาชิกใหม่ในกลุ่มนี้เท่านั้น! 
กดรับสิทธิพิเศษและทำภารกิจกดไลก์กดรับออเดอร์ถอนเงินได้จริง 
⚠️โควตานี้มีจำนวนจำกัด สนใจคลิกแอด LINE ส่วนตัวของแอดมินเพื่อรับเครดิตฟรีได้เลยครับ: [ใส่ลิงก์ไลน์]"
spam,"🎉ยินดีด้วยค่ะคุณได้รับสิทธิ์ลุ้นรับเงินสด 1,000 บาทฟรี! จากกิจกรรมฉลองครบรอบกลุ่ม LINE ของเรา รีบแอดไลน์ส่วนตัวของแอดมินเพื่อรับรางวัลได้เลยค่ะ จำนวนจำกัด LINE ID: @admin_lucky99 (หรือคลิก ➡️ https://lin.ee/fake123) ด่วน! ก่อนสิทธิ์จะเต็มนะคะ"
spam,"🔥ด่วน! แจกจริงไม่ต้องลุ้น รับเงินเข้าบัญชีทันที 500 บาท! 💸 
สำหรับสมาชิกกลุ่มนี้เท่านั้น เพียงกดคลิกลิงก์เพื่อยืนยันรับสิทธิ์พิเศษประจำสัปดาห์นี้ 👇
🔗 https://www.e-tlp.co.uk/expressoffer 
(สิทธิ์มีจำนวนจำกัด รีบด่วนก่อนเต็ม แอดไลน์ส่วนตัวหาแอดมินเพื่อรับยอดได้เลยค่ะ)"
spam,"🔥ด่วน! เปิดรับสมัครหน้าม้ากดไลก์กดออเดอร์สินค้าออนไลน์รายวัน อายุ 20 ปีขึ้นไป ทำผ่านมือถือแค่ 10-15 นาที รับเงินทันที 500-1,000 บาท/วัน (รับจำนวนจำกัดเพียง 10 คนเท่านั้นวันนี้) สนใจคลิกแอด LINE ส่วนตัวเพื่อรับงานได้เลยค่ะ 👇
Line ID: @admin_job99 (มี@ด้วยนะคะ)"
spam,🚨ด่วน! แจกฟรีทุนทำกิจกรรมออนไลน์ 750 บาท ถอนได้จริงไม่ต้องฝาก แค่กดรับออเดอร์สินค้าผ่านมือถือ 5 นาที ได้เงินจริง สนใจกดแอดไลน์ส่วนตัวรับสิทธิ์ด่วนจำนวนจำกัด 👉 [คลิก]
spam,🎉 แจกฟรีทุนทดลองเล่น 500 บาท! สำหรับสมาชิกใหม่กลุ่มเราเท่านั้น ไม่ต้องฝากก่อน แค่กดไลก์กดแชร์รับโบนัสทันที สนใจคลิกแอด LINE ส่วนตัวของแอดมินเพื่อรับสิทธิ์ด่วน จำนวนจำกัด @admin999
spam,"🚨ประกาศด่วน! สำหรับสมาชิกในกลุ่มนี้เท่านั้น แจกจริงไม่ต้องลุ้น! 
🎁 รับสิทธิ์ลุ้นแพ็กเกจเที่ยวภูเก็ตสุดหรู 3 วัน 2 คืน พร้อมที่พัก 5 ดาว หรือเลือกรับเงินสด 10,000 บาท ฟรีทันที! 
🎉 สิทธิ์พิเศษสำหรับคนว่างงาน หรือต้องการหารายได้เสริมวันละ 500-1,500 บาท แค่กดรับออเดอร์สินค้าผ่านมือถือ ไม่จำกัดอายุ (18 ปีขึ้นไป) ถอนเงินได้จริง 

👉 สนใจรับสิทธิ์จำนวนจำกัด แอดไลน์ส่วนตัวของแอดมินเพื่อรับลิงก์ลงทะเบียนรับเงินได้เลยค่ะ: [ใส่ไอดีไลน์/คลิกลิงก์]"
spam,"🚨 แจ้งด่วน! กิจกรรมพิเศษฉลองครบรอบ แจกเครดิตเงินฟรี 3,000 บาท จำนวนจำกัดเพียง 50 ท่านแรกเท่านั้น! 
👉 เงื่อนไขง่ายๆ เพียงกดเพิ่มเพื่อนรับสิทธิ์กับแอดมินสาวสวยทาง Line OA ได้เลยตอนนี้
คลิกเลย: https://lin.ee/example (หรือID: @admin99) 
*รีบด่วน สิทธิ์เต็ม 50 คนแรกตัดจบกิจกรรมทันที!"
spam,"🔥ด่วน! รับสมัครคนช่วยกดออเดอร์สินค้าออนไลน์ คอนเฟิร์มยอดรับเงินสดทันที วันละ 500-1,500 บาท ไม่จำกัดเพศและวัย ไม่ต้องมีประสบการณ์ (รับจำนวนจำกัด) สนใจแอด LINE ส่วนตัวเพื่อรับลิงก์ทำงานได้เลยค่ะ ID: @job999"
spam,"🎉ยินดีด้วยค่ะคุณคือผู้โชคดี ได้รับสิทธิ์รับเงินสด 5,000 บาท หรือของรางวัลปริศนาฟรี! (จำกัดเพียง 10 สิทธิ์เท่านั้น) เพียงกดเพิ่มเพื่อนและส่งคำว่า ""สนใจ"" มาที่ Line ID: @vip888th เพื่อรับเครดิตฟรีและเริ่มทำภารกิจกดรับออเดอร์สร้างรายได้วันละ 500-1,500 บาท ถอนได้จริง รีบทักด่วนก่อนเต็มค่ะ!"
spam,🚨 ด่วนที่สุด! บัญชีของคุณมีคะแนนสะสมค้างอยู่ในระบบ 800 คะแนน หมดเขตวันนี้ รีบกดรับสิทธิ์ก่อนสิทธิ์เต็ม! แอดไลน์ส่วนตัวเพื่อรับเงินสดและของรางวัลฟรี คลิกเลย: [Line Link] หรือทักหาแอดมินเพื่อยืนยันตัวตนด่วนค่ะ 🎯
spam,"สวัสดีค่ะทุกคน 🙏 พอดีตอนนี้ทางบริษัทเปิดรับสมัคร ""หน้าม้าใจดี"" รีวิวและกดรับออเดอร์สินค้าแบรนด์ดัง รับเงินง่ายๆ วันละ 500-1,500 บาทถอนได้จริง สนใจรับงานพิมพ์ ""1"" หรือจิ้มลิ้งค์แอดไลน์ส่วนตัวมาได้เลยนะคะ รับจำนวนจำกัดค่ะ 💸✨"
spam,"🎉 แจกโบนัสปีใหม่ต้อนรับคริสต์มาส! เพียงกดลิงก์ร่วมสนุกรับเงินฟรี 500 บาท และสิทธิ์ร่วมลงทุนสร้างรายได้วันละ 1,000-3,000 บาท ถอนได้จริงไม่มีเงื่อนไข 
👉 สนใจรับทุนฟรีแอด LINE ส่วนตัวของแอดมินมาได้เลยค่ะ รับจำนวนจำกัดวันละ 50 คนเท่านั้น!
ID Line: @admin_bonus99 (มี @ ด้วยนะคะ)"
spam,"🎉ประกาศรายชื่อผู้โชคดีประจำกลุ่ม! คุณได้รับสิทธิ์รับเงินรางวัลพิเศษมูลค่า 10,000 บาท หรือ Voucher ท่องเที่ยวฟรี! 
สิทธิ์เต็มไวมาก แจกจริงไม่มีค่าใช้จ่าย เพียงกดเพิ่มเพื่อนกับแอดมินสาวสวยเพื่อยืนยันตัวตนรับเงินเข้าบัญชีทันที 👉 แอด Line มาที่ @admin999 (มี @ ด้วยนะ) ช้าอดหมดสิทธิ์นะจ๊ะ!"
spam,"🎉 กิจกรรมพิเศษฉลองครบรอบกลุ่ม LINE! แจกฟรี iPhone 15 Pro Max จำนวน 5 เครื่อง สำหรับสมาชิกที่ตอบคำถามถูกต้อง: ""ลิเวอร์พูล แข่งขันฟุตบอลพรีเมียร์ลีกเมื่อคืนนี้ ชนะหรือแพ้?"" พิมพ์คำตอบพร้อมแคปหน้าจอ แล้วทักแอดมินส่วนตัวเพื่อรับสิทธิ์ได้เลยค่ะ ด่วน! ของรางวัลมีจำนวนจำกัด (แอดมินใจดีแจกจริงไม่มีค่าใช้จ่ายเพิ่ม) 🎁✨"
spam,"🎉 ยินดีด้วยค่ะ! คุณได้รับสิทธิ์เป็นผู้โชคดีได้รับเงินรางวัล 3,000 บาท ฟรี! เพียงแค่กดเพิ่มเพื่อนทางไลน์ แล้วทักหาแอดมินเพื่อรับยอดได้เลยค่ะ 💸✨ สนใจคลิกแอดไลน์ด่วน: https://lin.ee/example (จำนวนจำกัด รีบเลยนะคะ)"
spam,🚨ด่วน! แจกฟรี 500 บาท สำหรับสมาชิกใหม่ที่เข้ากลุ่ม LINE นี้เท่านั้น! แอดไลน์ส่วนตัวมารับยอดได้เลย 선착순 선착순 (สิทธิ์มีจำนวนจำกัด) รีบทักมาก่อนเต็มนะยู! 👉 @line_vip99
spam,แจ้งเตือน: สมาชิกใหม่ทุกท่านที่ยังไม่ได้กดรับสิทธิ์เงินขวัญถุง 500 บาท และโบนัสฟรีจากการทำกิจกรรม กดรับด่วนที่ลิงก์นี้เพื่อรับเงินเข้าบัญชีทันที: https://lin.ee/example
spam,"📢 แจ้งประกาศจากแอดมินกลุ่มค่ะ! สำหรับสมาชิกใหม่ที่เพิ่งเข้ามา ทุกคนมีสิทธิ์รับเงินขวัญถุง 500 บาทฟรี! 💰 เพียงแค่กดเพิ่มเพื่อนกับเจ้าหน้าที่ของเราแล้วพิมพ์คำว่า ""รับเงิน"" ส่งไปที่ LINE ส่วนตัวเพื่อยืนยันตัวตนด่วน! สิทธิ์มีจำนวนจำกัด รีบเลยนะคะ 🎉👇"
spam,"🔥ด่วน! กิจกรรมพิเศษฉลองครบรอบ แจกเงินทุนฟรี 500 บาท สำหรับสมาชิกใหม่เท่านั้น! 
👉 เพียงกดไลก์ กดรับออเดอร์สินค้าออนไลน์ง่ายๆ วันละ 10-15 นาที รับรายได้วันละ 500-1,500 บาท ถอนได้จริง ไม่จำกัดจำนวนครั้ง!
สนใจร่วมสนุกรับเครดิตฟรี แอดไลน์ส่วนตัวหาแอดมินสาวสวยได้เลยค่ะ 👇
Line ID: @admin_vip99 (มี @ด้วยนะคะ) 
รับจำนวนจำกัดเพียง 20 ท่านแรกเท่านั้น!"
spam,"🔥 เปิดรับสมัครด่วน! หน้าม้ากดรับออเดอร์สินค้าออนไลน์ และกดไลก์เพจ TikTok รายได้วันละ 500-1,500 บาท ถอนเงินได้จริง ไม่จำกัดจำนวนครั้ง สนใจงานคลิกแอดไลน์ส่วนตัวเพื่อรับลิงก์ทำงานได้เลยค่ะ ID Line: @job-online99 (รับจำนวนจำกัด)"
spam,"🎉ยินดีด้วยค่ะคุณคือผู้โชคดีได้รับเงินรางวัล 1,000,000 บาท! 💸 
กิจกรรมแจกโบนัสพิเศษจากกลุ่มเรา รับสิทธิ์ง่ายๆ แค่กดเพิ่มเพื่อนรับเงินสดเข้าบัญชีทันที! 
👉 สนใจรับเงินคลิกแอดไลน์แอดมินส่วนตัว 선 (จำกัดแค่ 10 ท่านแรกเท่านั้น รีบเลย!) 
Line ID: @vip888_cash"
spam,"🚨 ด่วน! ประกาศจากแอดมินกลุ่ม 📢
ยินดีด้วยคุณ [สมาชิกใหม่] เป็นผู้โชคดีได้รับสิทธิ์ ""รับเงินสด 1,000 บาทฟรี!"" หรือเลือกรับแพ็คเกจ 🎁 ท่องเที่ยวสุดหรูฟรีทันที! 
สิทธิ์จำกัดเพียง 5 ท่านแรกเท่านั้น 
สนใจรับรางวัลคลิกแอด Line ส่วนตัวแอดมินด่วนครับ 👇
Line ID: @admin_lucky99 (มี @ ด้วยนะ)
(เงื่อนไขเป็นไปตามที่กลุ่มกำหนด)"
spam,"🚨 ด่วน! แจกจริงไม่ต้องลุ้น! 
ยินดีด้วยคุณได้รับสิทธิ์รับเงินสด 10,000 บาท หรือแพ็กเกจท่องเที่ยวสุดหรูฟรี! 
🎉 สิทธิ์สุดท้ายสำหรับสมาชิกในกลุ่มนี้เท่านั้น (จำกัดเพียง 5 ท่านแรก) 
✨ เพียงคลิกแอด Line ส่วนตัวของแอดมิน เพื่อยืนยันรับสิทธิ์รับเงินเข้าบัญชีได้ทันที!
👉 สนใจพิมพ์ ""รับสิทธิ์"" หรือกดลิงก์นี้เพื่อคุยกับแอดมินส่วนตัวได้เลยครับ/ค่ะ: [Line ID: @admin_lucky99]"
spam,"🚨 ด่วน! รับสมัครคนช่วยคอนเฟิร์มยอดออเดอร์สินค้าออนไลน์ ทำที่มือถือได้เลย ไม่จำกัดเพศและวัย อายุ 20 ปีขึ้นไป ได้เงินจริงวันละ 500-1,500 บาท สนใจพิมพ์ ""สนใจ"" หรือคลิกเพิ่มเพื่อนเพื่อรับสิทธิ์ทำงานฟรีทาง LINE ส่วนตัวได้เลยค่ะ @admin_vip99"
spam,"🔥ด่วน! แจกฟรีทุนทดลองเล่น 500 บาท สำหรับสมาชิกใหม่เท่านั้น! 
👉 อยากถอนเงินไว ไม่ต้องทำเทิร์น แอดไลน์ส่วนตัวของแอดมินมาเลยตอนนี้!
👇 คลิกเพิ่มเพื่อนรับสิทธิ์ (จำนวนจำกัด) 👇
Line ID: @admin-vip99 (มี @ ด้วยนะ)"
spam,"🎉เปิดรับสมัครด่วน! งานออนไลน์กดไลก์กดรับออเดอร์สินค้า รายได้วันละ 500-1,500 บาท ถอนเงินได้จริง ไม่จำกัดอายุ สนใจคลิกแอด Line ส่วนตัวเพื่อรับลิงก์ทำงานได้เลยค่ะ 👇 
ID Line: @job888vip"
spam,"🚨ด่วน! แจ้งผู้โชคดีทุกท่านในกลุ่มนี้🎉 คุณได้รับสิทธิ์รับเงินรางวัลพิเศษ 8,000 บาท ฟรี! (โควตาสุดท้าย) เพียงเพิ่มเพื่อนและทักหาแอดมินส่วนตัวเพื่อยืนยันรับยอดทันที ภายใน 12 ชม.นี้เท่านั้น สนใจคลิกแอดไลน์: [ใส่ลิงก์ไลน์] หรือพิมพ์ ""รับสิทธิ์"" ใต้โพสต์นี้ได้เลยค่ะ 💸👇"
spam,"🎉ยินดีด้วยค่ะ! คุณได้รับสิทธิ์รับโทรศัพท์มือถือ 5G และทุนทำ10,000 บาทฟรี! เพียงกดแอดไลน์ส่วนตัวของแอดมิน แล้วพิมพ์คำว่า ""รับทุน"" เพื่อรับอภินันทนาการพิเศษ ร่วมสนุกง่ายๆ ได้เงินจริง ถอนได้ทันที รีบด่วนจำนวนจำกัดแอดเลย: @admin_lucky99"
spam,"🎉 ยินดีด้วยค่ะคุณคือผู้โชคดี ได้รับสิทธิ์รับเงินสดฟรี 1,000 บาท หรือลุ้นรับรางวัลใหญ่สูงสุด 50,000 บาท! 
👉 กติกาง่ายๆ เพียงแอดไลน์ส่วนตัวของแอดมิน เพื่อรับลิงก์กดรับอ/อเดอร์ทำงานง่ายๆได้เงินจริงวันละ 500-1,000 บาท (รับจำนวนจำกัด รีบด่วนนะคะ!)
Line ID: @admin_lucky99 (มี @ ด้วยนะคะ)"
spam,"🚨ประกาศด่วน! กิจกรรมพิเศษฉลองครบรอบ แจกฟรี! โทรศัพท์มือถือสมาร์ทโฟนรุ่นใหม่ล่าสุด และหูฟังบลูทูธไร้สาย มูลค่ารวมกว่า 5,000 บาท จำนวนจำกัดเพียง 10 สิทธิ์เท่านั้น! 

🎁 เพียงแค่ท่านร่วมกิจกรรมกดรับออเดอร์สินค้าออนไลน์ง่ายๆ ใช้เวลาแค่ 5 นาทีต่อวัน รับรองรายได้ 500-1,000 บาท ถอนได้จริง ไม่เสียค่าใช้จ่ายใดๆ ทั้งสิ้น

👉 สนใจรับสิทธิ์ฟรี! หรือต้องการสมัครทำงานหารายได้เสริม แอดไลน์ส่วนตัวของแอดมินเพื่อรับลิงก์ได้เลยครับ (Line ID: @admin_lucky888) รีบด่วน สินค้ามีจำนวนจำกัด!"
spam,"🚨 กิจกรรมพิเศษฉลองครบรอบ แจกทุนฟรี 500 บาท! 
สำหรับ 50 ท่านแรกที่กดเพิ่มเพื่อนรับสิทธิพิเศษทันที 
ไม่ต้องฝาก ไม่ต้องแชร์ แค่คลิกแอดไลน์ส่วนตัวของแอดมินเพื่อรับยอดได้เลยค่ะ 
👉 สนใจคลิก: https://lin.ee/example"
spam,"🎉 กิจกรรมพิเศษฉลองครบรอบกลุ่ม! แจกทุนฟรี 500 บาท สำหรับสมาชิกใหม่ แค่กดเพิ่มเพื่อนแล้วทักหาแอดมินรับเครดิตไปปั่นสล็อตหรือกดรับออเดอร์สร้างรายได้วันละ 500-1,000 บาท ถอนได้จริง สนใจคลิกแอดไลน์ส่วนตัวด่วน จำนวนจำกัด! 
👉 Line ID: @admin_vip99 (18+ เท่านั้น)"
spam,"🚨 ด่วน! กิจกรรมพิเศษแจกทุนฟรี 1,000 บาท สำหรับสมาชิกในกลุ่ม LINE นี้เท่านั้น! 
เพียงแค่กดเพิ่มเพื่อนกับแอดมินสาวสวย แล้วพิมพ์คำว่า ""รับทุน"" ก็รับเงินไปหมุนเวียนลงทุนกดรับออเดอร์สินค้าออนไลน์ สร้างรายได้วันละ 500-1,500 บาทได้ทันที ถอนได้จริงไม่มีโกง! 
👉 สนใจคลิกแอดไลน์ส่วนตัวของแอดมินด่วน (สิทธิ์มีจำนวนจำกัด): @admin999 (ระวังตัวปลอม แอดจากลิงก์นี้เท่านั้น)"
spam,"🔥ด่วน! รับสมัครคนช่วยกดออเดอร์สินค้าออนไลน์ คอนเฟิร์มยอดขายในระบบ รายได้ 500-1,500 บาท/วัน (ถอนเงินได้จริง ไม่จำกัดรอบ) 

📌 คุณสมบัติ:
- อายุ 18 ปีขึ้นไป
- มีมือถือและอินเทอร์เน็ต
- ไม่ต้องมีประสบการณ์ (มีสอนงานฟรี)

🎁 แจกทุนทดลองเล่นฟรี 100 บาท สำหรับสมาชิกใหม่! 
👉 สนใจงานแอดไลน์ส่วนตัวของแอดมินเพื่อรับลิงก์ระบบได้เลยค่ะ: [ใส่ไอดีไลน์]"
spam,"🔥กิจกรรมพิเศษต้อนรับยูโร 2024 แจกทุนฟรี 500 บาท! ⚽️ 
เพียงแค่กดไลก์ กดแชร์ และกดรับออเดอร์สินค้ากับเราผ่านเว็บไซต์ ใช้เวลาแค่ 5 นาที ถอนเงินได้จริง ไม่จำกัดรอบ 
👉 สนใจร่วมกิจกรรมคลิกแอด Line ส่วนตัวของแอดมินเพื่อรับเครดิตฟรีได้เลยค่ะ: 
Line ID: @admin_euro2024 (มี @ ด้วยนะคะ)"
spam,"🚨กิจกรรมแจกโชคประจำกลุ่มรับปีใหม่! แจกเงินสด 5,000 บาท ฟรี! 
กติกาง่ายๆ แค่พิมพ์ตอบคำถามว่า: ""ดอกไม้อะไรเอ่ย สวยที่สุด?"" 
พิมพ์ A = ดอกกุหลาบ / B = ดอกมะลิ / C = ดอกทานตะวัน 
ส่งคำตอบของคุณมาที่ Line ส่วนตัวแอดมินตอนนี้! เพื่อรับสิทธิ์ลุ้นรับเงินสดเข้าบัญชีทันที ด่วน! มีจำนวนจำกัด แอดไลน์เลย: @admin999"
spam,"🔥ด่วน! เปิดรับสมัครหน้าม้ากดรับออเดอร์สินค้าออนไลน์คอนเฟิร์มยอด รายได้วันละ 500-1,500 บาท ถอนเงินได้จริง ไม่จำกัดเพศและอายุ สนใจงานพิมพ์ ""สนใจ"" หรือคลิกเพิ่มเพื่อนเพื่อรับสิทธิ์ทางไลน์ไอดี: @vipjob888 (รับจำนวนจำกัด)"
spam,"🔥ด่วน! รับสมัครคนช่วยกดรับออเดอร์สินค้าคอนเฟิร์มยอดออนทัวร์ สร้างรายได้วันละ 500-1,500 บาท ถอนเงินได้จริง ไม่จำกัดเพศและวัย สนใจอยากมีรายได้เสริมทักแอดมินส่วนตัวด่วน รับจำนวนจำกัด คลิกลิงก์นี้เลย 👉 [LINE: @xxxxxx]"
spam,"🚨ด่วน! แจ้งสิทธิพิเศษสำหรับสมาชิกในกลุ่มนี้เท่านั้น! วันนี้ระบบสุ่มชื่อคุณได้รับรางวัลเงินสด 8,000 บาทฟรี! 💰 ยืนยันสิทธิ์ด่วน (สิทธิ์มีจำนวนจำกัด) สนใจรับเงินคลิกแอด LINE ส่วนตัวของแอดมินเพื่อรับยอดได้เลยค่ะ 👇
https://lin.ee/example"
spam,"สวัสดีค่ะทุกคน แอดมินมีข่าวดีมาแจ้งค่ะ! สำหรับสมาชิกในกลุ่มนี้เท่านั้น ทางบริษัทเปิดรับสมัครงานพาร์ทไทม์ออนไลน์ กดไลค์กดแชร์รับออเดอร์สินค้า ได้เงินจริงวันละ 500-1,500 บาท ไม่จำกัดอายุและวุฒิการศึกษา ทำผ่านมือถือได้เลยค่ะ 

โอกาสสุดท้ายแล้วนะคะ! รับจำนวนจำกัดแค่วันนี้เท่านั้น สนใจรีบทักแอดมินส่วนตัวเพื่อรับลิงก์ลงทะเบียนรับเงินฟรี 100 บาทแรกได้เลยค่ะ 👉 แอดไลน์ ID: @vip999 (มี @ ด้วยนะคะ)"
spam,"🔥ประกาศด่วน! กิจกรรมพิเศษฉลองครบรอบ แจกฟรี! โทรศัพท์มือถือ iPhone 15 Pro Max จำนวน 50 เครื่องฟรี! 🎁 เพียงแค่คุณกดไลก์ กดแชร์ และกดรับออเดอร์สินค้าออนไลน์กับเราแค่ 5 นาที/วัน รับไปเลยไม่ต้องลุ้น! การันตีรายได้ 500-1,000 บาท/วัน ถอนเงินได้จริง สนใจร่วมสนุกแอด LINE ส่วนตัวของแอดมินมาได้เลยที่ ID: @admin999 (มีตัว @ ด้วยนะ) รีบด่วน! ของมีจำนวนจำกัด ช้าอดหมดสิทธิ์นะจ๊ะ 📱👇"
spam,"🔥ด่วน! ยินดีด้วยค่ะ คุณคือผู้โชคดีเบอร์มือถือได้รับเงินสด 50,000 บาทฟรี! 
กิจกรรมแจกทุนทำออเดอร์ออนไลน์ ถอนเงินได้จริง ไม่จำกัดจำนวนครั้ง 
สิทธิ์สุดท้าย! หมดเขตภายใน 12 ชั่วโมงนี้เท่านั้น 
👇สนใจรับเงินฟรีและงานเสริม ทักแอดมินส่วนตัวด่วน (คลิกเลย):
Line ID: @admin_lucky99 (มี @ ด้วยนะคะ)"
spam,"🎉ยินดีด้วยค่ะคุณคือผู้โชคดีได้รับสิทธิ์รับเงินขวัญถุง 3,000 บาทฟรี! เพียงตอบคำถามง่ายๆ ว่า ""วันเกิดของ Elvis Presley ตรงกับวันที่เท่าไหร่?"" 
.
พิเศษ! สำหรับ 50 ท่านแรกที่ตอบถูกและแอดไลน์มารับสิทธิ์กับแอดมิน รับโบนัสเพิ่มทันที กดลิงก์ด้านล่างเพื่อ @Line แอดมินรับเงินด่วนได้เลยค่ะ 👇
https://lin.ee/example"
spam,"🎉ประกาศด่วน! สมาชิกทุกท่านในกลุ่มนี้โชคดีสุดๆ คุณได้รับสิทธิ์รับเงินขวัญถุง 3,000 บาทฟรี! 💰 ไม่ต้องลงทุน แค่กดคลิกรับออเดอร์งานออนไลน์ง่ายๆ ถอนเงินได้จริง รีบด่วนจำนวนจำกัด แอดไลน์ส่วนตัวเพื่อรับสิทธิ์กับแอดมินได้เลยตอนนี้ ➡️ Line ID: @vip_lucky888"
spam,"🎉 ยินดีด้วยค่ะคุณสมาชิกใหม่! คุณได้รับสิทธิ์รับเงินขวัญถุง 2,000 บาทฟรี! 💰 จากกิจกรรมฉลองครบรอบกลุ่มเรา 

สิทธิ์นี้จำกัดแค่ 5 ท่านแรกเท่านั้นนะคะ สนใจรับเงินด่วน แอดไลน์ส่วนตัวแอดมินมาได้เลยค่ะ 👇
Line ID: @admin_lucky99 (มี @ด้วยนะคะ) 
รีบทักก่อนสิทธิ์เต็มนะ ⏰✨"
spam,"📢 ด่วน! เปิดรับสมัครแอดมินตอบแชทคอนเฟิร์มสินค้า/กดรับออเดอร์ออนไลน์ รายได้ 500-1,500 บาท/วัน (ทำผ่านมือถือได้ ไม่จำกัดอายุ) 
👉 สนใจงานพิมพ์ ""สนใจ"" หรือคลิกเพิ่มเพื่อนรับงานฟรีที่ไอดีไลน์: @job80155 (รับจำนวนจำกัด)"
spam,"🔥ด่วน! เปิดรับสมัครหน้าม้ากดรับออเดอร์สินค้าออนไลน์คอนเฟิร์มยอด รายได้วันละ 500-1,500 บาท ถอนเงินได้จริง ไม่จำกัดเพศและวัย สนใจพิมพ์ ""สนใจ"" หรือคลิกแอดไลน์ส่วนตัวเพื่อรับงานฟรีทันที 📲 Line ID: @vip888job (รับจำนวนจำกัด)"
spam,"🎉 ขอแสดงความยินดีด้วยค่ะ! คุณได้รับสิทธิ์เป็นผู้โชคดีทำแบบสอบถามออนไลน์ รับเงินเข้าบัญชีทันที 500 บาท 💸 
✨ งานง่ายๆ แค่กดรับออเดอร์สินค้าในมือถือ ไม่จำกัดอายุ ไม่ต้องมีประสบการณ์ ถอนเงินได้จริง 
📲 สนใจคลิกแอดไลน์ส่วนตัวเพื่อรับโควตาด่วน จำนวนจำกัด: https://line.me/ti/p/@scam_example (แอดมินใจดี ทักมาเลยค่ะ)"
spam,"🎉ยินดีด้วยค่ะคุณอยู่ในกลุ่มผู้โชคดี! ได้รับสิทธิ์รับเงินฟรี 500 บาทเข้าบัญชีทันที แค่กดแอดไลน์ส่วนตัวของแอดมินแล้วพิมพ์ว่า ""รับเงิน500"" ด่วน! สิทธิ์มีจำนวนจำกัด LINE ID: @admin_lucky99"
spam,"🔥ด่วน! รับสมัครคนช่วยกดรับออเดอร์สินค้าออนไลน์คอนเฟิร์มยอด รายได้ 500-1,500 บาท/วัน ถอนเงินได้จริง ไม่จำกัดจำนวนครั้ง สนใจแอดไลน์ส่วนตัวเพื่อรับลิงก์ทำงานฟรี Line ID: @1stchoice_admin (รับจำนวนจำกัด)"
spam,"🚨ด่วน! รับสมัครคนช่วยกดรับออเดอร์สินค้าออนไลน์ คอนเฟิร์มยอดขายง่ายๆ ทำที่บ้านได้ วันนึงรับรองได้ 500-1,000 บาท ไม่จำกัดเพศและอายุ (อายุ 18 ปีขึ้นไป) สนใจงานพิมพ์ ""สนใจ"" หรือแอดไลน์ส่วนตัวมาที่ ID: @86688 ด่วน รับจำนวนจำกัดแค่วันนี้วันเดียวเท่านั้น!"
spam,"🚨ด่วน! ยินดีด้วยค่ะ คุณได้รับสิทธิ์รับเงินเยียวยา 5,000 บาทฟรี จากกิจกรรมฉลองครบรอบกลุ่ม (ประกาศผลผู้โชคดีทาง SMS) 

จำนวนจำกัดเพียง 10 ท่านแรกเท่านั้น! 

สนใจรับเงินคลิกแอดไลน์ส่วนตัวของแอดมินเพื่อรับยอดได้เลยค่ะ 👇
Line ID: @admin_lucky99 (มี @ ด้วยนะคะ)"
spam,"⚠️ กิจกรรมพิเศษฉลองครบรอบ 5 ปี แจกทุนฟรี 1,000 บาท! 
สำหรับสมาชิกใหม่ 50 ท่านแรกเท่านั้น เพียงกดรับอิทธิพลยอดวิวสินค้าออนไลน์ กดไลก์กดแชร์ ได้เงินจริง ถอนได้ทันที ไม่เสียค่าใช้จ่ายใดๆ ทั้งสิ้น สนใจมาร่วมสนุกสร้างรายได้เสริม Add Line ส่วนตัวของแอดมินเพื่อรับสิทธิ์ได้เลยค่ะ @admin_vip99 (คลิกลิงก์ด่วน สิทธิ์เต็มแล้วปิดรับทันที)"
spam,"🔥ด่วน! แจกโบนัสฟรี 500 บาท สำหรับสมาชิกใหม่กลุ่มเราเท่านั้น! 
กดคลิกimแอดไลน์ส่วนตัวแอดมินเพื่อรับสิทธิ์ด่วน 👉 [LINE:@vip99] 
งานง่ายแค่นั่งกดรับออเดอร์ในมือถือ ได้เงินจริง ถอนได้ทันที รับจำนวนจำกัดวันละ 20 คนเท่านั้น! ทักเลย!"
spam,"🔥 ด่วน! กิจกรรมพิเศษฉลองครบรอบ 5 ปี แจกทุนฟรี 500 บาท จำนวนจำกัดแค่วันนี้เท่านั้น! 
👉 เพียงแค่กดรับออเดอร์สินค้าออนไลน์ง่ายๆ ใช้เวลาแค่ 5-10 นาที ถอนเงินได้จริง ไม่เสียค่าใช้จ่ายใดๆ ทั้งสิ้น 
สนใจสร้างรายได้เสริมวันละ 500-1,500 บาท แอดไลน์ส่วนตัวมาได้เลยค่ะ 
👇 คลิกเพิ่มเพื่อนรับสิทธิ์ด่วน (Line ID: @vip999_za) หรือจิ้มลิงก์นี้ 선속 (จำนวนจำกัด)"
spam,"🔥เปิดรับสมัครด่วน! หน้าม้ากดรับออเดอร์สินค้าออนไลน์ ทำง่ายๆ ผ่านมือถือแค่วันละ 10-15 นาที 
💰รับเงินรายวัน 500 - 1,500 บาท ถอนได้จริง ไม่จำกัดเพศและวัย (อายุ 18 ปีขึ้นไป)
📲 สนใจงานพิมพ์ ""สนใจ"" หรือคลิกเพิ่มเพื่อนรับสิทธิพิเศษกับแอดมินโดยตรงได้ที่ Line ID: @job123vip (รับจำนวนจำกัดเพียง 10 ท่านแรกเท่านั้น)"
spam,"🚨ด่วน! แจAckทุนฟรี 5,000 บาท สำหรับสมาชิกใหม่กลุ่มเราเท่านั้น! เพียงกดรับสิทธิ์ง่ายๆ แค่แอดไลน์ส่วนตัวของแอดมิน แล้วพิมพ์ว่า ""รับเงินฟรี"" การันตีถอนได้จริง 100% 
👉 @line_admin99 (รีบด่วน สิทธิ์มีจำนวนจำกัด!)"
spam,"🎉ด่วน! กิจกรรมพิเศษฉลองครบรอบ แจกโบนัสเงินสดฟรี 500 บาท และลุ้นรับรางวัลใหญ่ทุกสัปดาห์มูลค่ารวมกว่า 100,000 บาท! 

📌เงื่อนไขง่ายๆ เพียงกดเพิ่มเพื่อนและทักแชทหาแอดมินเพื่อรับสิทธิ์ได้เลย (สำหรับสมาชิกอายุ 18 ปีขึ้นไป)
👉 @admin_lucky99 (ใส่ 🆔 ด้วยนะคะ)"
spam,"🎉ยินดีด้วยค่ะคุณคือผู้โชคดี เป็นเบอร์โทรศัพท์มือถือระบบรายเดือน/เติมเงิน ที่ได้รับสิทธิ์รับ ""ทองคำแท่ง และเงินสด 5,000 บาท"" ฟรี! จัดส่งถึงบ้านไม่มีค่าใช้จ่าย 

🎁 จำนวนจำกัดเพียง 50 สิทธิ์แรกเท่านั้น!
👉 สนใจรับสิทธิ์พิมพ์ ""OK"" หรือกดลิงก์แอด Line แอดมินส่วนตัวเพื่อยืนยันตัวตนได้เลยค่ะ: [Line ID: @admin-lucky88] 
⏰ หมดเขตรับสิทธิ์วันนี้ เวลา 23:59 น. เท่านั้น!"
spam,"สวัสดีค่ะทุกคน แอดมินมีกิจกรรมพิเศษแจกเงินฟรี 500 บาท สำหรับสมาชิกในกลุ่มเราเท่านั้นนะคะ! 

เพียงแค่เพื่อนๆ กดเพิ่มเพื่อนที่ 
👉 LINE ID: @admin-lucky88 
แล้วพิมพ์ว่า ""รับเงินฟรี"" ก็รับโบนัสไปเลยทันที จำนวนจำกัดแค่ 100 สิทธิ์แรกเท่านั้นนะคะ รีบเลย! 💸✨"
spam,"🔥ด่วน! กิจกรรมพิเศษฉลองครบรอบ แจกเครดิตฟรี 500 บาท สำหรับสมาชิกใหม่ทุกท่าน! 
👉 เพียงกดเพิ่มเพื่อนทางไลน์ แล้วทักหาแอดมินเพื่อรับสิทธิ์ได้ทันที
,
💼 รับสมัครคนช่วยกดรับออเดอร์สินค้าออนไลน์ รายได้ 500-1,000 บาท/วัน ถอนเงินได้จริง ไม่จำกัดเพศและวัย สนใจคลิกแอดไลน์ส่วนตัวด้านล่างนี้ได้เลยค่ะ 👇
ไอดีไลน์: @admin_vip99"
spam,"🎉ยินดีด้วยค่ะคุณคือผู้โชคดี ได้รับสิทธิ์รับเงินสด 10,000 บาท หรือแพ็กเกจท่องเที่ยวฟรี (รวมตั๋วเครื่องบิน) สิทธิ์พิเศษนี้สำหรับสมาชิกในกลุ่มเราเท่านั้น! 

คลิกเพิ่มเพื่อนกับแอดมินเพื่อรับรางวัลได้เลยค่ะ 👇
Line: @lucky_admin99 (รีบด่วน สิทธิ์มีจำนวนจำกัด!)"
spam,"📢 เปิดรับสมัครด่วน! งานแพ็คสินค้า/กดรับออเดอร์ออนไลน์ ทำที่บ้านได้ รายได้ 500-1,200 บาท/วัน (ไม่จำกัดอายุ) รับจำนวนจำกัด สนใจคลิกแอดไลน์ส่วนตัวเพื่อรับลิงก์ลงทะเบียนรับเงินฟรี 300 บาททันที 👉 Line ID: @vip889 (แอดมินใจดี ทักมาได้เลยค่ะ)"
spam,"📢 ประกาศด่วน! กิจกรรมพิเศษฉลองครบรอบ แจกเครดิตเงินฟรี 500 บาท ทุกวัน! 
👉 เพียงแค่พิมพ์คำว่า ""รับเงิน"" ส่งเข้ามาในแชทส่วนตัวของแอดมินตอนนี้เลย!
(จำกัดสิทธิ์แค่ 50 ท่านแรกเท่านั้น รีบด่วนก่อนเต็ม) 
📲 สนใจคลิกแอดไลน์ส่วนตัวเพื่อรับสิทธิ์: @admin_lucky88"
spam,"ด่วน! สมาชิกท่านใดที่ยังไม่ได้กดรับสิทธิ์รับเงินเยียวยา 5,000 บาท และโบนัสพิเศษประจำวัน แอดไลน์ส่วนตัวของแอดมินเพื่อรับลิงก์รับเงินด่วน LINE ID: @admin999 ด่วน จำนวนจำกัด!"
spam,"🔥ด่วน! รับสมัครคนช่วยกดรับออเดอร์สินค้าออนไลน์ สร้างรายได้เสริมวันละ 500-1,500 บาท ถอนเงินได้จริง ไม่จำกัดเพศและวัย สนใจคลิกแอด LINE ส่วนตัวเพื่อรับลิงก์ทำงานได้เลยค่ะ ID: @job999online (จำนวนจำกัด)"
spam,"🔥ด่วน! รับสมัครคนช่วยกดรับออเดอร์สินค้าออนไลน์คอนเฟิร์มยอด รายได้ 500-1,500 บาท/วัน ถอนเงินได้จริง ไม่จำกัดเพศและวัย สนใจงานพิมพ์ ""สนใจ"" หรือคลิกแอด LINE ส่วนตัวของแอดมินเพื่อรับลิงก์ทำงานได้เลยค่ะ LINE ID: @admin_job99 (รับจำนวนจำกัด)"
spam,"🔥ด่วน! กิจกรรมพิเศษฉลองครบรอบ แจกเงินทุนฟรี 500 บาท สำหรับสมาชิกกลุ่มนี้เท่านั้น! 
👉 แค่กดลิงก์แอดไลน์ส่วนตัวรับสิทธิ์ได้เลยทันที (โควต้าจำกัด 100 คนแรกเท่านั้น): https://lin.ee/example"
spam,"🎉ด่วน! กิจกรรมพิเศษฉลองครบรอบ แจกเครดิตเงินฟรี 500 บาท สำหรับสมาชิกใหม่เท่านั้น! 
👉 เพียงกดไลก์ กดรับออเดอร์สินค้าออนไลน์ง่ายๆ วันละ 10-15 นาที รับรายได้วันละ 500-1,500 บาท ถอนได้จริง ไม่จำกัดจำนวนครั้ง!
,
สนใจร่วมสนุกรับเงินฟรีและหารายได้เสริม แอดไลน์ส่วนตัวเพื่อรับสิทธิ์กับแอดมินโดยตรงได้เลยค่ะ (รับจำนวนจำกัดเพียง 20 ท่านเท่านั้น)
👇 แอดไลน์ไอดี: @admin_lucky99 (มี @ ด้วยนะคะ)"
spam,"✨ประกาศด่วน! กิจกรรมพิเศษฉลองครบรอบ แจกทุนฟรี 500 บาท สำหรับสมาชิกใหม่เท่านั้น! 
👉 เพียงกดAdd LINE ส่วนตัวของแอดมิน แล้วพิมพ์คำว่า ""รับทุนฟรี"" รับเครดิตไปปั่นสล็อต/เล่นบาคาร่า ถอนได้จริง 100% ไม่มีเงื่อนไข 
👇 สนใจคลิกเลย (รับจำนวนจำกัดแค่ 50 ท่านแรกเท่านั้น): 
https://lin.ee/exampleAdmin"
spam,"🚨ประกาศด่วน! กิจกรรมพิเศษฉลองครบรอบ แจกทุนเล่นเกมฟรี 500 บาท จำนวน 30 สิทธิ์เท่านั้น! 🎁 เพียงพิมพ์คำว่า ""สนใจ"" ใต้โพสต์นี้ หรือทักแอดมินส่วนตัวเพื่อรับลิงก์รับเงินได้เลย งานนี้ง่ายๆ แค่กดรับออเดอร์สินค้าในระบบก็ได้เงินจริง ถอนได้ทันที ไม่ต้องมีค่าใช้จ่ายใดๆ ทั้งสิ้น รีบด่วนก่อนสิทธิ์เต็ม! 💸👇"
spam,"🎉ยินดีด้วยค่ะคุณได้รับสิทธิ์รับเงินฟรี 500 บาท! เพียงตอบคำถามง่ายๆ ว่า ""ใครคือศิลปินเจ้าของเพลงฮิตยุค 80's"" สนใจร่วมสนุกกดแอดไลน์ส่วนตัวมารับเครดิตฟรีกับแอดมินได้เลยค่ะ รับจำนวนจำกัดนะค่ะ 👉 Line ID: @vip888free"
spam,"🎉แจกฟรี! โบนัสพิเศษต้อนรับวันหยุด 500 บาท สำหรับสมาชิกใหม่กลุ่มเราเท่านั้น! 

👉 เพียงกดเพิ่มเพื่อนกับแอดมินสาวสวย แล้วพิมพ์คำว่า ""รับเงินฟรี"" ก็รับเครดิตไปปั่นกันฟรีๆ ถอนได้จริงไม่มีอั้น! 

📲 แอดไลน์ด่วน จำนวนจำกัด: @vip999 (มี@ด้วยนะ) ช้าอดระวังพลาดโอกาสรวยนะจ๊ะ!"
spam,"🎉ด่วน! กิจกรรมพิเศษฉลองครบรอบ แจกเงินทุนฟรี 500 บาท สำหรับสมาชิกใหม่ในกลุ่มนี้เท่านั้น! 

✨ เพียงแค่กดรับออเดอร์สินค้าออนไลน์ง่ายๆ ใช้เวลาแค่ 5 นาทีต่อวัน รับรายได้ 300-1,000 บาท ถอนได้จริง ไม่จำกัดรอบ!

👉 สนใจรับสิทธิพิเศษและเริ่มทำงานคลิกแอดไลน์ส่วนตัวของแอดมินได้เลยค่ะ (จำนวนจำกัด รีบด่วน!)
Line ID: @admin-vip99 (ใส่ @ ด้วยนะคะ)"
spam,"🔥ด่วน! เปิดรับสมัครหน้าม้ากดรับออเดอร์สินค้าออนไลน์ สินค้าแบรนด์ดัง ทำง่ายๆ ผ่านมือถือ ได้เงินจริงวันละ 500-1,500 บาท ไม่จำกัดเพศและวัย สนใจทักด่วนรับจำนวนจำกัด แอดไลน์ส่วนตัวมาที่ ID: @job1234 หรือคลิก [ลิงก์ปลอม] เพื่อรับเครดิตฟรีเริ่มต้นทันที!"
spam,"🔥 ด่วน! แจกฟรีมือถือสมาร์ทโฟนรุ่นใหม่ล่าสุด 500 เครื่อง ร่วมกิจกรรมง่ายๆ แค่กดรับสิทธิ์ผ่านแอดมิน ช้าอดหมดเขตวันนี้เท่านั้น! 
👉 สนใจรับสิทธิ์พิมพ์ ""สนใจ"" หรือคลิกแอด LINE ส่วนตัวเพื่อรับของรางวัลได้เลยครับ: https://lin.ee/example"
spam,"🚨ประกาศด่วน! สำหรับสมาชิกในกลุ่มทุกท่าน วันนี้ทางบริษัทเปิดรับสมัครงานพาสไทม์ ""กดไลก์กดรับออเดอร์สินค้า"" โปรโมทให้กับ Shopee/Lazada ทำง่ายๆ ผ่านมือถือ แค่วันละ 10-15 นาที รับรายได้ทันที 500-1,500 บาท/วัน (ถอนได้จริง ไม่จำกัดจำนวนรอบ) 

🔥 สิทธิพิเศษเฉพาะสมาชิกในกลุ่มนี้เท่านั้น! 
- ไม่ต้องมีประสบการณ์ 
- สอนวิธีทำฟรี ไม่มีค่าใช้จ่ายใดๆ ทั้งสิ้น 
- วันนี้มีโบนัสพิเศษแจกทุนทดลองเล่นฟรี 100 บาท!

สนใจอยากมีรายได้เสริม แอดไลน์ส่วนตัวของแอดมินเพื่อรับงานได้เลยค่ะ จำนวนจำกัด รับแค่ 10 ท่านแรกเท่านั้น! 
👉 Line ID: @admin_Job999 (มี @ ด้วยนะคะ)"
spam,"🚨ประกาศด่วน! กิจกรรมพิเศษฉลองครบรอบ แจกทุนฟรี 500 บาท สำหรับสมาชิกใหม่เท่านั้น! 
👉 เพียงกดเพิ่มเพื่อนกับแอดมินใจดี แล้วส่งคำว่า ""รับทุน"" เพื่อรับโบนัสเข้าบัญชีได้ทันที 
⚠️ สิทธิ์มีจำนวนจำกัด วันนี้วันเดียวเท่านั้น! แอดไลน์ส่วนตัวคลิกเลย: @admin999 (รีบด่วนก่อนเต็ม)"
spam,"🚨ประกาศด่วนที่สุด! สำหรับลูกบ้านทุกท่านในกลุ่มนี้ วันนี้คือวัน lucky day ของคุณ! 🎉 แจกทุนฟรี 500 บาท นำไปต่อยอดสร้างรายได้เสริม กดรับออเดอร์สินค้าออนไลน์ง่ายๆ วันละ 500-1,000 บาท ถอนได้จริง ไม่จำกัดรอบ สนใจรับสิทธิ์ด่วน! แอดไลน์ส่วนตัวเพื่อรับลิงก์กิจกรรมกับแอดมินโดยตรง 선 (จำนวนจำกัดวันนี้วันเดียวเท่านั้น): 
👉 Line ID: @vip_bonus999 (คลิกเพิ่มเพื่อนแล้วทัก ""รับทุนฟรี"" ได้เลยค่ะ)"
spam,"🎉 ด่วน! กิจกรรมพิเศษฉลองครบรอบ แจกทุนฟรี 1,000 บาท สำหรับสมาชิกใหม่เท่านั้น! 
👉 เพียงกดลิงก์เพิ่มเพื่อนกับแอดมิน แล้วทักมาว่า ""รับทุนฟรี"" เพื่อรับสิทธิ์ได้เลยครับ 
(สิทธิ์มีจำนวนจำกัด ช้าอดหมดนะจ๊ะ รีบเลย!) 
Line ID: @admin_free168"
spam,"🎉ยินดีด้วยค่ะคุณได้รับสิทธิ์ลุ้นรับเงินสด 5,000 บาท และโบนัสกดรับออเดอร์สินค้าฟรี! งานง่ายๆ แค่ใช้มือถือวันละ 15-20 นาที รับรายได้ 500-1,000 บาท/วัน สนใจสมัครเป็นหน้าม้ากดรับออเดอร์แอดไลน์ส่วนตัวมาได้เลยค่ะ @line123 (จำนวนจำกัด)"
spam,"⚠️ด่วน! เปิดรับสมัครงานพาสไทม์ กดรับออเดอร์สินค้าออนไลน์ โปรโมทให้แบรนด์ดัง ทำที่ไหนก็ได้ผ่านมือถือ 
✨รายได้วันละ 500 - 1,500 บาท ถอนเงินได้จริง ไม่จำกัดเพศและวัย
📌สนใจงานคลิกแอด LINE ส่วนตัวเพื่อรับลิงก์ทำงานฟรี: @admin_lucky99 (จำนวนจำกัด)"
spam,"🚨ด่วน! แจกฟรีทุนทดลองเล่น 500 บาท สำหรับสมาชิกใหม่ 100 ท่านแรกเท่านั้น! 
กดรับสิทธิ์ง่ายๆ แค่กดลิงก์ด้านล่างเพื่อ add LINE แอดมินส่วนตัว รับเครดิตไปปั่นสล็อตแตกง่าย ถอนได้จริง 100% ไม่มีเงื่อนไข รีบเลยก่อนสิทธิ์เต็ม! 
👉 [คลิกแอดไลน์รับเครดิตฟรีที่นี่]: https://lin.ee/example"
spam,"🔥ประกาศด่วน! กิจกรรมพิเศษฉลองครบรอบ แจกเครดิตฟรี 500 บาท สำหรับสมาชิกในกลุ่ม LINE เท่านั้น! 

กติกาง่ายๆ เพียงแค่ตอบคำถามว่า ""สัญลักษณ์เงินบาทไทยคืออะไร?"" พิมพ์ตอบใต้โพสต์นี้ แล้วรีบกดแอดไลน์ส่วนตัวของแอดมินเพื่อรับรางวัลได้ทันที (สิทธิ์มีจำนวนจำกัด รีบเลยก่อนเต็ม!) 
👉 แอดไลน์รับเงินฟรี: @admin_lucky99"
spam,"สวัสดีค่ะทุกคน แอดมินมีกิจกรรมพิเศษแจกทุนฟรี 500 บาท สำหรับสมาชิกในกลุ่มเราเท่านั้น! เพียงแค่กดเพิ่มเพื่อนกับ @admin99 แล้วพิมพ์คำว่า ""รับทุน"" ก็รับเงินเข้าบัญชีไปเลยทันที ฟรี ไม่เสียค่าใช้จ่ายใดๆ ทั้งสิ้น ด่วน! สิทธิ์มีจำนวนจำกัดนะคะ แอด LINE มาได้เลยค่ะ 👇👇"
spam,สวัสดีค่ะทุกคน แอดมินมีกิจกรรมพิเศษแจกเงินฟรี 500 บาท สำหรับสมาชิกในกลุ่มที่ว่างและอยากหารายได้เสริมระหว่างวันค่ะ 💸✨ งานง่ายๆ แค่กดไลก์กดรับออเดอร์สินค้าออนไลน์ ถอนเงินได้จริง สนใจทักแอดไลน์ส่วนตัวมาได้เลยนะคะ รับจำนวนจำกัดแค่วันนี้วันเดียวเท่านั้นค่ะ 👇 (ID: @admin999)
spam,กดรับออเดอร์สินค้าออนไลน์ ได้ค่าคอมมิชชั่นจริง ถอนเงินได้ทันที สนใจทักแอดไลน์ส่วนตัวมารับลิ้งก์สมัครฟรีตอนนี้เลยค่ะ จำนวนจำกัด
spam,"🚨ประกาศด่วนที่สุด! ยินดีด้วยค่ะคุณคือผู้โชคดีได้รับเงินรางวัลโบนัสพิเศษ 2,000 บาท จากกิจกรรมสุ่มแจกประจำวัน! 🎁✨ 
นี่คือโอกาสสุดท้าย (ครั้งที่ 2) ที่ติดต่อท่านได้ รีบam/แอดไลน์ส่วนตัวของแอดมินเพื่อรับเงินเข้าบัญชีได้เลยตอนนี้ 
👇 รีบAdd Line ด่วน ก่อนหมดสิทธิ์คลิก: https://lin.ee/xxxxx"
spam,"🔥ประกาศด่วน! สมาชิกใหม่กลุ่มนี้ทุกคนมีสิทธิ์รับทุนทดลองเล่นฟรี 500 บาท หรือเลือกรับโทรศัพท์มือถือรุ่นใหม่ล่าสุดฟรี! 
👉 กติกาง่ายๆ เพียงกดเพิ่มเพื่อนกับแอดมินสาวสวย แล้วพิมพ์คำว่า ""รับโชค"" ส่งไปที่ Line ID: @win888 (สิทธิ์มีจำนวนจำกัด วันนี้วันเดียวเท่านั้น รีบเลย!)"
spam,"🔥เปิดรับสมัครด่วน! งานกดรับออเดอร์สินค้าออนไลน์ สร้างรายได้เสริมวันละ 500-1,500 บาท ถอนเงินได้จริง ไม่จำกัดเพศและวัย สนใจงานคลิกแอด LINE ส่วนตัวของแอดมินเพื่อรับลิงก์สมัครและรับเครดิตฟรี 100 บาทได้เลยค่ะ 👉 Line ID: @admin999 (รับจำนวนจำกัด)"
spam,"🎉ยินดีด้วยค่ะคุณได้รับสิทธิ์รับเงินฟรี 500 บาท! 
💥กติกาง่ายๆ เพียงกดแอดไลน์ส่วนตัวของแอดมิน แล้วพิมพ์คำว่า ""รับเงิน"" ส่งมาที่ลิงก์นี้เพื่อรับยอดได้ทันทีค่ะ 👇
https://lin.ee/example"
spam,"⚠️ด่วน! แจกทุนฟรี 500 บาท สำหรับสมาชิกใหม่ในกลุ่มนี้เท่านั้น! แค่กดรับออเดอร์สินค้าออนไลน์ง่ายๆ วันละ 10-15 นาที รับกำไรเข้ากระเป๋าเน้นๆ วันละ 500-1,500 บาท ถอนได้จริง ไม่จำกัดรอบ สนใจอยากมีรายได้เสริมทักหาแอดมินส่วนตัวได้เลยค่ะ LINE ID: @admin_lucky99 (จำนวนจำกัด รีบด่วน!)"
spam,"🔥ด่วน! เปิดรับสมัครหน้าม้ากดไลก์กดรับออเดอร์สินค้าออนไลน์ สร้างรายได้เสริมวันละ 500-1,500 บาท ถอนเงินได้จริง ไม่จำกัดอายุ สนใจงานคลิกแอดไลน์ส่วนตัวเพื่อรับลิงก์ทำงานได้เลยค่ะ ID: @workonline99 (รับจำนวนจำกัด)"
spam,"🎉ยินดีด้วยค่ะคุณได้รับสิทธิ์ลุ้นรับเงินรางวัล 5,000 บาทฟรี! เพียงกดเพิ่มเพื่อนและทักแอดมินเพื่อรับลิงก์ร่วมสนุกกิจกรรมกดรับออเดอร์สร้างรายได้วันละ 500-1,000 บาท สนใจคลิกแอด LINE ด้านล่างนี้ได้เลยค่ะ 👇
Line ID: @admin_lucky99"
spam,"ประกาศด่วน! 🚨 เปิดรับสมัครแอดมินใจดี คอยกดรับออเดอร์สินค้าออนไลน์และกดไลค์เพลงใหม่ สร้างรายได้เสริมง่ายๆ วันละ 500-1,500 บาท ถอนเงินได้จริง ไม่จำกัดเพศและวัย สนใจงานพิมพ์ ""สนใจ"" หรือคลิกเพิ่มเพื่อนรับโบนัสฟรี 100 บาททันทีที่ LINE นี้นะคะ 👇 [@LineID]"
spam,"🚨ด่วน! คุณคือผู้โชคดีได้รับเงินรางวัลพิเศษ 5,000 บาท จากกิจกรรมสุ่มแจกโบนัสประจำวัน (ติดต่อรับครั้งที่ 2 แล้ว รีบด่วนสิทธิ์ใกล้หมด!) สนใจกดรับเงินฟรีแอด LINE ส่วนตัวมาที่ @admin_lucky99 หรือคลิก: lin.ee/scam999 เพื่อรับยอดเข้าบัญชีทันที!"
spam,"🚨ด่วน! ประกาศรายชื่อผู้โชคดีประจำกลุ่ม 
คุณได้รับสิทธิ์รับโทรศัพท์มือถือ iPhone 15 Pro Max และทองคำแท่งฟรี! จากกิจกรรมสุ่มแจกของขวัญประจำสัปดาห์ 🎁✨
เนื่องจากมีผู้สิทธิ์รับรางวัลจำนวนจำกัด ระบบจึงสุ่มเลือกผู้โชคดีในกลุ่มนี้เท่านั้น!

👉 วิธีรับของรางวัล:
1. แอดไลน์ส่วนตัวของแอดมิน (Line ID: @admin_lucky99)
2. พิมพ์คำว่า ""รับรางวัล"" ส่งไปที่แอดมินเพื่อยืนยันตัวตน
3. แจ้งชื่อ-ที่อยู่ สำหรับจัดส่งสินค้าฟรี (ไม่มีค่าใช้จ่ายใดๆ ทั้งสิ้น)

⚠️ สิทธิ์นี้ใช้ได้ภายใน 15 นาทีนี้เท่านั้น ช้าอดหมดสิทธิ์นะจ๊ะ รีบทักส่วนตัวมาเลยค่ะ!"
spam,"🎉 สวัสดีค่ะคุณสมาชิกทุกท่าน แอดมินมีกิจกรรมพิเศษแจกเงินทุนฟรี 500 บาท! 
💥 เพียงแค่กดรับสิทธิ์และช่วยงานกดไลก์กดรับออเดอร์สินค้าออนไลน์ง่ายๆ ใช้เวลาแค่ 5 นาที ถอนเงินได้จริง ไม่มีค่าใช้จ่ายใดๆ ทั้งสิ้น 
👇 สนใจรับสิทธิ์ด่วน! คลิกแอด Line ส่วนตัวของแอดมินเพื่อรับลิงก์ได้เลยค่ะ (จำกัด 50 ท่านแรกเท่านั้น)
Line ID: @admin-free99 (คลิกเลย: https://lin.ee/example)"
spam,"🚨ด่วน! สมาชิกท่านใหม่รับสิทธิ์กดรับออเดอร์สินค้าออนไลน์ฟรี! 
ยอดค้างในระบบของคุณตอนนี้ 5,000 บาท ถอนเป็นเงินสดได้ทันที 
เพียงพิมพ์คำว่า ""รับเงิน"" ส่งเข้ามาในแชทส่วนตัวของแอดมิน เพื่อยืนยันตัวตนและรับลิงก์1วันจำกัดแค่ 50 ท่านแรกเท่านั้น! 
แอดไลน์ส่วนตัวเพื่อรับสิทธิ์คลิก: @admin_vip99 (รีบด่วนก่อนสิทธิ์เต็ม)"
spam,"🔥ประกาศด่วน! กิจกรรมพิเศษฉลองครบรอบ แจกฟรี! โทรศัพท์มือถือสมาร์ทโฟนรุ่นใหม่ล่าสุด และทองคำแท้ มูลค่ารวมกว่า 100,000 บาท! 🎁✨ 
สิทธิ์นี้เฉพาะสมาชิกในกลุ่ม LINE นี้เท่านั้น ไม่เสียค่าใช้จ่ายใดๆ ทั้งสิ้น! 
📥 สนใจรับของรางวัล หรือร่วมสนุกกดรับออเดอร์สร้างรายได้เสริมวันละ 500-1,500 บาท 
👉 รีบแอดไลน์ส่วนตัวของแอดมินเพื่อ 
""1. แจ้งรับสิทธิ์"" 
""2. ลงทะเบียนฟรี"" 
คลิกเลย: https://lin.ee/example (หรือID: @admin_lucky) 
ด่วน! ของมีจำนวนจำกัด วันนี้วันเดียวเท่านั้น!"
spam,"✨ด่วนที่สุด! สมาชิกในกลุ่ม LINE นี้ทุกท่านที่อยู่นานเกิน 1 ปี รับสิทธิ์รับเงินปันผลพิเศษ 800,000 บาทฟรี! 
เนื่องในโอกาสครบรอบระบบลงทุนออนไลน์ 
👉 วิธีรับสิทธิ์:
1. แอดไลน์ส่วนตัวของแอดมิน: @admin999 (มี @ ด้วยนะ)
2. แจ้งรหัสยืนยันรับสิทธิ์: 41685
3. ทำตามขั้นตอนกดรับอ1อเดอร์งานง่ายๆ ถอนเงินได้ทันทีภายใน 5 นาที!
⚠️ (สิทธิ์นี้หมดเขตภายในวันนี้ เวลา 23:59 น. เท่านั้น รีบด่วนก่อนเต็มจำนวน)"
spam,"🎉 ยินดีด้วยค่ะ! คุณได้รับสิทธิ์เป็นผู้โชคดีได้รับเงินรางวัล 5,000 บาท จากกิจกรรมสุ่มแจกทุนฟรีของกลุ่มเราค่ะ! 

เงื่อนไขง่ายๆ เพียงตอบคำถาม: ""กีฬาโอลิมปิกครั้งถัดไปจัดขึ้นในปีอะไร?"" 
(ก. 2024 / ข. 2028)

ตอบถูกรับเครดิตไปเลยทันที! รีบแอดไลน์ส่วนตัวของแอดมินเพื่อยืนยันรับสิทธิ์ด่วน จำนวนจำกัดเพียง 10 ท่านแรกเท่านั้น! 
👉 สนใจคลิกแอดไลน์: @admin_lucky99 (มี @ด้วยนะคะ)"
spam,"🚨ด่วน! แจ้งสมาชิทุกท่านในกลุ่ม วันนี้มีกิจกรรมพิเศษแจกโบนัสเงินสด 2,000 บาท ฟรี! สำหรับผู้ที่ใช้เบอร์มือถือนี้ 
✨ เพียงแค่กดเพิ่มเพื่อนทาง LINE ส่วนตัวของแอดมิน แล้วพิมพ์ว่า ""รับสิทธิ์"" เพื่อรับเครดิตไปปั่นยอดในเว็บลงทุนของเราได้ทันที!
⚠️ สิทธิ์มีจำนวนจำกัดและหมดเขตภายใน 12 ชั่วโมงนี้เท่านั้น สนใจคลิกแอดไลน์ด่วน: https://lin.ee/example"
spam,"🔥ด่วน! เปิดรับสมัครหน้าม้ากดรับออเดอร์สินค้าออนไลน์คอนเฟิร์มยอด รายได้วันละ 500-1,500 บาท ถอนเงินได้จริง ไม่จำกัดเพศและวัย สนใจงานกดคลิกแอด LINE ส่วนตัวเพื่อรับลิงก์ทำงานได้เลยค่ะ ID: @job999online (จำกัด 20 คนแรกเท่านั้น)"
spam,"🚨ด่วน! แจ้งประกาศจากแอดมินกลุ่มค่ะ 📢 สำหรับลูกบ้านหรือสมาชิกท่านใดที่กำลังมองหารายได้เสริม วันนี้มีกิจกรรมพิเศษ ""กดรับออเดอร์สินค้าออนไลน์"" 🛒 ได้เงินจริง ถอนได้ทันทีวันต่อวัน ไม่จำกัดเพศและวัย ไม่ต้องมีประสบการณ์ 💸 รับจำนวนจำกัดเพียง 10 ท่านเท่านั้น! สนใจอยากรู้ว่าใครเป็นคนแอบส่งต่อโอกาสพิเศษนี้ให้คุณ แอดไลน์ส่วนตัวมาหาแอดมินด่วนเลยค่ะ LINE ID: @support_vip99 (คลิกเพื่อรับสิทธิ์ก่อนเต็มนะคะ) 👇"
spam,"🎉 โอกาสทองมาแล้ว! สำหรับสมาชิกในกลุ่มนี้เท่านั้น กดรับสิทธิ์เงินทุนฟรี 500 บาท ไปต่อยอดลงทุนสร้างรายได้เสริม เพียงพิมพ์คำว่า ""สนใจ"" ใต้โน้ตนี้ หรือแอดไลน์ส่วนตัวของแอดมินเพื่อรับเครดิตเข้ายูสเซอร์ได้ทันที รับจำนวนจำกัดวันละ 20 สิทธิ์เท่านั้น! ⬇️"
spam,"🎉 ยินดีด้วยค่ะ! คุณได้รับสิทธิ์เป็น 1 ใน 50 ผู้โชคดี ได้รับเงินสด 3,000 บาท และทองคำ มูลค่ารวมกว่า 10,000 บาทฟรี! 🎁 ไม่ต้องลงทุน แค่กดรับออเดอร์สินค้าในมือถือ ใช้เวลาแค่ 5 นาที ถอนเงินได้จริง สนใจรับสิทธิ์แอด LINE ส่วนตัวของแอดมินมาได้เลยนะคะ 
👉 Line ID: @vip-bonus99 (จำนวนจำกัด รีบด่วนค่ะ)"
spam,"🔥ด่วน! เปิดรับสมัครแอดมินใจดี หรือคนว่างงานอยากมีรายได้เสริม วันละ 500-1,500 บาท! 
💥หน้าที่แค่กดรับออเดอร์สินค้าในระบบ หรือกดไลก์กดแชร์ TikTok ไม่มีค่าสมัครใดๆ ทั้งสิ้น ถอนเงินได้จริงผ่านแอดมินโดยตรง 
👉สนใจงานคลิกแอดไลน์ส่วนตัวเพื่อรับสิทธิ์ด่วน (รับจำนวนจำกัด): 
@line.me/ti/p/~scam_admin99"
spam,"📢 ประกาศด่วน! เปิดรับสมัครแอดมินแพ็กเกจสินค้าและกดรับออเดอร์ออนไลน์ สร้างรายได้เสริมวันละ 500-1,500 บาท ถอนเงินได้จริง ไม่จำกัดเพศและวัย สนใจงานพิมพ์ ""สนใจ"" หรือคลิกimลิงก์ด้านล่างเพื่อแอดไลน์สอบถามข้อมูลกับแอดมินโดยตรงได้เลยค่ะ 👇✨"
spam,"🔥ด่วน! รับสมัครคนช่วยกดรับออเดอร์สินค้าออนไลน์ คอนเฟิร์มยอดขายรายได้วันละ 500-1,500 บาท ถอนเงินได้จริง ไม่จำกัดเพศและวัย สนใจอยากมีรายได้เสริมทักแอดมินส่วนตัวมาเลยค่ะ LINE ID: @admin_vip99 (รับจำนวนจำกัดนะคะ)"
spam,"🎉ประกาศรายชื่อผู้โชคดี! คุณได้รับสิทธิ์รับเงินรางวัล 2,500 บาท ฟรี! 
เนื่องในโอกาสฉลองครบรอบกลุ่ม เพียงกดเพิ่มเพื่อนกับแอดมินของเรา แล้วส่งคำว่า ""รับเงิน"" เพื่อยืนยันตัวตนรับสิทธิ์ได้เลยทันที 
👉 รีบด่วน! สิทธิ์มีจำนวนจำกัด คลิกแอดไลน์ส่วนตัวของแอดมินที่นี่: [ลิงก์ปลอม]"
spam,"ด่วน! ประกาศรายชื่อผู้โชคดีรอบสุดท้าย คุณได้รับสิทธิ์รับเงินเยียวยาฟรี 12,500 บาทจากรัฐบาล/บริษัทใหญ่ เหลือโควตาอีก 3 สิทธิ์สุดท้ายเท่านั้น! ไม่ต้องอบรม ไม่เสียค่าใช้จ่ายใดๆ ทั้งสิ้น สนใจกดเพิ่มเพื่อนรับสิทธิ์ด่วนที่ @admin_lucky หรือคลิก >> https://lin.ee/example (รีบด่วนก่อนหมดเขตวันนี้!)"
spam,"📢 ด่วน! เปิดรับสมัครแอดมินตอบแชทและกดคอนเฟิร์มสินค้าออนไลน์ รายได้ดีวันละ 500-1,500 บาท 💸 ไม่จำกัดวุฒิ ทำผ่านมือถือได้ 100% สนใจงานคลิกแอด Line ส่วนตัวเพื่อรับสิทธิ์และเริ่มงานได้ทันที รับจำนวนจำกัดนะจ๊ะ! 🆔 Line: @job999online"
spam,"🔥ด่วน! แจ้งสิทธิพิเศษสำหรับสมาชิกกลุ่มเราเท่านั้น! วันนี้คุณคือผู้โชคดีได้รับเงินรางวัลพิเศษ 800 บาท ฟรี! 
👉 เงื่อนไขง่ายๆ แค่กดรับสิทธิ์และแอดไลน์ส่วนตัวของแอดมิน เพื่อยืนยันตัวตนรับเงินเข้าบัญชีทันที 
⚠️ สิทธิ์นี้มีจำนวนจำกัดและหมดเขตภายใน 12 ชั่วโมงนี้เท่านั้น! 
👉 สนใจคลิกแอดไลน์ส่วนตัวเพื่อรับเงินรางวัล (รีบทักด่วน ก่อนเต็มจำนวน): [ใส่ลิงก์ LINE]"
spam,"🚨ด่วน! กิจกรรมพิเศษแจกทุนฟรี 5,000 บาท สำหรับสมาชิกในกลุ่ม LINE นี้เท่านั้น! 
📱เพียงใช้มือถือของคุณกดรับสิทธิ์ง่ายๆ ไม่ต้องใช้คอมพิวเตอร์ 
รหัสผ่านรับเงินของคุณคือ: 391784 
👉 รีบแอดไลน์ส่วนตัวมารับเครดิตฟรีกับแอดมินด่วน จำนวนจำกัดเพียง 10 ท่านแรกเท่านั้น! (คลิกเลย: @admin_lucky)"
spam,"🎉ยินดีด้วยค่ะ! เบอร์มือถือลงท้ายด้วย 0089 ในกลุ่มเราวันนี้ เป็นผู้โชคดีได้รับเงินรางวัลพิเศษ 3,500 บาท จากกิจกรรมสุ่มแจกทุนทำกิจการ รีบติดต่อรับสิทธิ์ด่วนจำนวนจำกัด แอดไลน์ส่วนตัวเพื่อรับเงินรางวัลได้ที่ @admin999 (มี@ด้วยนะคะ)"
spam,"🎉ด่วน! กิจกรรมพิเศษฉลองครบรอบ แจกทุนทดลองเล่นฟรี 500 บาท ไม่ต้องฝาก ไม่ต้องแชร์! 
✨เพียงกดรับสิทธิ์ผ่านลิงก์แอด 
👉 ID Line: @vip168_pro (มี @ ด้วยนะ)
รับยอดทันที ถอนได้จริง 100% จำนวนจำกัดแค่ 50 ท่านแรกเท่านั้น รีบเลย! 💸🔥"
spam,"🎉กิจกรรมพิเศษประจำสัปดาห์! แจกฟรี! โทรศัพท์มือถือ iPhone 15 Pro Max 📱 เพียงแค่คุณตอบคำถามง่ายๆ ว่า ""หอไอเฟล อยู่ในประเทศอะไร?"" 
.
👇กติกาง่ายๆ:
1. กดเพิ่มเพื่อนกับแอดมินใจดีของเรา
2. ส่งคำตอบของคุณมาทางแอดไลน์ส่วนตัว
3. รับสิทธิ์ลุ้นรับของรางวัลใหญ่ทันที!
.
👉 รีบด่วน! ของรางวัลมีจำนวนจำกัด แอดไลน์เลย: @admin999 (มี @ด้วยนะ)"
spam,"📢 ประชาสัมพันธ์ด่วนค่ะ! สำหรับสมาชิกในกลุ่มทุกท่าน ตอนนี้ทางบริษัทเปิดรับสมัครงานพาสไทม์ ""กดรับออเดอร์สินค้าออนไลน์"" สร้างรายได้วันละ 500-1,500 บาท ถอนเงินได้จริง ไม่จำกัดอายุ สนใจรับสิทธิ์พิเศษและเริ่มงานทันที แอดไลน์ส่วนตัวเพื่อรับลิงก์ลงทะเบียนกับแอดมินได้เลยค่ะ (รับจำนวนจำกัดนะคะ) 🆔 Line: @admin_vip99"
spam,"🎉ด่วน! กิจกรรมพิเศษฉลองครบรอบ แจกทุนฟรี 500 บาท สำหรับสมาชิกใหม่เท่านั้น! 
👉 เพียงกดAdd LINE ส่วนตัวของแอดมิน แล้วพิมพ์คำว่า ""รับทุนฟรี"" เพื่อรับสิทธิ์ได้เลยทันที (โควต้าจำกัดเพียง 50 ท่านแรกเท่านั้น!)
Line ID: @admin-vip99 (มี @ ด้วยนะคะ)"
spam,"🎉 ด่วน! กิจกรรมพิเศษฉลองครบรอบ แจกเงินทุนฟรี 500 บาท และสิทธิ์ VIP เข้าร่วมกลุ่มลับทำเงินออนไลน์ กดรับออเดอร์สินค้าได้เงินจริง ถอนได้ทันที! 💸
👉 สนใจรับสิทธิ์ แอด Line ส่วนตัวของแอดมินมาได้เลยที่ ID: @admin999 (มี @ ด้วยนะคะ) จำนวนจำกัดเพียง 50 ท่านแรกเท่านั้น! 🚀"
spam,"🚨ประกาศด่วน! ยินดีด้วยค่ะคุณคือผู้โชคดี ได้รับเงินรางวัลพิเศษ 5,000 บาท จากกิจกรรมฉลองครบรอบของกลุ่มเรา! 🎉 
สิทธิ์นี้จำกัดแค่ 3 คนแรกเท่านั้น รีบติดต่อรับรางวัลก่อนหมดเขตวันนี้ แอดไลน์ส่วนตัวเพื่อรับยอดเงินเข้าบัญชีได้เลยค่ะ ➡️ @admin_lucky99 (มี @ ด้วยนะคะ)"
spam,"🎉ยินดีด้วยค่ะคุณคือผู้โชคดีได้รับสิทธิ์ไปเที่ยวบาฮามาสฟรี!🚢 หรือเลือกรับเงินสด 20,000 บาททันที แค่กดเพิ่มเพื่อนรับสิทธิ์กับแอดมินใจดี คลิกลิงก์ไลน์ส่วนตัวด่วน จำนวนจำกัดค่ะ 👉 [แอดไลน์คลิก]"
spam,ด่วน! มีคนแอบชอบคุณแล้วใส่เบอร์โทรศัพท์ของคุณไว้ในระบบหาคู่ของเรา อยากรู้ไหมว่าใคร? แอด LINE ส่วนตัวมาที่ไอดี @dating_vip เพื่อรับสิทธิ์ดูรูปและชื่อฟรี หรือคลิกเลย: https://lin.ee/fakeurl (สำหรับสมาชิกกลุ่มเราวันนี้ แจกเครดิตลงทุนฟรี 500 บาท ทักด่วนจำนวนจำกัด!)
spam,"🎉สวัสดีค่ะคุณสมาชิกทุกท่าน แอดมินมีกิจกรรมพิเศษแจกมือถือสมาร์ทโฟนรุ่นใหม่ล่าสุด และทุน1,000บาทฟรี! สำหรับท่านที่สนใจหารายได้เสริมกดรับออเดอร์สินค้าออนไลน์ง่ายๆ วันละ 500-1,000 บาท ถอนเงินได้จริง ไม่จำกัดจำนวนครั้ง สนใจรับสิทธิ์ด่วน! จำนวนจำกัด แอดไลน์ส่วนตัวเพื่อรับสิทธิ์กับแอดมินโดยตรงได้ที่ Line ID: @vip888online (มี @ ด้วยนะคะ)"
spam,"🚨ประกาศรายชื่อผู้โชคดีรอบพิเศษ! คุณได้รับสิทธิ์รับโทรศัพท์มือถือ iPhone 15 Pro Max ฟรี! จากกิจกรรมสุ่มแจกทองและมือถือของกลุ่มเรา รีบด่วน! ของรางวัลมีจำนวนจำกัด แค่พิมพ์ ""รับสิทธิ์"" แล้วกดเพิ่มเพื่อนกับแอดมินสาวสวยที่ลิงก์ด้านล่างนี้เพื่อยืนยันตัวตนรับของได้เลยทันทีค่ะ 👇
[https://lin.ee/example]"
spam,"📢 ด่วน! กิจกรรมพิเศษฉลองครบรอบ แจกเงินทุนฟรี 5,000 บาท ทุกวัน! 
👉 เพียงกดรับออเดอร์สินค้าออนไลน์ง่ายๆ แค่วันละ 10-15 นาที ถอนเงินได้จริง ไม่จำกัดรอบ 
สนใจอยากมีรายได้เสริมทักแอดมินส่วนตัวด่วน รับจำนวนจำกัดเพียง 20 ท่านแรกเท่านั้น! 
👇 แอดไลน์รับสิทธิ์ 
Line ID: @vip-job888"
spam,"🎉 กิจกรรมพิเศษฉลองครบรอบ แจกจริง! 🎁 
เพียงกดเพิ่มเพื่อนและทักแชทหาแอดมิน รับเครดิตเงินฟรี 300 บาททันที! 
👉 สนใจร่วมสนุกกดคลิกเพิ่มเพื่อนรับสิทธิ์ได้เลย (สิทธิ์มีจำนวนจำกัด) 
Line Official: @vip_bonus99 (คลิกแอดไลน์อัตโนมัติ)"
spam,"🎉 ด่วน! แจกทุนสำรองฟรี 500 - 50,000 บาท สำหรับสมาชิกในกลุ่มนี้เท่านั้น! 
ไม่จำกัดอาชีพ ติดเครดิตบูโร หรือเคยโดนปฏิเสธจากที่อื่นมา ก็สามารถกู้ผ่านได้ 100% อนุมัติไวใน 15 นาที 
สนใจอยากปลดหนี้ มีเงินหมุนเวียน แอดไลน์ส่วนตัวมาได้เลยค่ะ (รับจำนวนจำกัด) 
👉 Line ID: @vip-loan99 (มี @ ด้วยนะคะ) หรือคลิกเพื่อรับสิทธิ์ด่วน: [ลิงก์ปลอม]"
spam,"🚨ประกาศด่วนจากแอดมิน! ยินดีด้วยค่ะคุณคือผู้โชคดี 1 ใน 5 คนของวันนี้ ได้รับสิทธิ์รับเงินสด 10,000 บาท หรือเลือกรับทองคำมูลค่า 5,000 บาทฟรี! 🎁✨ 
เนื่องในโอกาสฉลองครบรอบกลุ่มของเรา ไม่ต้องเสียค่าใช้จ่ายใดๆ ทั้งสิ้น 

สิทธิ์นี้จำกัดเวลา รีบกดเพิ่มเพื่อนกับแอดมินส่วนตัวเพื่อรับรางวัลได้เลยค่ะ 👇
Line ID: @admin_lucky99 (มี @ ด้วยนะคะ)"
spam,"🎉 ยินดีด้วยค่ะ! คุณคือผู้โชคดีได้รับสิทธิ์รับเงินรางวัล 5,000 บาท ฟรี! กิจกรรมแจกทุนทำ100คนแรกเท่านั้น สนใจรับสิทธิ์กดลิงก์เพิ่มเพื่อนกับแอดมินเพื่อรับเครดิตได้เลยค่ะ 👉 lin.ee/win-82050"
spam,"🎉 ยินดีด้วยค่ะคุณคือผู้โชคดีประจำวันนี้! ได้รับสิทธิ์รับเงินรางวัลพิเศษ 5,000 บาท 💸 
เพียงแค่กดไลก์กดรับออเดอร์สินค้าออนไลน์กับเรา ใช้เวลาแค่ 5 นาที ถอนเงินได้ทันที!
👉 สนใจรับสิทธิ์ แอด LINE ส่วนตัวของแอดมินมาได้เลยนะคะ (จำนวนจำกัด): @admin123 (ใส่ลิงก์หรือQRโค้ด)"
spam,"🎉ประกาศด่วน! สำหรับสมาชิกในกลุ่มนี้เท่านั้น กิจกรรมพิเศษแจกทุนฟรี 500 บาท! 
เพียงแค่กดรับออเดอร์สินค้าออนไลน์ง่ายๆ ใช้เวลาแค่ 5 นาที ถอนเงินได้จริง ไม่จำกัดรอบ 
สนใจอยากมีรายได้เสริมวันละ 500-1,500 บาท แอดไลน์ส่วนตัวมาได้เลยค่ะ 
👉 ID Line: @vip-Bonus99 (มี@ด้วยนะคะ) หรือคลิก: https://lin.ee/fake-link"
spam,"🔥ด่วน! เปิดรับสมัครหน้าม้ากดรับออเดอร์สินค้าออนไลน์คอนเฟิร์มยอด รายได้วันละ 500-1,500 บาท ถอนเงินได้จริง ไม่จำกัดเพศและวัย สนใจงานพิมพ์ ""สนใจ"" หรือแอดไลน์ส่วนตัวเพื่อรับลิงก์ทำงานได้ที่ ID: @job999 (รับจำนวนจำกัดเพียง 10 คนเท่านั้น)"
spam,"🎉ประกาศด่วน! กิจกรรมพิเศษฉลองครบรอบ แจกทุนทดลองเล่นฟรี 500 บาท และรับสิทธิ์กดรับออเดอร์สร้างรายได้เสริมวันละ 500-1,500 บาท ถอนได้จริง ไม่จำกัดจำนวนครั้ง! 
👉 สนใจร่วมสนุกรับเครดิตฟรี แอด Line ส่วนตัวของแอดมินมาได้เลยครับ (จำนวนจำกัดวันละ 30 สิทธิ์เท่านั้น): 
Line ID: @admin_vip99 (มี @ ด้วยนะครับ)"
spam,"🚨ประกาศด่วน! ยินดีด้วยค่ะคุณคือผู้โชคดี ได้รับสิทธิ์รับเงินรางวัลพิเศษ 5,000 บาท ฟรี! 
เนื่องในโอกาสครบรอบกลุ่มของเรา วิธีรับรางวัลง่ายมากๆ แค่กดเพิ่มเพื่อนกับแอดมินแล้วพิมพ์ว่า ""รับเงินฟรี"" ด่วน! สิทธิ์มีจำนวนจำกัด คลิกเลย 👉 [ลิงก์ปลอม]"
spam,"🎉 ยินดีด้วยค่ะ! คุณได้รับสิทธิ์รับเงินสด 5,000 บาท ฟรี! เพียงแค่กดรับออเดอร์สินค้าออนไลน์กับเรา รายได้วันละ 500-1,500 บาท ถอนเงินได้จริง ไม่จำกัดจำนวนครั้ง สนใจงานคลิกแอดไลน์ส่วนตัวของแอดมินเพื่อรับลิงก์ลงทะเบียนได้เลยค่ะ LINE ID: @admin_vip99 (รับจำนวนจำกัดนะคะ)"
spam,🔥 แจกทุนฟรี 500 บาท สำหรับสมาชิกใหม่เข้ากลุ่มเราวันนี้! เพียงแค่แอด LINE ส่วนตัวของแอดมินเพื่อรับเครดิตและร่วมกิจกรรมสนุกๆ ได้เลยครับ 👉 Line ID: @admin_vip99 (จำนวนจำกัด รีบด่วน!)
spam,"🔥ประกาศด่วน! กิจกรรมพิเศษฉลองครบรอบ แจกเครดิตเงินฟรี 500 บาท จำนวนจำกัดแค่วันนี้เท่านั้น! 
👉 เพียงตอบคำถามง่ายๆ 4 ข้อ หรือแอดไลน์ส่วนตัวเพื่อรับสิทธิ์กดรับออเดอร์สร้างรายได้วันละ 500-1,000 บาท ถอนได้จริงไม่มีเงื่อนไข 
สนใจคลิกเลย: https://lin.ee/example (หรือทักแชทส่วนตัวหาแอดมินเพื่อรับลิงก์ด่วนค่ะ)"
spam,⚠️ประกาศด่วนจากแอดมิน! กิจกรรมพิเศษแจกโบนัสฟรี 500 บาท สำหรับสมาชิกในกลุ่ม LINE นี้เท่านั้น! เพียงแค่กดเพิ่มเพื่อนกับแอดมินสาวสวย แล้วทักมารับยอดได้เลยทันที ไม่ต้องฝากก่อน คลิกเลย: https://lin.ee/example
spam,ยินดีด้วยค่ะคุณได้รับสิทธิ์เข้าร่วมกลุ่ม VIP รับโบนัสฟรี 500 บาทต่อวัน งานง่ายแค่กดไลก์กดออเดอร์สินค้า ไม่ต้องมีประสบการณ์ สนใจคลิกแอดไลน์แอดมินเพื่อรับเครดิตฟรีได้เลยค่ะ: @admin999
spam,"🚨ด่วน! สำหรับสมาชิกกลุ่มเราเท่านั้น! แจกเงินฟรี 5,000 บาท หรือเลือกรับแพ็กเกจท่องเที่ยวสุดหรูฟรี! 

สิทธิ์พิเศษจำนวนจำกัด หมดแล้วหมดเลย สนใจรับสิทธิ์พิมพ์ ""สนใจ"" หรือกดเพิ่มเพื่อนทักหาแอดมินส่วนตัวได้เลยค่ะ 👉 Line ID: @admin_lucky99"
spam,"🔥ด่วน! เปิดรับสมัครแอดมินตอบแชทคอนเฟิร์มสินค้า/กดรับออเดอร์ออนไลน์ รายได้ 500-1,500 บาท/วัน (ถอนได้จริง ไม่จำกัดรอบ) 
✨รับจำนวนจำกัด แค่มีมือถือเครื่องเดียวก็ทำได้ สนใจงานพิมพ์ ""สนใจ"" หรือคลิกแอด Line ส่วนตัวของแอดมินเพื่อรับลิงก์เริ่มงานได้เลยค่ะ 👇
Line ID: @admin-job99 (มี @ ด้วยนะ)"
spam,"🚨ประกาศด่วน! กิจกรรมพิเศษฉลองครบรอบ แจกเครดิตฟรี 500 บาท สำหรับสมาชิกใหม่เท่านั้น! 
👉 เพียงกดเพิ่มเพื่อนทางไลน์ แล้วทักหาแอดมินเพื่อรับสิทธิ์ได้เลย!
รับจำนวนจำกัดแค่วันนี้วันเดียว คลิกดึงเพื่อนเข้ากลุ่มรับเพิ่มทันที! 
Line ID: @admin_lucky99 (มี @ ด้วยนะ) ช้าอด 
หมดเขตเที่ยงคืนนี้!"
spam,"🎉ประกาศด่วน! กิจกรรมพิเศษฉลองครบรอบกลุ่ม แจกฟรี iPhone 15 Pro Max จำนวน 5 เครื่อง! 
👉 เพียงแค่พิมพ์คำว่า ""สนใจ"" ใต้โพสต์นี้ หรือแอดไลน์ส่วนตัวของแอดมินเพื่อรับสิทธิ์ลุ้น 
⚠️ (สิทธิ์มีจำนวนจำกัด วันนี้วันสุดท้าย รีบทักด่วนก่อนเต็ม) 
📲 แอดไลน์ไอดี: @admin_vip99 (มี @ ด้วยนะคะ)"
spam,"🚨 ด่วน! กิจกรรมพิเศษแจกเงิน 500 บาทฟรี! 🎁 เพียงแค่กดรับออเดอร์สินค้าออนไลน์กับทางเรา ใช้เวลาแค่ 5 นาที ได้เงินจริง ไม่จำกัดจำนวนคน สนใจอยากมีรายได้เสริมวันละ 500-1,000 บาท แอดไลน์ส่วนตัวมาได้เลยค่ะ รับจำนวนจำกัดนะจ๊ะ 
👉 ID Line: @vip-job99 (มี @ ด้วยนะคะ)"
spam,"🚨ด่วน! ยินดีด้วยค่ะคุณได้รับสิทธิ์ผู้โชคดี รับเงินรางวัลฟรี 5,000 บาท เข้าบัญชีทันที! 
🎉 สำหรับสมาชิกในกลุ่มนี้เท่านั้น ไม่ต้องลงทุน แค่กดแอดไลน์ส่วนตัวของแอดมิน แล้วแจ้งรับสิทธิ์ได้เลยค่ะ 
👉 รีบด่วน! สิทธิ์มีจำนวนจำกัด คลิกแอดไลน์ 👉 [ลิงก์ปลอม] หรือ @admin_lucky99"
spam,"🎉ประกาศด่วน! กิจกรรมพิเศษฉลองครบรอบ แจกเงินสด 5,000 บาท และ iPhone 15 ฟรีทุกสัปดาห์! 
👉 เพียงกดเพิ่มเพื่อนทาง LINE แอดมินใจดีแจกจริงไม่มีกั๊ก 
📲 สนใจรับสิทธิ์คลิกเลย: @line-admin123 (จำกัดแค่ 50 ท่านแรกวันนี้เท่านั้น!)"
spam,"🔥ด่วน! เปิดรับสมัครหน้าม้ากดไลก์ กดรับออเดอร์สินค้าออนไลน์ รายได้ดี 500-1,500 บาท/วัน 💰
✨ แค่มีมือถือเครื่องเดียวว่างงาน อยู่บ้านก็ทำได้ ถอนเงินได้จริง ไม่จำกัดเพศและวัย
👉 สนใจงานคลิกแอด LINE ส่วนตัวเพื่อรับลิงก์ทำงานฟรีที่นี่เลยค่ะ: 
Line ID: @job999_vip (มี @ด้วยนะคะ)"
spam,"🎉 ยินดีด้วยค่ะคุณได้รับสิทธิ์พิเศษ! แจกเงินขวัญถุง 3,000 บาทฟรี! 💰 สำหรับสมาชิกในกลุ่ม LINE นี้เท่านั้น ไม่ต้องลงทุน แค่กดรับออเดอร์งานรีวิวสินค้าออนไลน์ ถอนเงินได้จริงทันที 💸 รับจำนวนจำกัดเพียง 10 คนแรกที่ทักแอดมินมานะค่ะ สนใจคลิกแอด LINE ส่วนตัวเพื่อรับเครดิตฟรีได้เลยค่ะ 
👉 ID Line: @admin888vip (มี @ ด้วยนะคะ)"
spam,"ประกาศด่วน! สำหรับสมาชิกทุกคนในกลุ่มนี้ ทางเรามีกิจกรรมพิเศษแจกเงินสดฟรี 1,000 บาท ทุกวัน! เพียงแค่กดเพิ่มเพื่อนกับแอดมินสาวสวยของเรา แล้วทำภารกิจกดไลก์กดรับออเดอร์สินค้าออนไลน์ง่ายๆ แค่ 5 นาที รับเงินเข้าบัญชีทันที ไม่จำกัดจำนวนคน สนใจรีบทักแอดมินส่วนตัวด่วน สิทธิ์มีจำนวนจำกัด คลิกเลย: https://line.me/ti/p/example"
spam,🎉ยินดีด้วยค่ะคุณได้รับสิทธิ์พิเศษ! รับเครดิตเงินฟรี 500 บาท ใช้เล่นเกมหรือลงทุนสร้างรายได้ถอนได้จริง สิทธิ์ใช้งานได้ถึงสิ้นเดือนนี้เท่านั้น สนใจกดเพิ่มเพื่อนรับโอนเงินเข้าบัญชีทันทีที่ Line ID: @vip888invest
spam,"🎉ยินดีด้วยค่ะคุณได้รับสิทธิ์รับเงินรางวัลพิเศษ 5,000 - 20,000 บาทฟรี! จากกิจกรรมฉลองครบรอบของกลุ่มเรา รีบด่วนจำนวนจำกัด สนใจกดเพิ่มเพื่อนแอดไลน์ส่วนตัวเพื่อรับเครดิตฟรีกับแอดมินได้เลยค่ะ LINE ID: @admin_lucky99 (สงวนสิทธิ์เฉพาะผู้ที่มีอายุ 18 ปีขึ้นไปเท่านั้น)"
spam,"🎉ยินดีด้วยค่ะคุณคือผู้โชคดีได้รับสิทธิ์รับเงินขวัญถุง 500 บาทฟรี! เพียงแค่กดเพิ่มเพื่อนกับแอดมินใจดีของเรา แล้วพิมพ์คำว่า ""รับเงิน"" เพื่อรับลิงก์เข้ากลุ่มสร้างรายได้เสริม กดรับออเดอร์สินค้าได้เงินจริงวันละ 500-1,500 บาท ถอนได้ 24 ชม. รับจำนวนจำกัดวันละ 10 คนเท่านั้น แอดไลน์ด่วนเลยค่ะ ID: @vip888job"
spam,"🚨ด่วนที่สุด! สำหรับสมาชิกกลุ่มนี้เท่านั้น! แจกเงินสด 5,000 บาทฟรี! หรือเลือกรับแพ็กเกจท่องเที่ยวสุดหรู 4 วัน 3 คืน ✈️ จำนวนจำกัดเพียง 10 สิทธิ์แรกของวันน้ี! 

👉 สนใจรับสิทธิ์พิมพ์ ""สนใจ"" หรือรีบแอด LINE ส่วนตัวของแอดมินเพื่อรับเครดิตฟรีทันที คลิกเลย: [Line ID: @admin999] 💸 (ประกาศรายชื่อผู้โชคดีในกลุ่มนี้เท่านั้น)"
spam,"🔥ด่วน! กิจกรรมพิเศษฉลองครบรอบ แจกเงินทุนฟรี 500 บาท จำนวนจำกัดแค่อีก 20 สิทธิ์เท่านั้น! 
👉 เพียงกดเพิ่มเพื่อนแล้วทักหาแอดมินส่วนตัวเพื่อรับยอดได้เลยทันที ไม่ต้องฝากก่อน! 
Line ID: @admin_lucky99 (คลิกเลย: https://lin.ee/example)"
spam,"🔥ด่วน! แจกฟรีทุนทำกิจกรรมรับเงินสดเข้าบัญชีทันที 500 บาท! สำหรับสมาชิกในกลุ่มนี้เท่านั้น ไม่ต้องฝากก่อน แค่กดคลิกลิงก์ด้านล่างแล้วทักแอดมินส่วนตัวเพื่อรับสิทธิ์ได้เลย จำนวนจำกัด รีบเลย! 👇
https://lin.ee/example"
spam,"🎉ข่าวดีสำหรับสมาชิกในกลุ่มทุกท่านค่ะ! กิจกรรมพิเศษแจกโบนัสฟรี 1,000-5,000 บาท เพียงแค่กดรับออเดอร์งานง่ายๆ แค่วันละ 10 นาที ถอนเงินได้จริง 100% สนใจร่วมสนุกแอดไลน์ส่วนตัวมารับสิทธิ์ได้เลยค่ะ จำนวนจำกัด LINE ID: @admin-vip99 (หรือคลิกลิงก์ด้านบนเพื่อคุยกับแอดมินโดยตรงได้เลยค่ะ)"
spam,"🚨 แจกจริง! กิจกรรมพิเศษฉลองครบรอบ 5 ปี แจกเครดิตฟรี 500 บาท ทุกวัน! 
🎉 เพียงแค่กดเพิ่มเพื่อน แล้วพิมพ์คำว่า ""รับเงิน"" ส่งมาที่ Line OA ของเรา รับโบนัสทันที!
👉 สนใจคลิกแอดไลน์ด่วน: https://lin.ee/example (สิทธิ์มีจำนวนจำกัด วันละ 100 ท่านเท่านั้น) 
⚠️ เงื่อนไข: อายุ 18 ปีขึ้นไป ถอนได้ทันтиไม่ต้องทำเทิร์น!"
spam,"🎉ประกาศด่วน! สำหรับสมาชิกในกลุ่มนี้เท่านั้น กิจกรรมพิเศษแจกทุนฟรี 500 บาท และลุ้นรับ iPhone 15 Pro Max ฟรี! 
👉 เพียงกดลิงก์เพิ่มเพื่อนกับแอดมินสาวสวย แล้วทักมาว่า ""รับสิทธิ์"" 
📲 แอดไลน์ด่วน จำนวนจำกัดเพียง 10 ท่านแรกเท่านั้น! 
[คลิกเลย: https://lin.ee/example]"
spam,"🚨ด่วน! แจกฟรีทุนทดลองเล่น 500 บาท สำหรับสมาชิกใหม่ในกลุ่มนี้เท่านั้น! 
👉 ไม่ต้องฝาก ไม่ต้องแชร์ แค่กดรับสิทธิ์ผ่านแอดมินใจดี 
💼 งานง่ายๆ แค่กดไลก์ กดรับออเดอร์สินค้า ได้เงินจริงวันละ 500-1,500 บาท ถอนได้ไม่อั้น! 
⚠️ รับจำนวนจำกัดเพียง 30 ท่านแรกเท่านั้น สนใจคลิกแอดไลน์ส่วนตัวเพื่อรับลิงก์สมัครกับแอดมินได้เลยค่ะ 👇
(Line ID: @admin_lucky99)"
spam,"🚨ด่วน! เบอร์มือถือของท่านได้รับโบนัสพิเศษ 2,000 บาท จากกิจกรรมฉลองครบรอบกลุ่ม LINE แจกจริงไม่มีค่าใช้จ่าย! 
ติดต่อรับสิทธิ์ด่วนสิทธิ์สุดท้าย แอดไลน์ส่วนตัวแอดมินเพื่อรับเงินรางวัลทันที 
👉 [คลิกลิงก์แอดไลน์: @line-bonus99] 
⚠️ (จำกัดแค่ 10 ท่านแรกเท่านั้น รีบเลย!)"
spam,🚨ด่วน! แจกฟรีทุนทำกิจกรรม กดรับออเดอร์สินค้าออนไลน์สร้างรายได้เสริม วันนี้วันสุดท้าย! รับทันที 300 บาท แค่แอดไลน์ส่วนตัวของแอดมินเพื่อรับสิทธิ์คลิกเลย 👉 [LINE ID: @admin_vip99] (จำนวนจำกัด รีบด่วนก่อนเต็ม!)
spam,"🔥ด่วน! รับสมัครคนช่วยกดออเดอร์สินค้าออนไลน์ คอนเฟิร์มยอดขายรายวัน ทำที่บ้านได้ ได้เงินจริงวันละ 500-1,500 บาท 💸 
รับอายุ 20 ปีขึ้นไป สนใจงานพิมพ์ ""สนใจ"" หรือคลิกเพิ่มเพื่อนเพื่อรับสิทธิพิเศษกับแอดมินทาง LINE ID: @job999 ได้เลยค่ะ (รับจำนวนจำกัด)"
spam,"📢ด่วน! กิจกรรมพิเศษฉลองครบรอบ 5 ปี แจกเงินทุนฟรี 500 บาท สำหรับสมาชิกใหม่เท่านั้น! 
👉 เพียงกดเพิ่มเพื่อนรับสิทธิ์และทำภารกิจกดรับออเดอร์สินค้าออนไลน์ง่ายๆ แค่วันละ 10 นาที ถอนเงินได้จริง 100% 
⚠️ รับจำนวนจำกัดเพียง 30 ท่านแรกเท่านั้น สนใจคลิกแอด Line ส่วนตัวของแอดมินเพื่อรับเครดิตฟรีได้เลยครับ: @admin_lucky99"
spam,"🎉ยินดีด้วยค่ะคุณได้รับสิทธิ์รับเงินเยียวยา 3,000 บาทฟรี! ไม่ต้องลงทุน เพียงแค่กดเพิ่มเพื่อนทางไลน์เพื่อรับยอดเงินเข้าบัญชีได้ทันที จำนวนจำกัดเพียง 50 ท่านแรกเท่านั้น แอดไลน์มาที่ @123scam ได้เลยค่ะ 👇"
spam,"🎉ยินดีด้วยค่ะคุณได้รับสิทธิ์ลุ้นรับทองคำฟรี! หรือเลือกรับเงินสด 1,000 บาททันที เพียงแค่กดเพิ่มเพื่อนกับแอดมินใจดีของเราเพื่อรับโชค กิจกรรมนี้แจกจริงไม่มีเงื่อนไข รีบแอดไลน์ด่วน สิทธิ์มีจำนวนจำกัด คลิกเลย: [Line ID: @admin_lucky99]"
spam,"🎉 โอกาสสุดท้าย! แจกทุนฟรี 1,500 บาท สำหรับสมาชิกกลุ่มนี้เท่านั้น! 
กดรับสิทธิ์ง่ายๆ แค่พิมพ์ ""สนใจ"" หรือคลิกแอดไลน์ส่วนตัวของแอดมินด้านล่างนี้ได้เลยค่ะ 
👇 รับจำนวนจำกัด วันนี้วันเดียวเท่านั้น รีบทักก่อนสิทธิ์เต็มนะคระ! 
[Line ID: @admin_vip99]"
spam,🚨ด่วน! สมาชิกกลุ่มเราได้รับสิทธิ์พิเศษ 786 คะแนนโบนัสฟรี! มูลค่ารวมหลายพันบาท 🎁 รีบกดรับก่อนหมดเขตวันนี้ แอด Line ส่วนตัวมารับยอดกับแอดมินด่วน 선 คลิกเลย: [ID: @admin_bonus] 💸 (รับจำนวนจำกัดเท่านั้น)
spam,"🚨 ด่วน! แจกทุนฟรี 500 บาท สำหรับสมาชิกใหม่ในกลุ่มนี้เท่านั้น! 
กดรับสิทธิ์ง่ายๆ แค่คลิก ➡️ https://lin.ee/example 
หรือadd LINE ส่วนตัวของแอดมินเพื่อรับเครดิตฟรีทันที (จำนวนจำกัด รีบเลยก่อนสิทธิ์เต็ม!) 💸✨"
spam,"🎉 แจกเงินฟรี 500 บาท! 💸 สำหรับสมาชิกใหม่ในกลุ่มนี้เท่านั้น แค่กดคลิกรับสิทธิ์ง่ายๆ ไม่ต้องฝากก่อน 
👉 แอดไลน์ส่วนตัวรับเครดิตฟรีทันทีที่: @admin-lucky88 (มี @ ด้วยนะ)
🔥 ด่วน! สิทธิ์มีจำนวนจำกัด ช้าอดพลาดโอกาสรวยนะจ๊ะทุกคน ✨"
spam,"🎉 ยินดีด้วยค่ะ! คุณได้รับเลือกเป็นผู้โชคดีพิเศษ รับเงินสดฟรี 1,000 บาท หรือเลือกรับทองคำมูลค่า 2,000 บาททันที! 

🎁 กิจกรรมแจกทุนฟรีจำกัดเพียง 10 ท่านแรกของวันนี้เท่านั้น ไม่เสียค่าใช้จ่ายใดๆ ทั้งสิ้น!

👉 สนใจรับสิทธิ์ กดลิงก์แอด LINE แอดมินส่วนตัวเพื่อรับรางวัลได้เลยค่ะ:
(คลิกที่ลิงก์เพื่อรับสิทธิ์: https://line.me/ti/p/example) 
*(รีบด่วน สิทธิ์มีจำนวนจำกัด)*"
spam,"🎉 ประกาศด่วน! กิจกรรมพิเศษฉลองครบรอบ แจกทุนฟรี 500 บาท สำหรับสมาชิกใหม่เท่านั้น! 
👉 เพียงแค่ท่านแอดไลน์ส่วนตัวของแอดมิน แล้วกดรับอิทธิพลงานกดไลก์กดแชร์สินค้า รับค่าคอมมิชชั่นทันทีวันละ 500-1,500 บาท ถอนได้จริง ไม่จำกัดจำนวนรอบ!
⚠️ สิทธิ์มีจำนวนจำกัด สนใจคลิกแอดไลน์ด่วน: @admin_vip99 (รีบ add ก่อนเต็มนะจ๊ะ)"
spam,"🔥ด่วน! กิจกรรมพิเศษแจกเครดิตฟรี 500 บาท สำหรับสมาชิกกลุ่มนี้เท่านั้น! 🎁
ไม่ต้องฝากก่อน แค่กดไลค์กดแชร์รับโบนัสทันที ถอนได้จริง 100% 
สนใจร่วมสนุกพิมพ์ ""รับเงิน"" ใต้โพสต์นี้ หรือแอดไลน์ส่วนตัวเพื่อรับสิทธิ์ด่วน จำนวนจำกัด LINE ID: @admin_lucky99 💸✨"
spam,"🎉ยินดีด้วยค่ะคุณคือผู้โชคดี! ได้รับสิทธิ์รับเงินรางวัลพิเศษ 1,500 บาท ฟรี! เพียงกดเพิ่มเพื่อนและทักแอดมินเพื่อรับยอดได้เลยค่ะ 💰✨ รับจำนวนจำกัดวันละ 10 คนเท่านั้น สนใจคลิกแอด LINE ด้านล่างนี้เลย 👇
https://line.me/example"
spam,"🎉 ประกาศด่วน! สมาชิกทุกท่านในกลุ่มนี้มีสิทธิ์รับเงินขวัญถุง 3,000 บาทฟรี! 
เนื่องในโอกาสฉลองครบรอบ 5 ปี เพียงแค่กดเพิ่มเพื่อนกับแอดมินสาวสวยของเรา แล้วพิมพ์คำว่า ""รับเงินฟรี"" ก็รับเครดิตไปหมุนเวียนลงทุนทำกำไรได้เลยทันที! 
รับจำนวนจำกัดแค่ 50 ท่านแรกเท่านั้น แอด LINE ส่วนตัวมาที่: @admin_lucky99 (คลิกเลย)"
spam,"🚨ด่วน! กิจกรรมพิเศษแจกทุนฟรี 1,000 บาท สำหรับสมาชิกใหม่เท่านั้น! 
งานง่ายๆ แค่กดรับออเดอร์สินค้าในมือถือ 10 นาที ถอนเงินได้จริง มีแอดมินสอนงานฟรี ไม่ต้องมีประสบการณ์ 
สนใจรับสิทธิ์จำนวนจำกัด แอด LINE ส่วนตัวมาที่ ID: @admin_lucky99 หรือคลิกim.cr/job123 ด่วน! ก่อนเต็มค่ะ"
spam,🎉 แจกทุนฟรี 500 บาท! กิจกรรมพิเศษต้อนรับวันหยุด แค่กดไลก์ กดแชร์ และกดรับออเดอร์สินค้าออนไลน์กับเรา รับเงินเข้าบัญชีทันที ไม่ต้องมีค่าใช้จ่าย สนใจคลิกแอดไลน์ส่วนตัวด่วน! สิทธิ์มีจำนวนจำกัด LINE ID: @admin_lucky99
spam,"🚨 ด่วน! กิจกรรมพิเศษฉลองครบรอบ แจกทุนฟรี 1,000 บาท สำหรับ 50 ท่านแรกเท่านั้น! 
❌ ไม่ต้องลงทุน แค่กดรับออเดอร์สินค้าออนไลน์กับเรา ถอนเงินได้จริง 100% 
👉 สนใจรับสิทธิ์พิมพ์ ""สนใจ"" หรือคลิกเพิ่มเพื่อนหาแอดมินสาวสวยเพื่อรับลิงก์กลุ่มงานได้เลยค่ะ 👇
Line ID: @admin_vip99 (มี@ด้วยนะคะ)"
spam,"🔥ด่วนที่สุด! กิจกรรมพิเศษฉลองครบรอบ แจกทุนทำเงินฟรี 5,000 - 10,000 บาททุกวัน! 💸 เพียงแค่กดรับออเดอร์สินค้าออนไลน์ง่ายๆ ใช้เวลาแค่ 5 นาที ถอนเงินได้จริง ไม่เสียค่าใช้จ่ายใดๆ ทั้งสิ้น สิทธิ์มีจำนวนจำกัด สนใจคลิกแอด Line ส่วนตัวเพื่อรับสิทธิ์กับแอดมินได้เลยครับ 🆔 Line: @vip-bonus99 (คลิกเพิ่มเพื่อนด่วน)"
spam,"🚨ด่วน! แจกฟรี iPhone 15 Pro Max จำนวน 5 เครื่อง สำหรับสมาชิกในกลุ่มเราเท่านั้น! เพียงแค่กดเพิ่มเพื่อนกับแอดมินแล้วพิมพ์ว่า ""รับสิทธิ์"" รับไปเลยทันที ไม่ต้องลุ้น คลิกเลย: https://lin.ee/example 📲✨"
spam,"🚨 ด่วนที่สุด! เบอร์มือถือของคุณได้รับสิทธิ์โบนัสเงินสดพิเศษ 50,000 บาท จากกิจกรรมฉลองครบรอบ แจกจริงไม่มีเงื่อนไข! นี่คือโอกาสสุดท้ายและเป็นการติดต่อครั้งที่ 2 แล้ว รีบติดต่อแอดมินส่วนตัวเพื่อรับเงินรางวัลเข้าบัญชีทันที แอดไลน์ไอดี: @vip-bonus999 (ด่วน สิทธิ์มีจำนวนจำกัด)"
spam,"🚨ด่วนที่สุด!! ประกาศผลผู้โชคดีในกลุ่ม รับฟรี! แพ็กเกจท่องเที่ยวต่างประเทศ พร้อมเงินสด 50,000 บาท จำนวน 5 รางวัล สิทธิ์สุดท้ายแล้ว! 
👉 สนใจรับสิทธิ์พิมพ์ ""1"" หรือคลิกเพิ่มเพื่อนกับแอดมินเพื่อยืนยันตัวตนด่วน LINE ID: @admin_lucky99 (จำกัดเพียง 10 ท่านแรกเท่านั้น)"
spam,"🎉ยินดีด้วยค่ะคุณได้รับสิทธิ์รับเงินสด 1,000 บาท หรือเลือกรับทองคำมูลค่า 5,000 บาทฟรี! 🎁 
เนื่องในโอกาสครบรอบกลุ่มของเรา ทางแอดมินใจดีแจกทุนให้สมาชิกฟรีๆ จำกัดแค่ 10 ท่านแรกเท่านั้นนะคะ❗️

👉 วิธีรับสิทธิ์ง่ายๆ:
1. แอดไลน์ส่วนตัวของแอดมิน หรือคลิกลิงก์ด้านล่างนี้
2. แจ้งว่า ""รับสิทธิ์เงินฟรี"" กับแอดมินได้เลยค่ะ
3. รอรับยอดเงินเข้าบัญชีภายใน 3 นาที!

👇 รีบด่วน! คลิกแอดไลน์เพื่อรับสิทธิ์ก่อนเต็ม:
[ใส่ลิงก์ LINE OA หรือ Line ID ตรงนี้]"
spam,"🚨 ด่วน! กิจกรรมพิเศษฉลองครบรอบ แจกเครดิตเงินฟรี 500 บาท สำหรับสมาชิกในกลุ่ม LINE นี้เท่านั้น! 

📌 เงื่อนไขง่ายๆ:
1. กดเพิ่มเพื่อนกับแอดมินสาวสวยเพื่อรับสิทธิ์
2. ร่วมสนุกกดรับออเดอร์สินค้าออนไลน์ง่ายๆ ใช้เวลาแค่ 5 นาที ถอนเงินได้จริง!

👉 สนใจคลิกแอดไลน์ส่วนตัวด่วน! (สิทธิ์มีจำนวนจำกัด): 
[คลิกที่นี่เพื่อรับโบนัส: https://line.me/ti/p/scam-example]"
spam,"สวัสดีค่ะทุกคน พอดีว่างงานอยู่ เลยอยากมาแนะนำงานเสริมออนไลน์ค่ะ แค่กดไลก์กดรับออเดอร์สินค้าใน Shopee/Lazada วันละ 10-15 นาที ได้เงินจริง วันนึงได้ 500-1,000 บาท ถอนได้ทันทีค่ะ ไม่มีค่าสมัคร ใครสนใจอยากมีรายได้เสริมทักส่วนตัวหาแอดมินได้เลยนะคะ หรือจิ้มลิงก์นี้ @admin999 ได้เลยค่ะ รับจำนวนจำกัดนะ ç"
spam,"🚨ด่วน! รับสมัครคนช่วยกดรับออเดอร์สินค้าออนไลน์โปรโมตสินค้า ได้เงินจริงวันละ 500-1,500 บาท ถอนได้ทันที ไม่จำกัดจำนวนครั้ง สนใจงานคลิกแอด Line ส่วนตัวของแอดมินเพื่อรับลิงก์สมัครได้เลยค่ะ ID: @admin-vip99 (รับจำนวนจำกัดนะคะ)"
spam,"🎉ยินดีด้วยค่ะคุณคือผู้โชคดีได้รับสิทธิ์กดรับออเดอร์สินค้าออนไลน์ราย1วัน รับค่าคอมมิชชั่นทันที 500-1,500 บาท/วัน (รับจำนวนจำกัด) สนใจคลิกแอด LINE แอดมินส่วนตัวเพื่อรับลิงก์ทำงานได้เลยค่ะ 👇
Line ID: @admin_vip99"
spam,"🎉ด่วน! กิจกรรมพิเศษฉลองครบรอบ แจกทุนฟรี 500 บาท สำหรับสมาชิกใหม่เท่านั้น! 
👉 เพียงกดรับสิทธิ์และแอดไลน์ส่วนตัวเพื่อรับยูสเซอร์กับแอดมินได้เลยตอนนี้ 
Line ID: @admin_free99 (จำนวนจำกัด รีบเลยก่อนสิทธิ์เต็ม!)"
spam,"📢 สวัสดีสมาชิกทุกท่านในกลุ่มนะคะ แอดมินมีกิจกรรมพิเศษแจกเงินทุนฟรี 500 บาท สำหรับสมาชิกที่อยากมีรายได้เสริมวันละ 500-1,000 บาท แค่กดรับออเดอร์สินค้าออนไลน์ง่ายๆ ไม่ต้องมีประสบการณ์ ใครสนใจอยากหารายได้เสริมช่วงว่างๆ ทักแอดมินส่วนตัวมาได้เลยนะคะ รับจำนวนจำกัดวันละ 10 คนเท่านั้นค่ะ 👇
(ID Line: @admin_lucky99)"
spam,"🎉 แจกจริง! กิจกรรมพิเศษประจำกลุ่ม รับเครดิตเงินสดฟรี 500 บาท ทันที! 
👉 เพียงพิมพ์คำว่า ""สนใจ"" ใต้โน้ตนี้ หรือคลิกแอดไลน์ส่วนตัวของแอดมินเพื่อรับสิทธิ์ได้เลยค่ะ 
✨ ทำภารกิจกดรับออเดอร์ง่ายๆ 5 นาที ถอนเงินได้จริง ไม่จำกัดจำนวนครั้ง รีบด่วน! สิทธิ์มีจำนวนจำกัด 
Add Line: @admin_vip99 (คลิกเพื่อรับเงินฟรี)"
spam,"🚨ด่วน! แจกฟรีทุนทำกิจกรรม 500 บาท สำหรับสมาชิกใหม่ในกลุ่มนี้เท่านั้น! 
กดรับสิทธิ์ง่ายๆ แค่แอดไลน์ส่วนตัวของแอดมิน แล้วพิมพ์คำว่า ""รับเงินฟรี"" 
⚠️สิทธิ์มีจำนวนจำกัด ช้าอดทุนหมดไม่รู้ด้วยนะจ๊ะ แอดเลย: @admin_lucky99"
spam,"⚠️ด่วน! โควต้าสุดท้าย แจกทุนฟรี 5,000 บาท สำหรับสมาชิกใหม่ในกลุ่มนี้เท่านั้น! 
กดรับสิทธิ์ง่ายๆ แค่แอด LINE ส่วนตัวของแอดมิน แล้วพิมพ์ว่า ""รับทุน"" 
งานนี้ทำที่บ้านได้จริง ได้เงินชัวร์ 100% รีบด่วนก่อนเต็มจำนวน! 
👉 สนใจคลิกแอดไลน์: https://line.me/ti/p/~admin_free99"
spam,"📢 ด่วน! กิจกรรมพิเศษแจกทุนฟรี 500 บาท สำหรับสมาชิกใหม่ในกลุ่มนี้เท่านั้น! 
👉 เพียงกดเพิ่มเพื่อนรับสิทธิ์และทำภารกิจกดรับออเดอร์สินค้าง่ายๆ ถอนเงินได้จริง 100% 
📲 สนใจคลิกแอดไลน์ส่วนตัวแอดมินเพื่อรับลิงก์รับเงินได้เลยครับ: https://line.me/ti/p/~scam_admin99"
spam,"🔥ด่วน! รับสมัครคนช่วยกดรับออเดอร์สินค้าออนไลน์ คอนเฟิร์มสินค้าให้กับทาง Shopee/Lazada การันตีรายได้ 500-1,500 บาทต่อวัน ทำที่บ้านได้ ถอนเงินได้จริง ไม่จำกัดเพศและวัย สนใจคลิกแอด LINE ส่วนตัวเพื่อรับลิงก์งานฟรี: @123scam (รับจำนวนจำกัด)"
spam,ยินดีด้วยค่ะ! คุณได้รับสิทธิ์พิเศษรับตั๋วชมภาพยนตร์ฟรี 2 ที่นั่ง นาน 1 ปีเต็ม จากกิจกรรมฉลองครบรอบ ดูได้ทุกเรื่องทั้งภาพยนตร์ฟอร์มยักษ์และหนังใหม่ ฟรีทุกเรื่องไม่มีค่าใช้จ่าย! สิทธิ์มีจำนวนจำกัด สนใจรับสิทธิ์กดเพิ่มเพื่อนทางไลน์แล้วทักหาแอดมินเพื่อรับโค้ดฟรีได้เลยค่ะ 👉 Line ID: @vip-movie99 (รีบด่วนก่อนเต็มนะจ๊ะ)
spam,"🎉ประกาศผลผู้โชคดี! รับสิทธิ์ลุ้นรับทองคำและเงินสดมูลค่ารวม 5,000 บาทฟรี! 
เพียงกดเพิ่มเพื่อนทางไลน์ แล้วพิมพ์คำว่า ""รับโชค"" เพื่อรับสิทธิ์ร่วมสนุกง่ายๆ ได้ทันที 
งานนี้แจกจริง ได้จริง ไม่ต้องมีค่าใช้จ่าย คลิกเลย 👉 @line-lucky99"
spam,"🎉 ด่วน! กิจกรรมพิเศษฉลองครบรอบกลุ่ม แจกเงินสด 1,000 บาทฟรี! 
กติกาง่ายๆ แค่ทายชื่อเล่นดาราดังในคอมเมนต์ แล้วกดเพิ่มเพื่อนรับสิทธิ์รับเงินเข้าบัญชีทันที 
👉 สนใจคลิก Line ส่วนตัวแอดมินเพื่อรับเครดิตฟรี (รับจำนวนจำกัดเพียง 50 ท่านแรกเท่านั้น): https://lin.ee/example"
spam,"🎉ยินดีด้วยค่ะคุณได้รับสิทธิ์รับโทรศัพท์มือถือ iPhone 15 Pro Max ฟรี! จากกิจกรรมสุ่มแจกโชคประจำเดือนของกลุ่มเรา กติการ่วมสนุกง่ายๆ เพียงแค่แอด LINE ส่วนตัวของแอดมิน แล้วพิมพ์คำว่า ""รับโชค"" เพื่อยืนยันตัวตนรับของรางวัลได้เลยค่ะ ด่วน! สิทธิ์มีจำนวนจำกัด LINE ส่วนตัวแอดมิน: @admin999 (มี@ด้วยนะคะ)"
spam,"ยินดีด้วยค่ะคุณคือผู้โชคดีได้รับเงินรางวัลพิเศษ 2,000 บาทจากกิจกรรมส่งท้ายปีเก่า เพียงแค่กดเพิ่มเพื่อนและทักหาแอดมินเพื่อรับสิทธิ์ง่ายๆ ได้เลยตอนนี้ คลิกเลย: https://line.me/example"
spam,"🎉 แจกทุนฟรี 500 บาท! กิจกรรมพิเศษฉลองครบรอบ 5 ปี เพียงแค่กดรับสิทธิ์ง่ายๆ ผ่านมือถือ ไม่ต้องฝากก่อน ถอนได้จริง 100% 

👉 สนใจรับเครดิตฟรีคลิกเพิ่มเพื่อน Line Official ของเราได้เลยค่ะ: 
Line ID: @free_bonus99 (มี @ด้วยนะคะ) 
*สิทธิ์มีจำนวนจำกัด รีบด่วนก่อนหมดเขต!*"
spam,"🚨 ด่วนที่สุด! เบอร์มือถือของคุณ *************** เป็นผู้โชคดีได้รับเงินรางวัลโบนัสพิเศษ 2,000 บาท จากกิจกรรมฉลองครบรอบ! นี่คือการติดต่อครั้งที่ 2 แล้ว กรุณาแอดไลน์ส่วนตัวของแอดมินเพื่อรับเงินรางวัลทันที! 💸👇 
ID Line: @admin_lucky99 (รีบด่วน สิทธิ์มีจำนวนจำกัด)"
spam,"🔥ด่วน! กิจกรรมพิเศษฉลองครบรอบ แจกทุนทดลองเล่นฟรี 500 บาท จำนวนจำกัดแค่วันนี้เท่านั้น! 
👉 เงื่อนไขง่ายๆ เพียงกดเพิ่มเพื่อนรับสิทธิ์และทำภารกิจกดรับออเดอร์สินค้าออนไลน์กับแอดมิน ถอนได้จริง 100% 
📲 สนใจคลิกแอด Line ส่วนตัวเพื่อรับเครดิตฟรีได้เลยที่: [Line ID: @vip888_online] หรือคลิก: https://lin.ee/example"
spam,"🔥ด่วน! รับสมัครคนช่วยกดรับออเดอร์สินค้าออนไลน์คอนเฟิร์มยอด รายได้ 500-1,500 บาท/วัน ถอนเงินได้จริง ไม่จำกัดจำนวนครั้ง ทำผ่านมือถือได้เลย สนใจพิมพ์ ""สนใจ"" หรือคลิกแอดไลน์ส่วนตัวของแอดมินเพื่อรับลิงก์กลุ่มงานฟรี Line ID: @admin999 (รับจำนวนจำกัด)"
spam,"แจ้งด่วน! สำหรับสมาชิกในกลุ่มที่สนใจหารายได้เสริม กดรับออเดอร์สินค้าออนไลน์ ได้เงินจริงวันละ 500-1,500 บาท รับจำนวนจำกัด สนใจรีบทักแอดไลน์ส่วนตัวมาเลยค่ะ ID: @admin999 (แอดมินใจดีสอนงานให้ฟรีไม่มีค่าใช้จ่ายค่ะ)"
spam,🎃 กิจกรรมพิเศษต้อนรับฮาโลวีน! แจกทุนฟรี 500 บาท สำหรับสมาชิกใหม่ในกลุ่มนี้เท่านั้น! เพียงกดเพิ่มเพื่อนรับสิทธิ์พิเศษผ่าน LINE OA ด้านล่างนี้ (สิทธิ์มีจำนวนจำกัด รีบด่วนก่อนหมดเขต) 👉 @halloween_free88
spam,"🚨ประกาศด่วน! กิจกรรมพิเศษฉลองครบรอบ แจกเครดิตฟรี 500 บาท สำหรับสมาชิกใหม่เท่านั้น! 
👉 เพียงกดรับสิทธิ์ผ่านลิงก์แอดมิน แล้วทำภารกิจกดรับออเดอร์สินค้าออนไลน์ง่ายๆ แค่ 5 นาที ถอนเงินได้จริง 100% 
⚠️ สิทธิ์มีจำนวนจำกัด สนใจคลิกแอด LINE ส่วนตัวเพื่อรับโค้ดลับได้เลยครับ @admin_lucky99"
spam,"📢ประกาศด่วน! สมาชิกท่านใดที่ยังไม่ได้กดรับสิทธิ์เงินปันผลประจำสัปดาห์นี้ รีบด่วนเลยนะคะ 💸
⚠️ ระบบแจ้งเตือน: บัญชีรับเงินของท่านใกล้หมดอายุแล้ว กรุณาแอดไลน์ส่วนตัวของแอดมินเพื่อยืนยันตัวตนและรับเงินฟรี 1,500 บาทเข้ากระเป๋าได้ทันที!
👉 สนใจคลิกแอด Line OA ด้านล่างนี้เพื่อรับออเดอร์งานพิเศษและรับเงินสดฟรีทุกวัน (จำนวนจำกัด):
[ใส่ลิงก์ไลน์แอดตรงนี้]"
spam,"🎉สวัสดีค่ะทุกคน! ยินดีด้วยนะคะ คุณคือผู้โชคดีได้รับสิทธิ์พิเศษรับเงินขวัญถุงต้อนรับปีใหม่ 5,000 บาท ฟรี! 
👉 กิจกรรมนี้จำกัดแค่ 20 ท่านแรกเท่านั้น ไม่ต้องลงทุน แค่กดรับออเดอร์สินค้าในระบบ ใช้เวลาแค่ 5 นาที ถอนเงินได้จริง 
📲 สนใจรับเครดิตฟรี แอดไลน์ส่วนตัวแอดมินมาได้เลยค่ะ 
Line ID: @admin_lucky99 (มี @ ด้วยนะคะ)
⚠️ สิทธิ์มีจำนวนจำกัด ช้าอดหมดเขตภายใน 2 ชั่วโมงนี้เท่านั้นค่ะ!"
spam,"🔥ประกาศด่วน! สำหรับสมาชิกในกลุ่มนี้เท่านั้น เปิดรับสมัครงานพาร์ทไทม์ กดไลก์กดรับออเดอร์สินค้าออนไลน์ ได้เงินจริงวันละ 500-1,500 บาท ไม่จำกัดอายุ ทำผ่านมือถือได้ 100% 
👉 สนใจงาน/รับโบนัสพิเศษฟรี 100 บาท แอดไลน์ส่วนตัวมาได้เลยค่ะ @admin_kanya (มี @ ด้วยนะคะ) รับจำนวนจำกัดวันละ 10 คนเท่านั้น!"
spam,"🚨ประกาศด่วนจากแอดมินกลุ่มค่ะ! มีสมาชิกหนุ่มโสด/สาวโสดในกลุ่มแอบชอบคุณ และฝากแอดมินติดต่อขอเบอร์โทรศัพท์ด่วน! อยากรู้ว่าใครแอดไลน์ส่วนตัวมาหาแอดมินได้เลยค่ะ หรือกดลิงก์นี้เพื่อรับสิทธิ์คุยฟรีและลุ้นรับเงินสด 1,000 บาท จำนวนจำกัดนะคะ 👉 [คลิกแอดไลน์รับโชค]"
spam,🚨 แจ้งด่วน! สำหรับสมาชิกในกลุ่มทุกท่าน กิจกรรมพิเศษวันนี้! กดรับสิทธิ์รับเงินฟรี 500 บาท ง่ายๆ แค่กดไลก์กดแอดออเดอร์สินค้าออนไลน์ ไม่ต้องมีประสบการณ์ก็ทำได้ ถอนเงินได้จริง 100% สนใจคลิกแอด LINE ส่วนตัวของแอดมินเพื่อรับเครดิตฟรีได้เลยครับ รับจำนวนจำกัดวันละ 20 สิทธิ์เท่านั้น! 🆔 Line: @admin_lucky99
spam,"🔥ประกาศด่วน! สำหรับสมาชิกในกลุ่มนี้เท่านั้น ใครอยากมีรายได้เสริมวันละ 500-1,500 บาท ง่ายๆ แค่กดรับออเดอร์สินค้าในมือถือ ไม่ต้องมีประสบการณ์ รับเงินจริง ถอนได้ทันที! 

รับจำนวนจำกัดเพียง 10 คนแรกของวันนี้เท่านั้น สนใจรีบทักแอดมินส่วนตัวมาเลยตอนนี้ คลิกลิงก์ไลน์ด้านล่างนี้ 👇
(แอดมินใจดี สอนงานฟรี ไม่เสียค่าใช้จ่ายใดๆ ทั้งสิ้น)"
spam,"🚨ประกาศด่วน! สำหรับสมาชิกในกลุ่มทุกท่าน วันนี้ทางบริษัทเรามีกิจกรรมพิเศษแจกทุนฟรี 500 บาท สำหรับท่านที่ว่างงาน อยากมีรายได้เสริมวันละ 500-1,500 บาท แค่กดรับออเดอร์สินค้าในมือถือ ไม่จำกัดอายุ สนใจรับสิทธิ์จำนวนจำกัด แอดไลน์ส่วนตัวมาที่แอดมินเพื่อรับลิงก์สมัครได้เลยค่ะ ID Line: @vip888shop (รีบด่วน สิทธิ์หมดแล้วหมดเลย)"
spam,"กิจกรรมพิเศษต้อนรับวาเลนไทน์! ร่วมตอบคำถามลุ้นรับเงินรางวัลกว่า 50,000 บาท พาคนรู้ใจไปเที่ยวฟรีตลอดทริป! 🎁✨ 
เพียงแค่กดเพิ่มเพื่อนและพิมพ์คำว่า ""VIP"" ส่งมาที่ Line OA ของเรา หรือคลิกลิงก์ด้านล่างเพื่อรับสิทธิ์ได้เลย (จำกัด 100 สิทธิ์แรกเท่านั้น) 
👉 Line: @valentines_lucky (แอดแล้วทักหาแอดมินเพื่อรับเครดิตฟรีได้ทันทีค่ะ)"
spam,สวัสดีค่ะทุกคน 🙏 แอดมินใจดีมีกิจกรรมพิเศษมาแจกเงินฟรี 500 บาท สำหรับสมาชิกในกลุ่มนี้นะคะ เพียงแค่กดเพิ่มเพื่อนทางไลน์ส่วนตัว แล้วทำภารกิจกดรับออเดอร์สินค้าง่ายๆ แค่ 5 นาที ก็รับเงินเข้าบัญชีทันทีค่ะ สนใจทักด่วนจำนวนจำกัดนะคะ 💸✨ ID Line: @admin_lucky99
spam,"🔥ประกาศด่วน! กิจกรรมพิเศษฉลองครบรอบ แจกเงินสด 5,000 บาท ฟรีทุกวัน! 
เพียงแค่กดไลก์ กดแชร์ และกดรับออเดอร์สินค้าออนไลน์กับเรา ใช้เวลาแค่ 5 นาที ถอนเงินได้จริงไม่ต้องรอนาน 

สนใจมาร่วมสนุกและสร้างรายได้เสริมด้วยกันไหมคะ? ตอนนี้รับสมัครจำนวนจำกัด แอดไลน์ส่วนตัวเพื่อรับสิทธิ์100คนแรกได้ที่นี่เลยค่ะ 👇
Line ID: @admin-lucky99 (มี @ ด้วยนะคะ)"
spam,"🚨 แจ้งด่วน! สมาชิกทุกท่านในกลุ่มนี้มีสิทธิ์ได้รับเงินโบนัสพิเศษ 5,000 บาท ฟรี! เพียงกดเพิ่มเพื่อนกับแอดมินแล้วพิมพ์คำว่า ""รับสิทธิ์"" รับจำนวนจำกัดวันละ 50 คนเท่านั้น สนใจคลิกแอดไลน์ส่วนตัวด่วน: https://lin.ee/example"
spam,"🎃 กิจกรรมรับฮาโลวีน แจกเงินขวัญถุง 500 บาทฟรี! 👻
เพียงแค่กดไลก์กดแชร์ และกดรับออเดอร์สินค้าออนไลน์กับเราวันละ 10 นาที ถอนเงินได้จริง 100% 
สนใจร่วมสนุกพิมพ์ ""สนใจ"" หรือคลิกแอดไลน์ส่วนตัวของแอดมินเพื่อรับลิงก์รับสิทธิ์ได้เลย Line ID: @halloween999 (สิทธิ์มีจำนวนจำกัด)"
spam,"🚨 ด่วน! แจ้งสิทธิ์ผู้โชคดีประจำกลุ่ม LINE นี้เท่านั้น! 
คุณได้รับสิทธิ์ 🎁 ทริปท่องเที่ยวต่างประเทศฟรี หรือเลือกรับเงินสด 10,000 บาท ทันที! 
สิทธิ์จำกัดเพียง 5 ท่านแรกของวันนี้เท่านั้น 

👉 สนใจรับสิทธิ์ แอด LINE ส่วนตัวของแอดมินเพื่อยืนยันตัวตนได้เลยครับ: 
(คลิกแอดไลน์: @admin_lucky99) 
*เงื่อนไขเป็นไปตามที่กลุ่มกำหนด รีบด่วนก่อนเต็ม!"
spam,🎉ยินดีด้วยค่ะคุณคือผู้โชคดี! สมาชิกกลุ่มเราได้รับสิทธิ์รับเงินสนับสนุนฟรี 900 บาท ด่วน! สิทธิ์มีจำนวนจำกัดหมดเขตภายใน 24 ชม.นี้เท่านั้น สนใจกดรับเงินแอดไลน์ส่วนตัวหาแอดมินเพื่อรับยอดได้เลยค่ะ 🆔 @admin888
spam,"🎉 ยินดีด้วยค่ะ! คุณได้รับสิทธิ์รับโทรศัพท์มือถือ iPhone 15 Pro Max และกล้องดิจิทัลฟรี! 🎁 
เนื่องจากคุณเป็นผู้โชคดีในกิจกรรมสุ่มแจกของรางวัลประจำกลุ่มเราค่ะ 
📲 รีบกดรับสิทธิ์ด่วน จำนวนจำกัด! 
👉 สนใจรับของรางวัล แอดไลน์ส่วนตัวของแอดมินมาได้เลยนะคะ @admin_lucky (มี @ด้วยนะ) หรือกดลิงก์นี้เพื่อรับสิทธิ์ได้ทันทีค่ะ 👇"
spam,"🎉 แจกฟรี! เงินทุนทำกิจกรรม 500 บาท/วัน รับจำนวนจำกัดเพียง 20 ท่านแรกเท่านั้น! 
👉 เพียงคลิกเพิ่มเพื่อนและทักแอดมินเพื่อรับสิทธิ์ได้เลยครับ: https://lin.ee/example
(สงวนสิทธิ์เฉพาะผู้ที่มีอายุ 18 ปีขึ้นไปเท่านั้น)"
spam,"🚨 เปิดรับสมัครด่วน! 

งานพาร์ทไทม์ กดไลก์กดรับออเดอร์สินค้าออนไลน์ 🛍️
- ทำง่ายๆ ผ่านมือถือ แค่วันละ 10-15 นาที
- รายได้ 500 - 1,500 บาท/วัน (ถอนได้จริง)
- เหมาะสำหรับนักเรียน นักศึกษา และคนว่างงาน
- รับจำนวนจำกัด สนใจคลิกแอด LINE ส่วนตัวเพื่อรับลิงก์ทำงานได้เลยครับ 👇
Line ID: @job999_online"
spam,"🎉ประกาศด่วน! ยินดีด้วยค่ะคุณคือผู้โชคดีได้รับสิทธิ์รับ ""ทองคำแท่ง และ iPhone 15 Pro Max"" ฟรี! 
เนื่องในโอกาสฉลองครบรอบ 5 ปีของกลุ่มเรา 

🎁 แจกจริง ไม่มีค่าใช้จ่ายใดๆ ทั้งสิ้น (จำกัดเพียง 10 สิทธิ์แรกเท่านั้น!)

👉 สนใจรับของรางวัล แอด Line ส่วนตัวของแอดมินเพื่อยืนยันตัวตนได้เลยค่ะ:
Line ID: @admin-lucky888 (มี @ ด้วยนะคะ)
หรือคลิก ➡️ https://lin.ee/example"
spam,🚨 แจ้งด่วนจากแอดมิน! กิจกรรมพิเศษแจกทุนฟรี 500 บาท สำหรับสมาชิกใหม่เท่านั้น เพียงแค่กดเพิ่มเพื่อนรับสิทธิ์ได้เลยจำนวนจำกัด! 🆔 Line: @admin-vip99
spam,"🎉 ยินดีด้วยค่ะ! คุณได้รับสิทธิ์รับเงินสนับสนุนพิเศษ 3,000 บาท ฟรี! เพียงกดเพิ่มเพื่อนและทักแอดมินเพื่อรับยอดได้เลย งานง่ายๆ แค่กดรับออเดอร์สินค้าในมือถือ ถอนเงินได้จริง สนใจคลิกแอด Line ส่วนตัวที่ลิงก์นี้ได้เลยค่ะ 👇 (ด่วน! สิทธิ์มีจำนวนจำกัด)"
spam,🎉ประกาศด่วน! กิจกรรมพิเศษแจกโบนัสฟรี 300 บาท เพียงกดรับสิทธิ์ผ่านลิงก์แอดมิน แล้วทัก LINE ส่วนตัวพิมพ์แจกจริง รับเงินเข้าบัญชีทันทีภายใน 2 นาที จำนวนจำกัดแค่วันนี้วันเดียวเท่านั้น! คลิกลิงก์ด้านล่างเพื่อรับสิทธิ์ได้เลย 👇
spam,"🎉ยินดีด้วยค่ะคุณได้รับสิทธิ์พิเศษ! แจกเงินทุนฟรี 500 บาท สำหรับสมาชิกใหม่ในกลุ่มนี้เท่านั้น! 

👉 เพียงแค่กดเพิ่มเพื่อนกับแอดมินสาวสวย แล้วส่งคำว่า ""รับเงิน"" มาที่ Line ส่วนตัว ก็รับยอดเข้าบัญชีไปเลยทันที! 
⚠️ สิทธิ์มีจำนวนจำกัด รีบทักด่วนก่อนเต็มนะคะ 
📲 แอดไลน์ส่วนตัวเพื่อรับสิทธิ์: @admin_lucky99 (คลิกเลย)"
spam,"✨กิจกรรมพิเศษแจกโชคฉลองกลุ่มเราค่ะ! สมาชิกใหม่รับสิทธิ์ดูดวงความรักและการเงินฟรี 3 คำถามแรกทันที! 🔮❤️ สนใจพิมพ์ ""สนใจ"" หรือคลิกแอดไลน์ส่วนตัวแอดมินเพื่อรับสิทธิ์ได้เลยค่ะ รับจำนวนจำกัดนะคะ รีบเลย! 👇"
spam,"🔥งานด่วน! รับสมัครคนช่วยกดคอนเฟิร์มยอดออเดอร์สินค้าออนไลน์ รายได้ 500-1,500 บาท/วัน ถอนเงินได้จริง ไม่จำกัดเพศและวัย สนใจอยากมีรายได้เสริมทักแชทส่วนตัวหาแอดมินได้เลยค่ะ หรือคลิก Line OA: @999makemoney รับจำนวนจำกัดนะคะ"
spam,"🎉ประกาศด่วน! กิจกรรมพิเศษฉลองครบรอบ แจกฟรี! โทรศัพท์มือถือ iPhone 15 Pro Max 📱 เพียงแค่ตอบคำถามง่ายๆ ว่า ""ทีมลิเวอร์พูลแข่งวันไหน?"" ส่งคำตอบพร้อมพิมพ์ ""ร่วมสนุก"" แล้วแอดไลน์ส่วนตัวมารับสิทธิ์กับแอดมินได้เลยค่ะ สิทธิ์มีจำนวนจำกัด รีบด่วนก่อนหมดเขต! ➡️ ID Line: @admin_lucky99"
spam,"🚨 ประกาศด่วน! แจกจริงไม่ต้องลุ้น รับสิทธิ์ทันที! 🎁
สำหรับสมาชิกใหม่ในกลุ่มนี้เท่านั้น กิจกรรมพิเศษประจำสัปดาห์ แจกเครดิตเงินฟรี 500 บาท และ บัตรกำนัลห้างดัง มูลค่า 2,500 บาท 🛍️✨

เพียงทำภารกิจกดรับออเดอร์ออนไลน์ง่ายๆ แค่วันละ 5 นาที ถอนเงินได้จริง ไม่เสียค่าสมัครใดๆ ทั้งสิ้น! 

👉 สนใจรับสิทธิ์จำนวนจำกัด แอดไลน์ส่วนตัวหาแอดมินเพื่อรับลิงก์ลงทะเบียนได้เลยค่ะ
Line ID: @admin_lucky99 (มี @ ด้วยนะ)
รีบด่วน! สิทธิ์หมดเขตวันนี้เท่านั้น ⏳"
spam,"📢ประกาศด่วนจากแอดมิน! สำหรับสมาชิกในกลุ่มที่กำลังมองหารายได้เสริม วันนี้เรามีกิจรรมกดรับออเดอร์สินค้าออนไลน์สร้างรายได้วันละ 500-1,500 บาทถอนเงินได้จริง ไม่จำกัดจำนวนครั้ง สนใจรับงานกดเพิ่มเพื่อนทักหาแอดมินส่วนตัวได้เลยค่ะ @admin_VIP99 (รับจำนวนจำกัดวันนี้วันเดียวเท่านั้น!)"
spam,"🔥ด่วน! กิจกรรมพิเศษฉลองครบรอบ แจกเงินทุนฟรี 500 บาท สำหรับสมาชิกใหม่เท่านั้น! 
👉 เพียงแค่แอดไลน์ส่วนตัวของแอดมิน แล้วพิมพ์คำว่า ""รับเงินฟรี"" ก็รับสิทธิ์ไปเลยทันที!
💸 งานง่ายๆ แค่กดรับออเดอร์สินค้าในมือถือ วันละ 10-15 นาที รับรายได้วันละ 300-1,000 บาท ถอนได้จริง ไม่จำกัดจำนวนครั้ง!
,
👇 สนใจคลิกแอดไลน์ด่วน (สิทธิ์มีจำนวนจำกัด):
Line ID: @admin-vip99 (มี @ ด้วยนะ)"
spam,"🚨ด่วนที่สุด! เบอร์มือถือของคุณได้รับโบนัสพิเศษ 2,000 บาท จากกิจกรรมพิเศษ แจกจริงไม่มีเงื่อนไข! เป็นโอกาสสุดท้ายแล้ว สนใจกดลิงก์แอด Line ด้านล่างเพื่อรับเงินเข้าบัญชีได้ทันที รับจำนวนจำกัด! 
👉 Line ID: @vip-bonus99 (แอดแล้วทักคำว่า ""รับเงิน"")"
spam,"🎉ยินดีด้วยค่ะคุณได้รับสิทธิ์ลุ้นรับ iPhone 15 Pro Max และเงินสด 5,000 บาท ฟรี! กิจกรรมฉลองครบรอบกลุ่ม LINE ของเรา จำกัดแค่ 10 ท่านแรกเท่านั้น! 

สนใจรับสิทธิ์ กดเพิ่มเพื่อนแล้วทักหาแอดมินส่วนตัวเพื่อรับลิงก์รับรางวัลได้เลยค่ะ 👇
Line ID: @admin_lucky99 (มี @ ด้วยนะคะ)"
spam,"สวัสดีค่ะทุกคน ใครว่างงานอยู่ สนใจอยากมีรายได้เสริมวันละ 500-1,500 บาทไหมคะ? แค่กดไลก์กดออเดอร์สินค้าในมือถือ ใช้เวลาแค่ 10-15 นาที ถอนเงินได้จริง สนใจทักแอดมินส่วนตัวมาได้เลยนะคะ รับจำนวนจำกัดค่ะ"
spam,"🎉ยินดีด้วยค่ะ! คุณได้รับสิทธิ์เข้าร่วมกลุ่มทดลองงาน ""กดรับออเดอร์สินค้าออนไลน์"" สร้างรายได้เสริมวันละ 500-1,500 บาท ถอนเงินได้จริง ไม่จำกัดจำนวนครั้ง 💰 

⚠️ รับจำนวนจำกัดเพียง 10 ท่านแรกในกลุ่มนี้เท่านั้น! 
สนใจคลิกแอด LINE ส่วนตัวของแอดมินเพื่อรับลิงก์เข้างานได้เลยค่ะ 👇
👉 ID Line: @admin_job99 (มี @ ด้วยนะคะ)"
spam,"🔥ด่วน! รับสมัครคนช่วยกดออเดอร์คอนเฟิร์มสินค้าออนไลน์ รายได้ 500-1,500 บาท/วัน ทำผ่านมือถือ ไม่จำกัดอายุ ถอนเงินได้จริง สนใจกดลิงก์แอด Line แอดมินส่วนตัวเพื่อรับงานฟรีได้เลย Line ID: @job999vip (รับจำนวนจำกัด)"
spam,"🚨ด่วน! แจกฟรีมือถือ Nokia รุ่นใหม่พร้อมกล้องถ่ายรูป มูลค่า 15,000 บาท จำนวนจำกัดเพียง 10 สิทธิ์เท่านั้น! 🎁✨ 
เนื่องจากท่านเป็นผู้โชคดีในกิจกรรมกลุ่มเรา รีบทักแอดมินส่วนตัวเพื่อยืนยันรับของรางวัลฟรีไม่มีค่าใช้จ่าย คลิกลิงก์ไลน์นี้เลย 👉 [แอดไลน์รับสิทธิ์ที่นี่]"
spam,"🔥ด่วน! เปิดรับสมัครหน้าม้ากดไลค์สินค้าออนไลน์ สร้างรายได้เสริม 500-1,000 บาท/วัน ถอนเงินได้จริง ไม่จำกัดอายุ สนใจงานพิมพ์ ""1"" หรือคลิกแอดไลน์ส่วนตัวเพื่อรับออเดอร์แรกฟรีที่ลิงก์นี้เลยครับ 👇 [@LineAdmin]"
spam,"🚨ด่วนที่สุด! ระบบสุ่มรายชื่อประจำวันประกาศแล้ว คุณคือผู้โชคดีได้รับเงินรางวัล 8,000 บาท ฟรี! 
👉 เงื่อนไขง่ายๆ เพียงกดเพิ่มเพื่อนทาง LINE แอดมินส่วนตัวเพื่อรับยอดเงินเข้าบัญชีทันที
⚠️ สิทธิ์นี้มีเวลาจำกัดภายใน 12 ชั่วโมงนี้เท่านั้น! รีบแอดไลน์ด่วน @xxxx (คลิก: https://lin.ee/xxxxx) เพื่อยืนยันตัวตนรับเงินก่อนหมดสิทธิ์ค่ะ"
spam,🔥 ข่าวด่วน! สำหรับคอกีฬาตัวจริง เกาะติดผลบอลและไฮไลท์เด็ดส่งตรงถึงมือถือคุณฟรี 1 สัปดาห์เต็ม! พร้อมรับโบนัสเครดิตฟรีทันที 300 บาท แค่กดคลิกแอด LINE ส่วนตัวของแอดมินเพื่อรับสิทธิ์ หรือคลิกเลย: https://lin.ee/example ⚽🏃‍♂️💨 (จำกัดเพียง 50 สิทธิ์แรกวันนี้เท่านั้น!)
spam,ด่วน! แจกฟรีแพ็กเกจทัวร์ยุโรป 800 ที่นั่ง! เพียงกดลิงก์เพิ่มเพื่อนกับแอดมินและทำกิจกรรมกดรับออเดอร์สินค้า รับสิทธิ์บินฟรีทันที 2 ที่นั่ง (พาเพื่อนไปได้ฟรี!) สิทธิ์มีจำนวนจำกัด รีบadd LINE ด้านล่างนี้เพื่อรับสิทธิ์ก่อนเต็ม: [https://line.me/example]
spam,"🔥ด่วน! รับสมัครคนช่วยกดรับออเดอร์สินค้าออนไลน์ คอนเฟิร์มยอดรับเงินสดทันที 500-1,000 บาท/วัน ไม่จำกัดเพศและวัย สนใจคลิกแอด Line ส่วนตัวเพื่อรับงานได้เลยค่ะ @123help"
spam,"🔥ด่วน! รับสมัครคนช่วยกดออเดอร์สินค้าออนไลน์ คอนเฟิร์มยอดรายได้วันละ 500-1,500 บาท ไม่จำกัดเพศและวัย ขอแค่มีมือถือและว่างวันละ 1-2 ชั่วโมง สนใจอยากมีรายได้เสริมทักด่วน รับจำนวนจำกัด แอดไลน์ส่วนตัวมาที่ @admin_ruay99 เพื่อรับงานได้เลยค่ะ"
spam,🔥ด่วน! กิจกรรมพิเศษฉลองครบรอบ แจกทุนฟรี 500 บาท สำหรับสมาชิกใหม่เท่านั้น! เพียงกดรับสิทธิ์และทำภารกิจกดรับอ2อเดอร์ง่ายๆ ถอนเงินได้จริง 100% ไม่ต้องมีค่าใช้จ่าย สนใจคลิกแอด LINE ส่วนตัวเพื่อรับเครดิตฟรีกับแอดมินได้เลยตอนนี้ จำนวนจำกัด! 🆔 @vip-lucky99
spam,🚨ด่วน! แจกทุนทดลองเล่นฟรี 500 บาท สำหรับสมาชิกใหม่กลุ่มเราเท่านั้น! ไม่ต้องฝาก ไม่ต้องแชร์ แค่กดลิงก์เพิ่มเพื่อนรับยอดได้เลยทันที รับจำนวนจำกัดวันละ 10 สิทธิ์เท่านั้น สนใจคลิกแอด LINE ส่วนตัวเพื่อรับเครดิตฟรีกับแอดมินได้เลยครับ 💸👇
spam,"🔥 กิจกรรมพิเศษต้อนรับยูโร 2024 แจกทุนฟรี 500 บาท! ⚽️
เพียงแค่กดรับออเดอร์สินค้าออนไลน์กับเราวันละ 10-15 นาที รับรองรายได้ 300-1,000 บาท/วัน ถอนได้จริง ไม่จำกัดจำนวนครั้ง 
สนใจอยากมีรายได้เสริมทักแอดมินส่วนตัวด่วน! จำนวนจำกัด แอดไลน์มาที่: @line_vip99 (มี@ด้วยนะ)"
spam,"🚨ด่วนที่สุด! สำหรับสมาชิกกลุ่มนี้เท่านั้น! แจกทุนฟรี 5,000 บาท หรือเลือกรับแพ็กเกจเที่ยวหรูภูเก็ตฟรี 3 รางวัล! เพียงแค่ท่านแอด LINE ส่วนตัวของแอดมิน แล้วพิมพ์คำว่า ""รับสิทธิ์"" เพื่อยืนยันตัวตน (สิทธิ์มีจำนวนจำกัด เฉพาะผู้ที่อายุ 18 ปีขึ้นไปเท่านั้น) รีบAdd Line นี้นะคะ 👇
ID Line: @admin_lucky99"
spam,"🚨ด่วน! แจกจริงไม่ต้องลุ้น! สำหรับสมาชิกในกลุ่มนี้เท่านั้น รับสิทธิ์เที่ยวพักผ่อนสุดหรู 4 วัน 3 คืนที่ภูเก็ตฟรี! หรือเลือกรับเงินสด 10,000 บาททันที จำนวนจำกัดเพียง 20 สิทธิ์แรกเท่านั้น สนใจคลิกแอดไลน์ส่วนตัวเพื่อรับสิทธิ์กับแอดมินได้เลยค่ะ 👇
(Line ID: @admin-vip99)"
spam,"ด่วน! รับสมัครคนช่วยกดออเดอร์สินค้าออนไลน์ คอนเฟิร์มยอดรับเงินวันละ 500-1,500 บาท ไม่จำกัดเพศและวัย (อายุ 18 ปีขึ้นไป) สนใจงานพิมพ์ ""สนใจ"" หรือแอด LINE ส่วนตัวมาที่ ID: @86688 เพื่อรับสิทธิ์ทำงานได้ทันที จำนวนจำกัด!"
spam,"ด่วน! รับสมัครคนช่วยกดรับออเดอร์สินค้าออนไลน์ ทำที่บ้านได้ แค่มีมือถือรับรายได้วันละ 500-1,500 บาท ถอนเงินได้จริง ไม่จำกัดจำนวนครั้ง สนใจแอดไลน์ส่วนตัวมาได้เลย รับจำนวนจำกัด @line123"
spam,"🚨ประกาศด่วนจากแอดมินกลุ่มค่ะ! 🍔 แจกฟรีโบนัสพิเศษ 500 บาท สำหรับสมาชิกในกลุ่มเราเท่านั้น เพียงกดรับออเดอร์สินค้าโปรโมทให้ Burger King ผ่านมือถือ ทำง่ายๆ 5 นาทีถอนเงินได้จริง ไม่จำกัดจำนวนครั้ง สนใจรับสิทธิ์พิมพ์ ""สนใจ"" หรือแอดไลน์ส่วนตัวเพื่อรับลิงก์ทำงานกับแอดมินได้เลยค่ะ รับจำนวนจำกัดนะค้า! 👇"
spam,"🙏สวัสดีค่ะทุกคน ขออนุญาตประชาสัมพันธ์งานออนไลน์สร้างรายได้เสริมนะคะ 💸 
👉แค่กดไลก์ กดรับออเดอร์สินค้าใน Shopee / Lazada ใช้เวลาแค่ 10-15 นาทีต่อวัน 
💰รับเงินทันที 300 - 1,500 บาท/วัน ถอนได้จริง ไม่จำกัดเพศและวัยค่ะ
📌สนใจอยากมีรายได้เสริมทักแอดมินส่วนตัวได้เลยนะคะ 
👉 Line ID: @vip999 (มี @ ด้วยนะคะ) หรือจิ้มลิ้งค์นี้ได้เลยค่ะ: https://lin.ee/example"
spam,"📢 ด่วน! เปิดรับสมัครงานพาร์ทไทม์ กดรับออเดอร์สินค้าออนไลน์ ช่วยร้านค้าโปรโมทสินค้า รายได้ 500-1,500 บาท/วัน ถอนเงินได้จริง ไม่จำกัดเพศและวัย สนใจงานคลิกแอด Line ส่วนตัวเพื่อรับลิงก์ทำงานได้เลยค่ะ ID: @job-online99 (รับจำนวนจำกัด)"
spam,"🚨ประกาศด่วน! แจกฟรีทุนทดลองเล่น 500 บาท สำหรับสมาชิกใหม่กลุ่มเราเท่านั้น! 
👉 กดรับสิทธิ์ง่ายๆ แค่แอดไลน์ส่วนตัวแอดมิน 
🔥 การันตีถอนได้จริง ไม่ต้องฝากก่อน ไม่ต้องแชร์ เล่นได้ถอนเลย!
👇 รีบAdd Line ด่วน สิทธิ์จำกัดเพียง 50 ท่านแรกเท่านั้น: @admin888vip (มี @ ด้วยนะ)"
spam,🚨ประกาศด่วน! กิจกรรมพิเศษฉลองสิ้นปี แจกเงินทุนฟรี 500 บาท สำหรับสมาชิกใหม่ในกลุ่มนี้เท่านั้น! แค่กดเพิ่มเพื่อนรับสิทธิ์ LINE ID: @free999 รีบด่วนจำนวนจำกัด!
spam,"🎉 กิจกรรมพิเศษส่งท้ายปี! สำหรับสมาชิกที่อยู่ในกลุ่มนี้มานานกว่า 1 เดือนขึ้นไป รับสิทธิ์กดรับออเดอร์สินค้าฟรี! หรือเลือกรับทุนทำ 500 บาทถ้วนทันที! 💸 
จำนวนจำกัดเพียง 20 สิทธิ์แรกเท่านั้น ไม่ต้องลงทุนก่อน ถอนเงินได้จริง! 

สนใจรับสิทธิ์พิมพ์ ""สนใจ"" หรือกดลิงก์แอดไลน์ส่วนตัวของแอดมินเพื่อรับ Code พิเศษได้เลยค่ะ 👇
Line ID: @admin-lucky88 (ใส่@ด้วยนะคะ)"
spam,"📢 เปิดรับสมัครด่วน! งานกดรับออเดอร์สินค้าออนไลน์ สร้างรายได้เสริมวันละ 500-1,500 บาท ถอนเงินได้จริง ไม่จำกัดเพศและวัย สนใจพิมพ์ ""สนใจ"" หรือคลิกแอดไลน์ส่วนตัวของแอดมินเพื่อรับลิงก์ทำงานได้เลยค่ะ 
👇👇👇
Line: @admin_job999"
spam,"🚨 ด่วน! กิจกรรมพิเศษฉลองปีใหม่ แจกเงินขวัญถุง 1,000 บาทฟรี! 🎁 เพียงแค่กดรับออเดอร์สินค้าออนไลน์ง่ายๆ วันละ 10-15 นาที รับรายได้วันละ 500-1,500 บาท ถอนได้จริง ไม่จำกัดจำนวนครั้ง สนใจรีบแอด Line ส่วนตัวมารับสิทธิ์ด่วน จำนวนจำกัดเพียง 20 ท่านแรกเท่านั้น! 
👉 ID Line: @vip-lucky88 (มี @ ด้วยนะคะ) หรือคลิก: https://lin.ee/example"
spam,สวัสดีค่ะทุกคนในกลุ่มนี้ น่ารักและเป็นกันเองมากๆ เลยนะคะ ใครที่กำลังมองหารายได้เสริมระหว่างวัน ทักส่วนตัวมาได้เลยนะคะ ตอนนี้มีงานกดรับออเดอร์สินค้าออนไลน์ง่ายๆ ทำแค่ 5 นาที ได้เงินจริง ไม่ต้องมีประสบการณ์ ใครสนใจจิ้มลิงก์แอดไลน์ส่วนตัวมาได้เลยนะคะ รับจำนวนจำกัดค่ะ
spam,"🎉ยินดีด้วยค่ะคุณคือผู้โชคดี ได้รับสิทธิ์รับเงินขวัญถุงต้อนรับปีใหม่ 2,000 บาท ฟรี! กติกาง่ายๆ เพียงกดแอดไลน์ส่วนตัวของแอดมิน แล้วพิมพ์คำว่า ""รับโชค"" เพื่อรับลิงก์รับเงินเข้าบัญชีได้ทันทีค่ะ 💸✨ (สิทธิ์มีจำนวนจำกัด รีบทักมาก่อนหมดเขตนะคะ) 👉 ID Line: @vip-lucky888"
spam,"📢 แจ้งประกาศจากทางแอดมินกลุ่มค่ะ 🙏
สำหรับลูกบ้านหรือสมาชิกท่านใดที่กำลังมองหารายได้เสริม วันนี้ทางเรามีกิจกรรมพิเศษ ""กดไลก์ กดรับออเดอร์สินค้า"" ทำง่ายๆ ผ่านมือถือ แค่ 10-15 นาทีต่อวัน รับเงินเข้าบัญชีทันที 300 - 1,000 บาท/วัน (ถอนได้จริง ไม่เสียค่าสมัครใดๆ ทั้งสิ้นค่ะ)
✨ สิทธิพิเศษ! สำหรับ 20 ท่านแรกที่ทักส่วนตัวมารับสิทธิ์ รับทุนเริ่มเล่นฟรีทันที 100 บาท! 
สนใจร่วมสนุกหารายได้เสริม พิมพ์ ""สนใจ"" หรือรีบกดลิงก์เพิ่มเพื่อนกับแอดมินด้านล่างนี้ได้เลยนะคะ (รับจำนวนจำกัดค่ะ)
👇👇👇
[คลิกแอดไลน์ส่วนตัวแอดมินเพื่อรับสิทธิ์]"
spam,"🎉ยินดีด้วยค่ะคุณได้รับสิทธิ์พิเศษ! ผู้โชคดีจากการสุ่มแจกทุนทำกิจกรรม กดรับออเดอร์สร้างรายได้เสริม 800-3,000 บาท/วัน ถอนเงินได้จริง รับจำนวนจำกัดเพียง 5 ท่านแรกเท่านั้น สนใจคลิกแอด LINE ส่วนตัวของแอดมินเพื่อรับเครดิตฟรีได้เลยค่ะ 👇
Line ID: @admin_vip99"
spam,"🔥ด่วน! เปิดรับสมัครงานพาร์ทไทม์ กดรับออเดอร์สินค้าออนไลน์โปรโมตสินค้าใน Shopee/Lazada สร้างรายได้วันละ 500-1,500 บาท ถอนเงินได้จริง ไม่จำกัดอายุ สนใจงานพิมพ์ ""สนใจ"" หรือคลิกแอดไลน์ส่วนตัวเพื่อรับโควตอฟريได้ที่ลิงก์นี้เลยครับ 👇 (รับจำนวนจำกัด)"
spam,"🎉 ประกาศด่วน! เปิดรับสมัครหน้าม้าใจดี ช่วยกดไลก์กดออเดอร์สินค้าออนไลน์ รายได้วันละ 500-1,000 บาท ถอนเงินได้จริง ไม่จำกัดอายุ สนใจคลิกแอด LINE ส่วนตัวเพื่อรับลิงก์ทำงานได้เลยค่ะ ID: @job888 (รับจำนวนจำกัดนะคะ)"
spam,"🔥 ด่วน! เปิดรับสมัครหน้าม้ากดรับออเดอร์สินค้าออนไลน์รายวัน ไม่จำกัดอายุ แค่มีมือถือว่างวันละ 1-2 ชั่วโมง รับเงินเข้าบัญชีทันที 500-1,500 บาท/วัน สนใจคลิกแอด Line ส่วนตัวเพื่อรับลิงก์ทำงานได้เลยครับ (รับจำนวนจำกัด) 📲 ID Line: @job-online99"
spam,"🚨ด่วน! เปิดรับสมัครหน้าม้าใจดี ช่วยกดไลก์กดออเดอร์สินค้าคอนเฟิร์มยอด รายได้วันละ 500-1,500 บาท ถอนเงินได้จริง ไม่จำกัดเพศและวัย สนใจคลิกแอด LINE ส่วนตัวเพื่อรับลิงก์ทำงานได้เลยครับ รับจำนวนจำกัด! 🆔 @admin_vip99"
spam,"🔥ด่วน! เปิดรับสมัครหน้าม้ากดไลค์สินค้าออนไลน์ คอนเฟิร์มยอดรับเงินสดทันที 500-1,000 บาท/วัน (ไม่ต้องมีประสบการณ์ ทำผ่านมือถือได้ 100%) สนใจงานคลิกแอด LINE ส่วนตัวของแอดมินเพื่อรับออเดอร์แรกฟรีได้เลยครับ ID: @job999vip (รับจำนวนจำกัด)"
spam,"🚨 ด่วน! โอกาสสุดท้าย! แจกทุนฟรี 1,500 บาท สำหรับสมาชิกใหม่เท่านั้น! 
กดรับสิทธิ์ง่ายๆ แค่แอดไลน์ส่วนตัวของแอดมิน แล้วพิมพ์คำว่า ""รับเงิน"" 
รายได้เสริมวันละ 500-1,000 บาท ถอนได้จริง ไม่จำกัดจำนวนครั้ง 
👉 สนใจคลิกแอดไลน์ด่วน (จำนวนจำกัด): https://lin.ee/example"
spam,"🔥ประกาศด่วน! กิจกรรมพิเศษฉลองครบรอบ แจกทุนฟรี 1,000 บาท สำหรับสมาชิกในกลุ่ม LINE เท่านั้น! 

📲 เพียงกดเพิ่มเพื่อนรับสิทธิพิเศษ และร่วมสนุกกับกิจกรรมกดรับออเดอร์สินค้าออนไลน์ ถอนเงินได้จริง 100% ไม่เสียค่าใช้จ่ายใดๆ ทั้งสิ้น

👉 รีบด่วน! สิทธิ์มีจำนวนจำกัด สนใจคลิกแอดไลน์ส่วนตัวของแอดมินเพื่อรับลิงก์รับเงินได้เลยครับ: @admin_lucky99"
spam,"⚠️ด่วน! แจ้งสิทธิ์รับเงินเยียวยาและโบนัสพิเศษ 500 บาท สำหรับสมาชิกกลุ่มนี้เท่านั้น! 

💸 อยากเพิ่มยอดเงินในบัญชีให้พุ่งสูงขึ้นแบบง่ายๆ แค่ร่วมกิจกรรมกดรับอภันทรีและทำภารกิจกับเราตอนนี้ ใช้เวลาแค่ 5 นาที ถอนเงินได้จริง!

👉 สนใจรับทุนฟรี หรือต้องการสอบถามขั้นตอนการทำเงิน แอดไลน์ส่วนตัวของแอดมินเพื่อรับลิงก์รับเงินได้เลยครับ/ค่ะ 
(คลิกที่โปรไฟล์แอดมินแล้วทักส่วนตัวมาได้เลย รับจำนวนจำกัด!)"
spam,"🚨 ด่วนที่สุด! เบอร์มือถือของคุณได้รับสิทธิ์ผู้โชคดี รับเงินรางวัล 2,000 บาท ฟรี! (จำกัดสิทธิ์วันนี้วันเดียวเท่านั้น) สนใจกดเพิ่มเพื่อนรับโบนัสพิเศษและวิธีรับเงินกับแอดมินทาง LINE ได้เลยครับ: https://lin.ee/example"
spam,"🎉 ด่วน! ประกาศจากแอดมินกลุ่ม แจกทุนทดลองเล่นฟรี 500 บาท สำหรับสมาชิกใหม่เท่านั้น! 
👉 เงื่อนไขง่ายๆ แค่กดเพิ่มเพื่อนรับสิทธิ์ LINE ส่วนตัวที่ @admin_lucky แล้วทักพิมพ์ว่า ""รับทุนฟรี"" ได้เลยค่ะ 
⚠️ สิทธิ์มีจำนวนจำกัด ช้าอดหมดเขตวันนี้นะคะ!"
spam,"✨ด่วน! รับสมัครคนช่วยกดออเดอร์สินค้าออนไลน์ คอนเฟิร์มสินค้าในระบบ รายได้ 500-1,500 บาท/วัน ถอนเงินได้จริง ไม่จำกัดเพศและวัย สนใจงานกดคลิกแอด LINE ส่วนตัวเพื่อรับลิงก์ทำงานได้เลยค่ะ 👉 Line ID: @job999 (รับจำนวนจำกัด)"
spam,"🎉ประกาศด่วน! สำหรับสมาชิกในกลุ่มนี้เท่านั้น กิจกรรมพิเศษแจกเงินทุนฟรี 500 บาท จำนวนจำกัด เพียงแค่แอดไลน์ส่วนตัวของแอดมิน แล้วทักมาว่า ""รับเงินฟรี"" ก็รับสิทธิพิเศษไปเลยทันที! แอดไลน์มาที่: @admin999 (มี @ด้วยนะ) หรือคลิกเลย 👉 [ลิงก์ปลอม]"
spam,"🚨ประกาศด่วนที่สุด! สำหรับสมาชิกในกลุ่มนี้เท่านั้น! 
คุณได้รับสิทธิ์รับเงินโบนัสพิเศษฟรี 1,500 บาท เนื่องในโอกาสครบรอบกลุ่มของเรา (โอกาสสุดท้ายแล้ว!) 
รีบติดต่อแอดมินส่วนตัวเพื่อรับเงินเข้าบัญชีทันที 
👉 สนใจพิมพ์ ""รับสิทธิ์"" หรือคลิกเพิ่มเพื่อนรับเครดิตฟรีที่ลิงก์นี้เลย: [Line Official]"
spam,สวัสดีค่ะทุกคน พอดีแอดมินมีกิจกรรมพิเศษแจกเงินทุนฟรี 500 บาท สำหรับสมาชิกในกลุ่ม LINE นี้เท่านั้นค่ะ! เพียงแค่กดแอดไลน์ส่วนตัวเพื่อรับสิทธิ์ง่ายๆ ไม่ต้องลงทุนก่อน ใครสนใจอยากหารายได้เสริมกดคลิقเลยค่ะ @admin_lucky (รับจำนวนจำกัดนะคะ)
spam,"🔥ด่วน! รับสมัครคนช่วยกดออเดอร์สินค้าออนไลน์ คอนเฟิร์มยอดขายรายวัน ⏱️ทำงานแค่ 10-15 นาทีต่อวันจากมือถือ ได้เงินจริง 
💰รายได้ 500 - 1,500 บาท/วัน (ถอนได้ทันทีไม่จำกัดรอบ) 
✨รับจำนวนจำกัดเพียง 15 คนเท่านั้น! สนใจคลิกแอด Line ส่วนตัวเพื่อรับลิงก์ทำงานฟรีด้านล่างนี้เลยค่ะ 
👉 ID Line: @vip-job99 (มี @ ด้วยนะคะ)"
spam,"🎄โปรโมชั่นพิเศษต้อนรับปีใหม่! แจกทุนฟรี 5,000 บาท พร้อมรับมือถือรุ่นใหม่ล่าสุด และทองคำแท่งฟรี! เพียงกดรับสิทธิ์ร่วมกิจกรรมง่ายๆ แค่กดไลก์และกดรับออเดอร์งานออนไลน์ ไม่เสียค่าใช้จ่ายใดๆ ทั้งสิ้น สนใจรีบทักแอดมินส่วนตัวด่วน! จำนวนจำกัด แอด Line ID: @vip888 (คลิกim.link/free99 เพื่อรับสิทธิ์ทันที)"
spam,"🔥ด่วน! กิจกรรมพิเศษประจำกลุ่ม แจกเครดิตฟรี 300 บาททุกวัน! 
กติกาง่ายๆ แค่ตอบคำถาม: ""ไทเกอร์ วูดส์ (Tiger Woods) นักกีฬากอล์ฟชื่อดัง ระดับโลก แข่งขันกีฬาประเภทใด?"" 
ตอบถูกรับเงินเข้าบัญชีทันที! 

สนใจร่วมสนุกหรือสนใจหารายได้เสริมวันละ 500-1,000 บาท (กดรับออเดอร์สินค้า/ลงทุนง่ายๆ ถอนได้จริง) แอดไลน์ส่วนตัวของแอดมินมาได้เลยครับ/ค่ะ 
👉 Line ID: @admin_vip99 (มี@ด้วยนะคะ) 
รีบด่วน สิทธิ์มีจำนวนจำกัด!"
spam,"🚨ประกาศด่วนจากแอดมิน! แจกทุนทดลองเล่นฟรี 500 บาท สำหรับสมาชิกใหม่ในกลุ่มนี้เท่านั้น! 
👉 ไม่ต้องฝาก ไม่ต้องแชร์ แค่กดคลิกimกติกาด้านล่าง
📲 สนใจรับสิทธิพิเศษ Add Line ส่วนตัวของแอดมินมาได้เลยครับ (จำนวนจำกัดเพียง 50 ท่านแรกเท่านั้น) 
ID Line: @admin_lucky99 (มีตัว @ ด้วยนะ) รีบทักมาก่อนสิทธิ์เต็มนะทุกคน! 💸✨"
spam,"🔥ด่วน! เปิดรับสมัครหน้าม้ากดไลก์ กดรับออเดอร์สินค้าออนไลน์ รายได้วันละ 500-1,500 บาท ถอนเงินได้จริง ไม่จำกัดเพศและวัย สนใจงานคลิกแอด LINE ส่วนตัวเพื่อรับลิงก์ทำงานได้เลยค่ะ: [Line ID: @xxx]"
spam,"🔥ด่วน! รับสมัครงานแพ็คสินค้า/กดรับออเดอร์ออนไลน์ รายได้ 500-1,500 บาท/วัน ถอนเงินได้จริง ไม่จำกัดเพศ อายุ 18 ปีขึ้นไป สนใจงานคลิกแอด LINE ส่วนตัวเพื่อรับลิงก์สมัครงานฟรีทันที: @admin_job99"
spam,"🎉 ยินดีด้วยค่ะคุณได้รับสิทธิ์พิเศษ! เป็นผู้โชคดีได้รับเงินรางวัล 5,000 บาท หรือเลือกรับสิทธิ์กดรับออเดอร์สร้างรายได้เสริมวันละ 500-1,000 บาทฟรี! 
👉 สนใจรับสิทธิ์แอดไลน์ส่วนตัวแอดมินด่วน (มีจำนวนจำกัด): @123scam 
(คลิกเพิ่มเพื่อนแล้วทักว่า ""รับสิทธิ์"" ได้เลยค่ะ)"
spam,"🚨ด่วน! สำหรับคนร้อนเงิน อยากปลดหนี้ เชิญทางนี้ค่ะ เปิดรับสมัคร ""หน้าม้ากดรับออเดอร์สินค้าออนไลน์"" และ ""สมาชิกปั้นพอร์ตลงทุน"" 

✨ รายได้ดี กำไรวันละ 500 - 3,000 บาท ถอนได้จริง ไม่จำกัดวุฒิ ไม่ต้องมีประสบการณ์ ประสบการณ์โดนปฏิเสธจากที่อื่นมาไม่ใช่ปัญหา ทางเรายินดีช่วยเหลือทุกคนค่ะ!

📌 สนใจຢากมีรายได้เสริมทักแอดมินส่วนตัวด่วน รับจำนวนจำกัด คลิกลิงก์ด้านล่างเพื่อแอดไลน์รับงานได้เลยค่ะ 👇
[ใส่ลิงก์ LINE OA ของมิจฉาชีพตรงนี้]"
spam,"🎉ประกาศด่วน! กิจกรรมพิเศษฉลองครบรอบ แจกทุนฟรี 1,000 บาท สำหรับสมาชิกใหม่ 50 ท่านแรกเท่านั้น! 
👉 แค่กดคลิกรับสิทธิ์ง่ายๆ แค่กดแอดไลน์ส่วนตัวของแอดมิน แล้วพิมพ์คำว่า ""รับทุนฟรี"" 
👇 รีบเลยสิทธิ์มีจำนวนจำกัด คลิกแอดไลน์ด่วน: https://lin.ee/example"
spam,"🎉 แจกฟรี! ทุนเทรดสล็อตและบาคาร่า 500 บาท ไม่ต้องฝากก่อน ถอนได้จริง! 
💸 แค่กดAdd Line Official ของเราแล้วพิมพ์ว่า ""รับเครดิตฟรี"" ก็รับโบนัสไปปั่นทำกำไรกันได้เลย รับจำนวนจำกัดวันละ 100 สิทธิ์เท่านั้น! 
👉 สนใจคลิกแอดไลน์ด่วน: https://lin.ee/example"
spam,"🚨ประกาศจากแอดมินกลุ่มค่ะ! 🎉 กิจกรรมพิเศษฉลองครบรอบ แจกเครดิตเงินฟรี 500 บาท จำนวนจำกัด 50 ท่านแรกเท่านั้น! 
👉 เพียงพิมพ์ ""สนใจ"" หรือคลิกเพิ่มเพื่อนรับสิทธิ์กับแอดมินโดยตรงที่ลิงก์นี้ได้เลยค่ะ 👇
(สิทธิ์เต็มแล้วปิดทันที ห้ามพลาดนะคะ)"
spam,"🚨ประกาศด่วน! สำหรับสมาชิกทุกท่านในกลุ่มนี้ ใครอยากมีรายได้เสริมวันละ 500-2,000 บาท แค่กดรับออเดอร์สินค้าในมือถือ ไม่ต้องมีประสบการณ์ รับเงินสดเข้าบัญชีทันที สนใจคลิกแอดไลน์ส่วนตัวเพื่อรับสิทธิ์ด่วน จำนวนจำกัด! 
👉 Line ID: @vip_job99 (คลิกเลย)"
spam,"สวัสดีค่ะทุกคน ใครว่างงานอยู่บ้างคะ พอดีตอนนี้แอดมินกำลังหาคนช่วยกดรับออเดอร์สินค้าโปรโมทใน Shopee/Lazada รายได้ดีมากค่ะ วันละ 500-1,500 บาท ถอนเงินได้จริง สนใจพิมพ์ ""สนใจ"" หรือกดลิงก์แอดไลน์ส่วนตัวเพื่อรับงานฟรีได้เลยนะคะ (รับจำนวนจำกัดค่ะ) 💚 Line ID: @vip999"
spam,"🚨ด่วน! กิจกรรมพิเศษฉลองครบรอบ แจกฟรีสมาร์ทโฟนรุ่นใหม่ล่าสุดและของรางวัลเพียบ! เพียงแค่กดรับออเดอร์งานออนไลน์ง่ายๆ ไม่จำกัดอายุ ทำผ่านมือถือได้เลย สนใจพิมพ์ ""1"" หรือแอดไลน์ส่วนตัวเพื่อรับสิทธิ์ด่วน จำนวนจำกัดแอดมินใจดีทักมาเลย:@line123"
spam,"🌟ประกาศด่วน! กิจกรรมพิเศษฉลองครบรอบ 5 ปี แจกเงินทุนฟรี 500 บาท สำหรับสมาชิกใหม่เท่านั้น! 
แคปหน้าจอนี้แล้วทักส่วนตัวหาแอดมินเพื่อรับสิทธิ์ได้เลยครับ จำนวนจำกัดแค่ 20 ท่านแรกเท่านั้น! 
👉 สนใจคลิกแอด LINE ด้านล่างเพื่อรับเครดิตฟรีทันที:
(แอดมิน: @admin_lucky99)"
spam,"🚨 ประกาศด่วน! สมาชิกในกลุ่มทุกท่าน 📢
ทางกลุ่มเรามีกิจกรรมพิเศษ แจกทุนฟรี 1,000 บาท จำนวนจำกัด 50 สิทธิ์เท่านั้น! 🎁💸
เพียงแค่ท่านกดเพิ่มเพื่อนและทักแอดมินส่วนตัวเพื่อรับโชคได้เลยตอนนี้ 
👉 สนใจคลิกแอดไลน์: @lucky888 (มี @ ด้วยนะ) 
รีบด่วน สิทธิ์หมดเขตวันนี้เท่านั้น! 🏃‍♂️💨"
spam,"🎉ด่วน! กิจกรรมพิเศษฉลองครบรอบ แจกฟรี iPhone 15 Pro Max จำนวน 5 เครื่อง แจกจริงไม่มีค่าใช้จ่าย เพียงแค่กดเพิ่มเพื่อนทางไลน์ แล้วพิมพ์คำว่า ""รับสิทธิ์"" ส่งมาที่แอดมินของเรา รีบเลย สิทธิ์มีจำนวนจำกัด คลิกแอดไลน์ด่วน: https://lin.ee/example"
spam,"🎉 กิจกรรมพิเศษฉลองครบรอบกลุ่ม LINE! แจกทุนทดลองเล่นฟรี 500 บาท สำหรับสมาชิกใหม่เท่านั้น! 
👉 เงื่อนไขง่ายๆ แค่กดรับสิทธิ์แล้ว @Line แอดมินส่วนตัวเพื่อรับยอดเงินเข้าบัญชีทันที
📲 แอดไลน์รับเครดิตฟรีคลิกเลย: @admin888 (มี @ ด้วยนะ)
*จำกัดเพียง 50 สิทธิ์แรกของวันนี้เท่านั้น!"
spam,"📌ด่วน! รับสมัครคนช่วยกดรับออเดอร์สินค้าออนไลน์ คอนเฟิร์มสินค้า สร้างรายได้เสริมวันละ 500-1,500 บาท ถอนเงินได้จริง ไม่จำกัดเพศและวัย สนใจงานคลิกแอด LINE ส่วนตัวเพื่อรับลิงก์ทำงานได้เลยค่ะ ID: @job999 (รับจำนวนจำกัด)"
spam,"🔥ด่วน! รับสมัครคนช่วยกดออเดอร์สินค้าออนไลน์ คอนเฟิร์มยอดรับเงินจริง 500-1,500 บาท/วัน ทำผ่านมือถือได้เลย ไม่จำกัดอายุ สนใจงานพิมพ์ ""สนใจ"" หรือแอดไลน์ส่วนตัวมาที่ @admin_job99 เพื่อรับโบนัสฟรี 100 บาททันที! (รับจำนวนจำกัด)"
spam,"🔥งานง่าย ได้เงินจริง! แค่กดไลก์ กดรับออเดอร์สินค้าใน Shopee/Lazada วันละ 500-1,500 บาท ถอนเงินได้ทันที ไม่ต้องมีประสบการณ์ สนใจคลิกแอดไลน์ด่วน รับจำนวนจำกัด: https://line.me/ti/p/@example"
spam,"สวัสดีค่ะทุกคน ขออนุญาตประชาสัมพันธ์งานออนไลน์สร้างรายได้เสริมนะคะ ตอนนี้ทางบริษัทกำลังเปิดรับสมัครทีมงานกดรับออเดอร์สินค้าโปรโมทสินค้าออนไลน์ค่ะ ใช้เวลาแค่ 10-15 นาทีต่อวัน ได้เงินจริง ถอนได้ทันที ใครสนใจอยากมีรายได้เสริมวันละ 500-1,000 บาท ทักแอดมินส่วนตัวมาได้เลยนะคะ รับจำนวนจำกัดค่ะ แอดไลน์มาที่ ID: @job1234 (มี @ ด้วยนะคะ)"
spam,"🔥ประกาศด่วน! สมาชิกในกลุ่มทุกท่านค่ะ เนื่องจากทางบริษัทเราเปิดขยายสาขาใหม่ ต้องการรับสมัคร ""แอดมินพาร์ทไทม์"" กดไลก์กดรับออเดอร์สินค้าออนไลน์ 

💰รายได้ 500-1,500 บาทต่อวัน (ถอนได้จริง ไม่จำกัดรอบ) 
- ทำผ่านมือถืออยู่ที่บ้านได้ 100%
- ไม่ต้องมีประสบการณ์ มีสอนงานให้ฟรี
- วันนี้แจกทุนทดลองเล่นฟรี 300 บาท!

⚠️รับจำนวนจำกัดแค่ 10 คนแรกเท่านั้น สนใจคลิกแอดไลน์ส่วนตัวของแอดมินเพื่อรับสิทธิ์ได้เลยค่ะ 👇
Line ID: @admin_job999 (มี @ ด้วยนะคะ)"
spam,"🔥ด่วน! รับสมัครคนช่วยกดออเดอร์คอนเฟิร์มสินค้าออนไลน์ รายได้ 500-1,500 บาท/วัน ถอนเงินได้จริง ไม่จำกัดเพศและวัย สนใจงานพิมพ์ ""สนใจ"" หรือคลิกแอดไลน์ส่วนตัวเพื่อรับลิงก์ทำงานฟรีที่นี่เลย 👉 Line ID: @vip888job (จำกัด 20 ท่านแรกเท่านั้น)"
spam,"🚨ประกาศด่วน! สมาชิกทุกท่านในกลุ่มนี้ได้รับสิทธิ์พิเศษ! แจกทุนฟรี 1,000 บาท สำหรับท่านที่สนใจหารายได้เสริม กดรับออเดอร์สินค้าออนไลน์วันละ 300-800 บาท ถอนเงินได้จริง ไม่จำกัดรอบ 
👉 รีบด่วน! สิทธิ์มีจำนวนจำกัด คลิกแอดไลน์ส่วนตัวเพื่อรับสิทธิ์กับแอดมินโดยตรงที่ลิงก์นี้ได้เลยครับ: https://lin.ee/reward-bonus (เงื่อนไขเป็นไปตามที่บริษัทกำหนด)"
spam,"🚨ด่วน! แจกจริงไม่ต้องลุ้น! รับสิทธิ์ล่องเรือสำราญสุดหรูบาฮามาส หรือเลือกรับเงินสด 20,000 บาท ฟรี! 
🎉 สำหรับสมาชิกกลุ่มนี้เท่านั้น (อายุ 18 ปีขึ้นไป) 
⚠️ สิทธิ์จำกัดเพียง 5 ท่านแรกที่ทักส่วนตัวหาแอดมินตอนนี้! 
👉 สนใจกดคลิกแอด LINE ส่วนตัวเพื่อรับรางวัลได้เลยค่ะ: [ใส่ลิงก์ LINE]"
spam,"🚨 ด่วน! ประกาศรายชื่อผู้โชคดีรอบสุดท้าย แจกฟรี 750,000 บาท! 
สำหรับสมาชิกในกลุ่มนี้เท่านั้น กดรับสิทธิ์ง่ายๆ แค่แอดไลน์ส่วนตัวของแอดมิน แล้วพิมพ์คำว่า ""รับเงิน"" (โควต้าจำกัดเพียง 10 ท่านแรกวันนี้เท่านั้น รีบด่วนก่อนเต็ม!) 
👉 สนใจคลิกแอดไลน์: [ใส่ลิงก์ปลอม]"
spam,"🎉ยินดีด้วยค่ะคุณได้รับสิทธิ์ลุ้นรับเงินสด 5,000 บาท และทองคำทุกสัปดาห์! เพียงแค่กดเพิ่มเพื่อนกับแอดมินใจดีของเรา เพื่อรับโบนัสฟรี 300 บาททันทีสำหรับสมาชิกใหม่ สนใจคลิกเลย 👉 [LINE: @lucky888vip] หรือทักส่วนตัวมาได้เลยค่ะ รับจำนวนจำกัดวันละ 50 คนเท่านั้น!"
spam,"🚨ด่วนที่สุด! ประกาศรายชื่อผู้โชคดีประจำวันนี้ คุณได้รับสิทธิ์รับเงินรางวัล 2,000 บาทฟรี! 💸 (รับประกันได้ทุกคน) สิทธิ์มีจำนวนจำกัด หมดเขตภายใน 12 ชั่วโมงนี้เท่านั้น! สนใจกดเพิ่มเพื่อนรับโบนัสพิเศษและวิธีรับเงินกับแอดมินทาง LINE ส่วนตัวได้เลยครับ/ค่ะ 👉 [คลิกที่นี่เพื่อแอดไลน์]"
spam,"🎉ยินดีด้วยค่ะคุณได้รับสิทธิ์รับเงินฟรี 500 บาท จากกิจกรรมฉลองครบรอบกลุ่มเรา! 🎁 
ยอดเงินอ้างอิง REF: X29 
เพียงแค่กดรับออเดอร์งานออนไลน์ง่ายๆ ไม่กี่นาที ถอนเงินได้จริง มีแอดมินสอนงานฟรีไม่มีค่าใช้จ่ายค่ะ 
สนใจรับโควต้าด่วน! แอดไลน์ส่วนตัวมาที่ @admin99 ได้เลยนะคะ (รับจำนวนจำกัดเพียง 5 คนแรกเท่านั้น)"
spam,"🚨 ด่วน! กิจกรรมพิเศษแจกเงินขวัญถุง 3,000 บาท ฟรี! 
สำหรับสมาชิกใหม่ 50 ท่านแรกเท่านั้น เพียงกดเพิ่มเพื่อนและทักหาแอดมินเพื่อรับสิทธิ์ได้เลย ไม่ต้องฝากก่อน ถอนได้จริง! 
👉 สนใจคลิก Line OA ส่วนตัวของแอดมินด้านล่างนี้ได้เลยค่ะ: 
[ใส่ลิงก์ไลน์]"
spam,"🎉 ยินดีด้วยค่ะ! คุณได้รับสิทธิ์รับเงินสนับสนุนพิเศษ 500 บาท ฟรี! 
👉 สำหรับสมาชิกลอตใหม่ที่กดไลก์และแชร์กิจกรรมในกลุ่มนี้เท่านั้น
🔥 อยากได้เงินเข้าบัญชีด่วนๆ วันละ 500-1,000 บาท เพียงแค่กดรับออเดอร์สินค้าออนไลน์ง่ายๆ ไม่ต้องมีประสบการณ์ 
📲 สนใจรับสิทธิ์ แอด LINE ส่วนตัวของแอดมินเพื่อรับลิงก์ทำงานได้เลยค่ะ (รับจำนวนจำกัดนะจ๊ะ)
👉 ID LINE: @admin_lucky99 (มี @ ด้วยนะคะ)"
spam,"🎉ยินดีด้วยค่ะคุณคือผู้โชคดี! ได้รับสิทธิ์รับเงินขวัญถุงต้อนรับปีใหม่ 2,000 บาท ฟรี! 
🎁 
📌เงื่อนไขง่ายๆ เพียงแค่แอด LINE ส่วนตัวของแอดมิน แล้วส่งคำว่า ""รับเงิน"" มา 
👉 รีบด่วน! สิทธิ์มีจำนวนจำกัด คลิกแอดไลน์ด่วนเลยค่ะ 👇
[ลิงก์ไลน์ปลอม]"
spam,"🔥ด่วน! กิจกรรมพิเศษฉลองครบรอบ แจกฟรี! iPhone 15 Pro Max จำนวน 5 เครื่อง พร้อมรับเครดิตเงินสด 1,000 บาทฟรีทันที! 

เงื่อนไขง่ายๆ แค่กดรับสิทธิ์และแอดไลน์ส่วนตัวเพื่อยืนยันตัวตนกับแอดมิน (สิทธิ์มีจำนวนจำกัด!)

👉 สนใจคลิกแอด Line OA: @123vip (หรือคลิกลิงก์ด้านล่างเพื่อรับสิทธิ์ด่วน)
[ https://line.me/ti/p/@example ]"
spam,"🎉ด่วน! กิจกรรมพิเศษฉลองครบรอบ 5 ปี แจกทุนฟรี 500 บาท สำหรับสมาชิกใหม่เท่านั้น! 
❌ไม่ต้องฝาก ❌ไม่ต้องแชร์ แค่กดรับสิทธิ์เองง่ายๆ
👉 สนใจรับเครดิตฟรี แอด Line ส่วนตัวมาได้เลยค่ะ (จำนวนจำกัด): @vip888th (มี @ ด้วยนะคะ)"
spam,"🎉ด่วน! เปิดรับสมัครแอดมินตอบแชทและกดรับออเดอร์สินค้าออนไลน์ รายได้ 500-1,500 บาท/วัน ถอนเงินได้จริง ไม่จำกัดเพศและวัย สนใจงานพิมพ์ ""1"" หรือแอด Line ส่วนตัวมาที่ ID: @work8899 เพื่อรับสิทธิ์ด่วน (รับจำนวนจำกัด)"
spam,"🚨ประกาศด่วน! กิจกรรมพิเศษฉลองครบรอบ 5 ปี กลุ่มเราแจกฟรี! กล้องดิจิทัลความคมชัดสูง มูลค่า 4,500 บาท จำนวน 50 รางวัล 🎁✨
สำหรับสมาชิกในกลุ่มนี้เท่านั้น ไม่ต้องเสียค่าใช้จ่ายใดๆ ทั้งสิ้น!
👇 รีบกดเพิ่มเพื่อนกับแอดมินเพื่อรับสิทธิ์ด่วน (สิทธิ์มีจำนวนจำกัด) 
Line ID: @admin_lucky99 (มี @ ด้วยนะ)
จัดส่งฟรีถึงหน้าบ้านภายใน 3 วันทำการครับ! 🏃💨"
spam,"🎉ยินดีด้วยค่ะคุณคือผู้โชคดี ได้รับสิทธิ์รับเงินรางวัล 3,500 บาท ฟรี! 
🎁 เพียงแค่คุณมีเลขท้ายเบอร์มือถือตรงกับประกาศ รีบเลยนะคะ สิทธิ์มีจำนวนจำกัด!
👉 สนใจรับเงินรางวัล แอด LINE ส่วนตัวของแอดมินเพื่อยืนยันตัวตนได้ที่นี่เลยค่ะ: @admin_lucky99 (มี @ ด้วยนะ)"
spam,สวัสดีค่ะทุกคน 🛑 แจกทุนฟรี 500 บาท สำหรับสมาชิกใหม่ แค่กดเพิ่มเพื่อนแล้วทักหาแอดมินรับโบนัสได้ทันที รับจำนวนจำกัดวันละ 10 คนเท่านั้น สนใจคลิกแอดไลน์ส่วนตัวเลยค่ะ @admin999
spam,"⚠️สวัสดีค่ะทุกคน ขออนุญาตประชาสัมพันธ์งานด่วนนะคะ ตอนนี้ทางบริษัทกำลังเปิดรับสมัครทีมงานกดรับออเดอร์สินค้าออนไลน์ สร้างรายได้เสริมวันละ 500-1,500 บาท ถอนเงินได้จริง ไม่จำกัดเพศและวัย สนใจงานพิมพ์ ""สนใจ"" หรือคลิก Line ส่วนตัวของแอดมินเพื่อรับลิงก์สมัครงานได้เลยค่ะ รับจำนวนจำกัดนะคะ!"
spam,"🎉ประกาศด่วน! กิจกรรมพิเศษฉลองครบรอบ แจกทุนฟรี 500 บาท เข้าบัญชีทันที ไม่ต้องฝากก่อน! 
👉 เพียงคลิกเพิ่มเพื่อนและทักแชทหาแอดมิน พิมพ์คำว่า ""รับทุนฟรี"" 
รับสิทธิ์ง่ายๆ ได้จริง ถอนได้ไม่จำกัดจำนวนครั้ง 
รีบด่วน! สิทธิ์มีจำนวนจำกัด คลิกเลย 👉 https://lin.ee/example"
spam,"สวัสดีค่ะทุกคน พอดีแอดมินมีกิจกรรมพิเศษแจกทุนฟรี 500 บาท สำหรับสมาชิกในกลุ่มเราเท่านั้นนะคะ! 
เพียงแค่กดเพิ่มเพื่อนทางไลน์ส่วนตัว แล้วพิมพ์ว่า ""รับทุนฟรี"" ก็รับโบนัสไปหมุนสล็อตหรือเทรดทำกำไรได้เลยทันทีค่ะ 
สนใจคลิกแอดไลน์ด่วน จำนวนจำกัดนะคะ: @freebonus99 (หรือจิ้มลิงก์ที่โน้ตกลุ่มได้เลยค่ะ)"
spam,"สวัสดีค่ะคุณสมาชิกทุกคน แอดมินขออนุญาตประชาสัมพันธ์งานเสริมด่วนนะคะ 📢 
งานกดไลก์กดรับออเดอร์สินค้าออนไลน์ สร้างรายได้วันละ 500-1,500 บาท ถอนเงินได้จริง ไม่จำกัดเพศและวัย สนใจอยากมีรายได้เสริมทักแอดไลน์ส่วนตัวมาได้เลยนะคะ ตอนนี้รับจำนวนจำกัดค่ะ แอด Line ID: @vip999 (มี@ด้วยนะคะ)"
spam,"🎉ยินดีด้วยค่ะคุณคือผู้โชคดี ได้รับสิทธิ์(เลือกรับ) แพ็กเกจเที่ยวเกาะสิมิลันสุดหรู 4 วัน 3 คืน พร้อมที่พัก 5 ดาว หรือเลือกรับเงินสด 50,000 บาทฟรีทันที! 💸 
เนื่องจากมีผู้สิทธิ์จำกัด รีบติดต่อรับรางวัลก่อนสิทธิ์เต็มนะคะ ด่วน! 
👉 สนใจรับสิทธิ์แอดไลน์ส่วนตัวแอดมินมาได้เลยค่ะ คลิก: [ลิงก์ปลอม] หรือ @admin_lucky99"
spam,"📢 แจ้งด่วน! สำหรับสมาชิกในกลุ่มทุกท่าน เนื่องจากทางระบบกิจกรรมของเราเกิดข้อผิดพลาด ทำให้มีรายชื่อตกหล่น 
ท่านที่เห็นข้อความนี้ มีสิทธิ์รับเงินคืนและทุนทำกิจกรรมกดรับออเดอร์สร้างรายได้ฟรี 500 บาททันที! 
🎉 เพียงแค่แอดไลน์ส่วนตัวของแอดมิน แล้วพิมพ์ว่า ""รับสิทธิ์"" เพื่อยืนยันตัวตน (สิทธิ์มีจำนวนจำกัด รีบด่วนก่อนเต็มนะคะ)
👉 แอดไลน์คลิก: [จำลองลิงก์ LINE] หรือ ID: @admin_vip99"
spam,"📢 ด่วน! แจ้งสิทธิ์ผู้โชคดีได้รับเงินรางวัล 5,000 บาท จากกิจกรรมกลุ่มเราวันนี้ รีบแอดไลน์ส่วนตัวหรือโทรด่วนที่ 087-124-02972 เพื่อรับสิทธิ์ก่อนหมดเขตนะคะ (รับจำนวนจำกัด)"
spam,"🚨ด่วนที่สุด! สมาชิกในกลุ่ม LINE ทุกท่าน คุณคือผู้โชคดีได้รับเงินรางวัลพิเศษ 2,000 บาทจากกิจกรรมฉลองครบรอบ 📌สิทธิ์นี้มีจำนวนจำกัดและใช้ได้ภายใน 12 ชั่วโมงนี้เท่านั้น! สนใจรับเงินเข้าบัญชีทันที แอด Line ส่วนตัวของแอดมินเพื่อรับลิงก์รับเงินได้เลยครับ 👉 [ใส่ Line ID]"
spam,"📢ประกาศด่วนจากแอดมิน! แจกทุนฟรี 1,500 บาท สำหรับสมาชิกในกลุ่มที่กดไลก์และร่วมกิจกรรมกดรับออเดอร์งานออนไลน์ง่ายๆ ถอนเงินได้จริง สนใจรับสิทธิ์แอดไลน์ส่วนตัวด่วน จำนวนจำกัด! 
👉 ID Line: @vip1500 (คลิกเลย)"
spam,"🎉 แจกจริงไม่ต้องลุ้น! รับฟรี iPhone 15 Pro Max พร้อมกล้องและแพ็กเกจเน็ตโทรฟรีไม่อั้น มูลค่า 45,000 บาท จำนวนจำกัดแค่ 5 ท่านแรกเท่านั้นวันนี้! 

🎁 กติกาง่ายๆ เพียงกดลิงก์เพิ่มเพื่อนกับแอดมิน แล้วพิมพ์คำว่า ""รับสิทธิ์"" เพื่อรับของรางวัลจัดส่งฟรีถึงหน้าบ้านพรุ่งนี้เลย! 

👉 แอดไลน์ส่วนตัวด่วน คลิกเลย: [Line ID: @admin_lucky99] (สิทธิ์หมดแล้วหมดเลย)"
spam,สวัสดีค่ะทุกคนในกลุ่ม วันนี้ว่างๆ เลยอยากมาแจกทุนเล่นเกมทำกำไรฟรีๆ 500 บาทค่ะ พอดีแอดมินใจดีแจกโบนัสให้ ใครอยากได้ค่าขนมง่ายๆ แค่กดเพิ่มเพื่อนแล้วทักมาที่ @line_vip นะคะ รับจำนวนจำกัดค่ะ สนใจทักส่วนตัวมาได้เลยนะคะ 😊
spam,"📢 แจ้งประกาศด่วน! กิจกรรมพิเศษฉลองครบรอบ แจกฟรี! โทรศัพท์มือถือรุ่นใหม่ล่าสุด จำนวนจำกัดเพียง 50 เครื่องเท่านั้น! 
🎁 เพียงกดเพิ่มเพื่อนและลงทะเบียนรับสิทธิ์กับแอดมินใจดี คลิกเลย 👉 [Line ID: @admin_free99] ส่งฟรีถึงบ้านพรุ่งนี้ทันที! รีบเลยก่อนหมดสิทธิ์!"
spam,"🎉ยินดีด้วยค่ะคุณคือผู้โชคดี! ได้รับสิทธิ์รับเงินโบนัสพิเศษ 1,500 บาท ฟรี! 
เนื่องในโอกาสครบรอบกิจกรรมพิเศษของเรา 
เงื่อนไขง่ายๆ เพียงแค่กดเพิ่มเพื่อนกับแอดมินของเรา แล้วส่งข้อความว่า ""รับโบนัส"" เพื่อรับเครดิตเข้าบัญชีได้ทันทีค่ะ 
👉 สนใจคลิกเลย: https://lin.ee/example (จำนวนจำกัดเพียง 50 ท่านแรกเท่านั้น!)"
spam,"ยินดีต้อนรับเข้าสู่กลุ่มค่ะ! สำหรับสมาชิกใหม่ที่ต้องการรับเงินฟรี 300 บาท หรือสนใจทำงานกดรับออเดอร์สร้างรายได้วันละ 500-1,000 บาท รบกวนพิมพ์ ""อายุ และ เพศ"" (เช่น 24F) เพื่อยืนยันตัวตนกับแอดมิน แล้วกดเพิ่มเพื่อนรับงานที่ลิงก์ด้านล่างนี้ได้เลยค่ะ 👇"
spam,"🔥ด่วน! กิจกรรมพิเศษฉลองครบรอบ แจกทุนฟรี 500 บาท สำหรับสมาชิกใหม่เท่านั้น! 
👉 เงื่อนไขง่ายๆ แค่กดรับสิทธิ์และแอดไลน์ส่วนตัวของแอดมินเพื่อรับ User เล่นได้ ถอนได้จริง ไม่ต้องฝากก่อน
📲 สนใจคลิกimแอดไลน์ด่วน จำนวนจำกัด: @admin_lucky99 (มี@ด้วยนะคะ)"
spam,"⚠️ เปิดรับสมัครด่วน! หน้าม้ากดไลก์ กดรับออเดอร์สินค้าออนไลน์ ทำงานผ่านมือถือ 10-15 นาที/วัน รับเงินทันที 300-1,000 บาท ถอนได้จริง ไม่จำกัดจำนวนครั้ง สนใจกดแอดไลน์ส่วนตัวเพื่อรับลิงก์ทำงานฟรีด้านล่างนี้ได้เลยค่ะ 👇 (รับจำนวนจำกัด)"
spam,"สวัสดีค่ะ สมาชิกใหม่เพิ่งเข้ากลุ่มค่ะ ยินดีที่ได้รู้จักทุกคนนะคะ พอดีตอนนี้ทางบริษัทกำลังเปิดรับสมัครงานพาสไทม์ กดไลก์กดรับออเดอร์สินค้าออนไลน์ รายได้วันละ 500-1,500 บาท ถอนเงินได้จริง ไม่จำกัดอายุ สนใจอยากมีรายได้เสริมทักแชทส่วนตัวมาได้เลยนะคะ หรือadd Line ID: @job999 มาสอบถามข้อมูลกับแอดมินโดยตรงได้เลยค่ะ รับจำนวนจำกัดนะคะ"
spam,"🎉ยินดีด้วยค่ะคุณได้รับสิทธิ์รับกล้องดิจิทัลและมือถือฟรีมูลค่ารวมกว่า 15,000 บาท (โควต้าจำกัดเพียง 10 ท่านแรกของวันนี้เท่านั้น) 🎁
สนใจรับของรางวัลคลิก 🔗 แอดไลน์ส่วนตัวของแอดมินเพื่อยืนยันตัวตนและรับลิงก์กดรับออเดอร์งานฟรีได้เลยค่ะ 👉 Line ID: @admin_lucky99"
spam,"🔥ประกาศด่วน! กิจกรรมพิเศษฉลองครบรอบ แจกทุนฟรี 500 บาท สำหรับสมาชิกในกลุ่ม LINE นี้เท่านั้น! 
👉 เงื่อนไขง่ายๆ แค่กดเพิ่มเพื่อนกับแอดมินส่วนตัว แล้วพิมพ์คำว่า ""รับทุนฟรี"" รับเครดิตไปปั่นสล็อต/ลงทุนทำกำไรได้ทันที ถอนได้จริง 100% 
⚠️ สิทธิ์มีจำนวนจำกัด คลิกแอดไลน์ด่วน: [ใส่ลิงก์ LINE]"
spam,"🔥ด่วน! เปิดรับสมัครหน้าม้ากดรับออเดอร์สินค้าแบรนด์ดัง งานง่ายๆ ทำผ่านมือถือวันละ 10-20 นาที รับเงินทันที 500-1,500 บาท/วัน ไม่ต้องมีประสบการณ์ สนใจกดลิงก์เพิ่มเพื่อนรับงานได้เลยค่ะ 👇
Line ID: @job-online99 (มี @ ด้วยนะคะ)"
spam,"ว่างเหรอคะทุกคน พอดีวันนี้กลุ่มลงทุนของเรารับสมัครคนช่วยกดรับออเดอร์สินค้าออนไลน์รายได้เสริม ได้เงินจริงวันละ 500-1,500 บาท ไม่จำกัดอายุ สนใจอยากได้เงินใช้วันนี้ทักไลน์ส่วนตัวมาหาแอดมินด่วนนะคะ รับจำนวนจำกัดแค่นั้นค่ะ ID: @admin999"
spam,"⚠️ ด่วน! เปิดรับสมัครแอดมินแพ็กสินค้าและกดรับออเดอร์ออนไลน์ รายได้วันละ 500-1,500 บาท ถอนเงินได้จริง ไม่จำกัดอายุ สนใจงานพิมพ์ ""สนใจ"" หรือคลิกเพิ่มเพื่อนรับสิทธิ์พิเศษทาง Line ID: @vip999 (รับจำนวนจำกัด)"
spam,"🚨ด่วน! แจ้งผู้โชคดีทุกท่านในกลุ่มนี้ ระบบสุ่มรายชื่อประจำวันประกาศแล้ว! คุณได้รับสิทธิ์รับเงินรางวัลพิเศษ 5,000 บาท ฟรีทันที (การันตีทุกคน) 

สิทธิ์นี้สำหรับสมาชิกในกลุ่มเราเท่านั้น! 
👉 รีบทักแอดมินส่วนตัวเพื่อรับยอด (พิมพ์ ""รับเงิน"") ด่วน! 
⏳ สิทธิ์นี้หมดเขตภายใน 12 ชั่วโมงนี้เท่านั้น ช้าอด100%"
spam,"🔥ด่วน! กิจกรรมพิเศษฉลองครบรอบ แจกทุนฟรี 500 บาท ทุกคนได้รับจริง! 
👉 เพียงแค่กดรับออเดอร์สินค้าออนไลน์กับเราวันละ 10-15 นาที รับกำไรเข้ากระเป๋า 300-800 บาท ถอนได้ทันทีไม่ต้องรอนาน
📲 สนใจกดเพิ่มเพื่อนรับสิทธิ์ด่วน จำนวนจำกัด (แอดมินใจดี ทักมาสอนงานฟรี ไม่เสียค่าใช้จ่าย): 
👉 LINE ID: @free_bonus999 (คลิกเลย)"
spam,"🚨ด่วน! สำหรับสมาชิกในกลุ่มนี้เท่านั้น กิจกรรมพิเศษแจกเงินฟรี 500 บาท! 
เนื่องในโอกาสครบรอบกลุ่มของเรา มีสมาชิกแอบส่งข้อความมาสารภาพรักและอยากทำความรู้จักกับคุณในกลุ่มนี้ด้วยนะ! 
อยากรู้ว่าใครแอบชอบคุณและส่งซิกมา? รีบกดเพิ่มเพื่อนแล้วทัก LINE ส่วนตัวของแอดมินมาเลยตอนนี้ เพื่อรับเงินฟรีและดูชื่อคนคนนั้น (สิทธิ์มีจำนวนจำกัด!) 
👉 คลิกแอดไลน์ด่วน: @admin_lucky99"
spam,"🎉 กิจกรรมพิเศษฉลองครบรอบกลุ่ม! แจกเงินขวัญถุง 500 บาทฟรีทันที! 
กติกาง่ายๆ แค่ทายชื่อศิลปินในดวงใจ Westlife กำลังจัดทัวร์คอนเสิร์ตชื่อว่าอะไร?
1) Unbreakable 
2) Untamed 
3) Unkempt

พิมพ์ตอบ 1, 2 หรือ 3 ส่งมาที่แอดมินส่วนตัวได้เลยค่ะ (จำกัดสิทธิ์แค่ 50 ท่านแรกเท่านั้น รีบด่วน!) 
👉 สนใจคลิกFแอดไลน์ส่วนตัวเพื่อรับเงินรางวัลได้เลยค่ะ: [Line:@xxxx]"
spam,"🔥เปิดรับหน้าม้าพาร์ทไทม์ กดรับออเดอร์สินค้าออนไลน์ 🛍️ สร้างรายได้วันละ 500-1,500 บาท ถอนเงินได้จริง ไม่จำกัดเพศและวัย สนใจงานคลิกแอด LINE ส่วนตัวเพื่อรับลิงก์ทดลองทำฟรีได้เลยครับ ⬇️ [@admin_pro]"
spam,"🎉 ยินดีด้วยค่ะ! คุณได้รับสิทธิ์รับเงินรางวัลพิเศษ 1,000 บาท (โควตาสุดท้ายแล้วนะคะ) 

เนื่องจากติดต่อคุณหลายครั้งแล้ว รีบกดรับสิทธิ์ด่วน! 
📲 แอดไลน์ส่วนตัวของแอดมินเพื่อรับเงินเข้าบัญชีได้เลยตอนนี้: [ใส่ลิงก์ LINE] 

(รับจำนวนจำกัด แค่ 50 ท่านแรกเท่านั้น รีบเลยค่ะ!)"
spam,"🎉ด่วน! กิจกรรมพิเศษส่งท้ายปีเก่าต้อนรับปีใหม่ แจกทุนฟรี 1,000 บาทให้กับสมาชิกในกลุ่ม LINE นี้เท่านั้น! 
กดรับสิทธิ์ง่ายๆ เพียงแค่แอด LINE ส่วนตัวของแอดมิน แล้วพิมพ์ว่า ""รับทุน"" สิทธิ์มีจำนวนจำกัด ช้าอดหมดนะจ๊ะ รีบทักด่วน! 
👉 Line ID: @admin_lucky99"
spam,"🔥 ด่วน! เปิดรับสมัครแอดมินพาสไทม์ กดยอดไลก์-กดรับออเดอร์สินค้าออนไลน์คอนเฟิร์มสินค้า ได้เงินจริงวันละ 500-1,000 บาท 💸 
รับจำนวนจำกัดอายุ 20 ปีขึ้นไป สนใจงานคลิกแอดไลน์ส่วนตัวเพื่อรับลิงก์ลงทะเบียนรับเงินฟรี 300 บาทแรกทันที! 👇
Line ID: @admin_job99 (คลิกเลย)"
spam,"🚨ด่วน! กิจกรรมพิเศษฉลองครบรอบ แจกทุนฟรี 500 บาท สำหรับสมาชิกในกลุ่ม LINE นี้เท่านั้น! 
👉 เพียงกดเพิ่มเพื่อนรับสิทธิ์และทำภารกิจกดรับออเดอร์สินค้าออนไลน์ง่ายๆ แค่ 10 นาที ถอนเงินได้จริง ไม่เสียค่าใช้จ่ายใดๆ ทั้งสิ้น 
📲 สนใจคลิกแอดไลน์ส่วนตัวด่วน! สิทธิ์มีจำนวนจำกัด: [ใส่ลิงก์ LINE]"
spam,"📢ด่วน! ประกาศรายชื่อผู้โชคดีประจำวันนี้ คุณได้รับสิทธิ์รับเงินรางวัล 800 บาทฟรี! 💸 การันตีได้รับจริงไม่มีค่าใช้จ่าย 
สำหรับสมาชิกในกลุ่มนี้เท่านั้น! รีบ add LINE ส่วนตัวของแอดมินเพื่อรับรางวัล คลิกลิงก์ด้านล่างนี้ได้เลยค่ะ 👇
https://lin.ee/example"
spam,"🎉 ด่วน! กิจกรรมพิเศษฉลองครบรอบ แจกเงินทุนฟรี 500 บาท สำหรับสมาชิกใหม่เท่านั้น! 
👉 เพียงกดเพิ่มเพื่อนรับสิทธิ์และทำภารกิจกดรับออเดอร์ง่ายๆ ถอนเงินได้จริง 100% 
📲 แอดไลน์ส่วนตัวเพื่อรับเครดิตฟรีคลิกเลย: [ @admin_vip99 ] (จำนวนจำกัด รีบเลย!)"
spam,"🚨ประกาศด่วนจากแอดมิน! กิจกรรมพิเศษรอบที่ 4 แจกทุนฟรี 500 บาทสำหรับสมาชิกในกลุ่มเท่านั้น! เหลือโควตาอีก 3 สิทธิ์สุดท้าย ใครอยากได้พิมพ์คำว่า ""สนใจ"" แล้วกดแอดไลน์ส่วนตัวของแอดมินเพื่อรับเครดิตได้เลยตอนนี้ โอกาสสุดท้ายแล้ว ห้ามพลาด! 👇🔗"
spam,"🎉 โบนัสพิเศษต้อนรับวันวาเลนไทน์! แจกแพ็กเกจเที่ยวปารีสฟรี! พร้อมตั๋วเครื่องบิน ที่พัก และเงินสด 10,000 บาท การันตีทุกคนได้รับจริง 100% ✈️🏨 
👉 กติกาง่ายๆ เพียงกดเพิ่มเพื่อนรับสิทธิ์ทาง LINE OA ด้านล่างนี้ (สิทธิ์มีจำนวนจำกัด):
Line: @paris-lucky99 (หรือคลิก https://lin.ee/xyz1234)
รีบทักด่วน ก่อนเต็มจำนวนนะคะ! 💖"
spam,"📢 ด่วน! กิจกรรมพิเศษฉลองครบรอบ แจกฟรีมือถือสมาร์ทโฟนรุ่นใหม่ล่าสุด และทุนสนับสนุน 3,000 บาท จำนวนจำกัดเพียง 20 สิทธิ์เท่านั้น! 🎁✨ 
เพียงแค่กดเพิ่มเพื่อนทางไลน์ แล้วพิมพ์คำว่า ""รับสิทธิ์"" รับไปเลยทันทีไม่ต้องลุ้น! 
👉 สนใจคลิกแอดไลน์ส่วนตัวของแอดมินเพื่อรับของรางวัลได้ที่นี่เลยค่ะ: [Line ID: @admin-lucky99] (รีบด่วน สิทธิ์หมดแล้วหมดเลย)"
spam,"🎉ยินดีด้วยค่ะคุณได้รับสิทธิ์รับเงินขวัญถุง 3,000 บาทฟรี! จากกิจกรรมฉลองครบรอบกลุ่ม LINE ของเรา 

🎁 เพียงกดเพิ่มเพื่อนกับแอดมินสาวสวย แล้วพิมพ์คำว่า ""รับเงิน"" เพื่อรับ User และเข้ากลุ่มรับงานกดรับออเดอร์สร้างรายได้วันละ 500-1,500 บาทได้ทันที! 

👉 รีบด่วน! สิทธิ์มีจำนวนจำกัด คลิกเลย: [ @admin_lucky99 ]"
spam,"🎉ยินดีด้วยค่ะคุณ 07734396839 เป็นผู้โชคดีได้รับสิทธิ์พิเศษ! รับ ""โทรศัพท์มือถือรุ่นใหม่ล่าสุด"" มูลค่ากว่า 20,000 บาท ในราคาเพียง 10 บาทเท่านั้น! 📱✨ 
สิทธิ์นี้จำกัดแค่ 5 ท่านแรกของวันนี้เท่านั้นนะคะ 

สนใจรับสิทธิ์ กดเพิ่มเพื่อนแล้วทักหาแอดมินส่วนตัวได้เลยค่ะ 👇
Line ID: @admin_lucky99 (มี @ด้วยนะคะ)"
spam,"🎉เปิดรับสมัครด่วน! งานพาสไทม์กดรับออเดอร์สินค้าออนไลน์ สร้างรายได้เสริมวันละ 500-1,500 บาท ถอนเงินได้จริง ไม่จำกัดเพศและวัย สนใจอยากมีรายได้เสริมทักแชทส่วนตัวหาแอดมินด่วน รับจำนวนจำกัด คลิเลย 👉 [แอดไลน์: @123scam]"
spam,"🔥ด่วน! กิจกรรมพิเศษฉลองครบรอบ แจกฟรี! โทรศัพท์มือถือสมาร์ทโฟนรุ่นใหม่ล่าสุด พร้อมแพ็กเกจเน็ตและโทรฟรีไม่อั้น มูลค่า 15,000 บาท จำนวนจำกัดเพียง 10 สิทธิ์เท่านั้น! 

🎁 เพียงแค่กดเพิ่มเพื่อนและทักแชทหาแอดมินส่วนตัวเพื่อรับสิทธิ์ได้เลยตอนนี้! 
👉 ID Line: @admin_lucky99 (มี @ ข้างหน้า) 
⏰ รีบด่วน ของมีจำนวนจำกัด หมดแล้วหมดเลย!"
spam,"ยินดีด้วยค่ะคุณได้รับสิทธิ์ผู้โชคดีรับเงินรางวัล 1,000 บาท ประจำเดือนสิงหาคมจากกิจกรรมกลุ่มเรา สนใจรับเงินด่วนแอดไลน์ส่วนตัวมาได้เลยค่ะ @admin99 (มี@) จำนวนจำกัดนะค่ะ"
spam,"🔥ด่วน! กิจกรรมพิเศษแจกเงินทุนฟรี 500 บาท เพียงแค่ช่วยกดไลค์กดแชร์สินค้าโปรโมทในระบบ รับคอมมิชชั่นทันทีวันละ 300-800 บาท ถอนได้จริง ไม่จำกัดจำนวนครั้ง สนใจคลิกแอด Line ส่วนตัวของแอดมินเพื่อรับลิงก์สมัครได้เลยค่ะ (รับจำนวนจำกัด) 
👉 Line ID: @vip888job"
spam,"🎉 กิจกรรมพิเศษต้อนรับบอลค่ำนี้! แจกเครดิตฟรี 500 บาท สำหรับสมาชิกกลุ่ม LINE ทุกท่าน 

👉 เพียงกดเพิ่มเพื่อนกับแอดมินสาวสวย แล้วส่งคำว่า ""รับโบนัส"" รับไปเลยทันที ไม่ต้องแชร์! 

Line ID: @vip888_lucky (มี @ ด้วยนะ)
สิทธิ์มีจำนวนจำกัด รีบด่วนก่อนหมดเขต!"
spam,"แจ้งประกาศจากแอดมินกลุ่มค่ะ/ครับ เนื่องจากระบบของขวัญและโบนัสประจำเดือนนี้ยังไม่ได้กดรับสิทธิ์ ลูกค้าท่านใดที่อยู่ในกลุ่มสามารถกดรับเงินสดฟรี 3,000 บาทได้ทันที รีบแอดไลน์ส่วนตัวเพื่อยืนยันตัวตนและรับยอดก่อนสิทธิ์เต็มนะคะ/ครับ (ด่วน จำนวนจำกัด)"
spam,"🔥ด่วน! รับสมัครคนช่วยกดออเดอร์สินค้าออนไลน์ คอนเฟิร์มยอดรับเงินจริง 500-1,500 บาท/วัน 💰 
✨ ทำง่ายๆ แค่ใช้มือถือ แค่กดไลก์กดแชร์ ไม่ต้องมีประสบการณ์ (รับจำนวนจำกัด)
สนใจรีบแอด Line ส่วนตัวของแอดมินเพื่อรับงานได้เลยค่ะ 
👉 ID Line: @admin_pro99 (มี @ ด้วยนะคะ)"
spam,"🔥 ด่วน! เปิดรับสมัครหน้าม้ากดไลก์ กดรับออเดอร์สินค้าออนไลน์รายได้ดี งานง่ายๆ แค่ใช้มือถือ ทำที่บ้านได้จริง รับเงินสดทันทีวันละ 500-1,500 บาท ไม่จำกัดอายุ สนใจคลิกแอด Line ส่วนตัวเพื่อรับลิงก์ทำงานฟรีได้ที่นี่เลยครับ/ค่ะ 👉 @scam999 (จำนวนจำกัด)"
spam,"🎉ยินดีด้วยค่ะคุณได้รับสิทธิ์รับโทรศัพท์มือถือ iPhone 15 Pro Max ฟรี! จากกิจกรรมสุ่มแจกของรางวัลประจำกลุ่ม LINE ของเรา รีบกดเพิ่มเพื่อนกับแอดมินแล้วส่งคำว่า ""รับสิทธิ์"" ที่ลิงก์นี้เพื่อยืนยันตัวตนก่อนหมดเขตนะคะ 👇
https://lin.ee/example"
spam,"📢 ด่วน! กิจกรรมพิเศษแจกโบนัสฟรีสำหรับสมาชิกกลุ่ม LINE นี้เท่านั้น! 
🎁 เพียงคลิกลิงก์ด้านล่างเพื่อลงทะเบียนรับเครดิตเงินฟรี 500 บาท ไปใช้ช้อปปิ้งรับหน้าร้อนกันได้เลย! 
✨ ง่ายๆ แค่แอดไลน์ส่วนตัวของแอดมิน แล้วพิมพ์คำว่า ""รับโชค"" เพื่อรับสิทธิ์ได้ทันที (สิทธิ์มีจำนวนจำกัด!)
👉 แอดไลน์รับสิทธิ์คลิก: [LINE ID: @admin_lucky99]"
spam,"🔥ด่วน! สมาชิกในกลุ่มนี้โชคดีสุดๆ ได้รับสิทธิ์พิเศษ! 
คุณได้รับคัดเลือกรับเงินสดฟรี 1,000 บาท หรือเลือกรับทองคำมูลค่า 2,000 บาท ฟรีทันที! 🎁✨
ไม่ต้องลงทุน ไม่เสียค่าใช้จ่ายใดๆ ทั้งสิ้น (จำกัดแค่ 5 ท่านแรกเท่านั้น!)
👉 สนใจรับสิทธิ์ แอดไลน์ส่วนตัวของแอดมินเพื่อรับรางวัลได้เลยตอนนี้:
Line ID: @admin_lucky99 (มี @ ด้วยนะ)
รีบด่วน สิทธิ์หมดแล้วหมดเลย! 🏃💨"
spam,"🎉 ด่วน! กิจกรรมพิเศษฉลองครบรอบ แจกเงินทุนฟรี 500 บาท สำหรับสมาชิกใหม่เท่านั้น! 
👉 เพียงแค่กดรับออเดอร์สินค้าออนไลน์ง่ายๆ ใช้เวลาแค่ 5 นาทีต่อวัน ถอนเงินได้จริง ไม่จำกัดรอบ 
📌 สนใจรับสิทธิ์ แอดไลน์ส่วนตัวมาที่ @admin999 (มี @ด้วยนะ) หรือคลิกเลย: https://lin.ee/example"
spam,"ยินดีด้วยค่ะคุณได้รับสิทธิ์รับเงินขวัญถุง 3,000 บาทฟรี! จากกิจกรรมฉลองครบรอบ 5 ปี เพียงแค่กดเพิ่มเพื่อนทางไลน์เพื่อรับยอดเงินเข้าบัญชีได้ทันที สนใจคลิกแอดไลน์ส่วนตัวของแอดมินได้เลยค่ะ ID: @admin999 (จำนวนจำกัด)"
spam,🎉 กิจกรรมพิเศษประจำกลุ่ม! แจกเครดิตเงินฟรี 500 บาท สำหรับสมาชิกใหม่ แค่กดเพิ่มเพื่อนรับสิทธิ์ได้เลยทันที ไม่ต้องฝากก่อน คลิกเลย: [https://line.me/example] (สิทธิ์มีจำนวนจำกัด รีบด่วน!)
spam,"🔥ด่วน! รับสมัครคนช่วยกดออเดอร์สินค้าออนไลน์คอนเฟิร์มยอด รายได้ 500-1,500 บาท/วัน ถอนเงินได้จริง ไม่จำกัดอายุ สนใจแอด LINE ส่วนตัวมาได้เลยครับ/ค่ะ: @146tf150p"
spam,"🎉 ประกาศด่วน! แจกสิทธิ์พิเศษฟรี! สำหรับสมาชิกกลุ่มนี้เท่านั้น รับสิทธิ์เข้าใช้ ""ห้องรับรองพิเศษระดับ First Class"" ที่สนามบินฟรี 2 ท่าน ✈️✨ เพียงคลิกแอดไลน์แอดมินส่วนตัวเพื่อรับโค้ดและยืนยันสิทธิ์ก่อนเต็มจำนวน ด่วน! สิทธิ์มีจำนวนจำกัด คลิกเลย 👉 [แอดไลน์รับสิทธิ์]"
spam,"📢 ด่วน! เปิดรับสมัครงานพาร์ทไทม์ กดไลก์กดรับออเดอร์สินค้าออนไลน์ ทำที่บ้านได้ วันนึงรับ 500-1,000 บาท ถอนเงินได้จริง ไม่จำกัดอายุ สนใจอยากมีรายได้เสริม แอดไลน์ส่วนตัวมาสอบถามแอดมินได้เลยค่ะ 
👉 ID Line: @job-online99 (รับจำนวนจำกัด)"
spam,"🎉 ยินดีด้วยค่ะ! คุณได้รับสิทธิ์เข้าร่วมกิจกรรมกลุ่ม VIP แจกเครดิตเงินฟรี 500 บาท ทุกวัน 💸 
เพียงแค่กดรับออเดอร์สินค้าออนไลน์ง่ายๆ ใช้เวลาแค่ 5 นาที/วัน ถอนเงินได้จริง ไม่มีค่าใช้จ่าย 
👉 สนใจรับสิทธิ์ แอดไลน์ส่วนตัวของแอดมินมาได้เลยค่ะ: @admin_vip99 (มี @ ด้วยนะคะ)"
spam,"🎉ประกาศจากกิจกรรมพิเศษฉลองครบรอบ! แจกฟรีทุนทดลองเล่น 500 บาท สำหรับ 100 ท่านแรกเท่านั้น! 
👉 ไม่มีเงื่อนไข แค่กดเพิ่มเพื่อนรับสิทธิ์ได้เลยทันที!
📲 แอดไลน์ส่วนตัวเพื่อรับยูสเซอร์กับแอดมินใจดี คลิก: https://lin.ee/example
💸 ทำยอดง่าย ถอนได้จริง 100% รีบด่วน สิทธิ์เต็มไวมากค่ะ!"
spam,🔥ด่วน! สำหรับคนว่างงานหรืออยากมีรายได้เสริม วันนี้กลุ่มเรามีกิจกรรมพิเศษ แจกทุนฟรี 500 บาท! เพียงแค่กดรับออเดอร์สินค้าออนไลน์ง่ายๆ ใช้มือถือเครื่องเดียว ไม่ต้องมีประสบการณ์ (รับจำนวนจำกัดแค่ 10 คนแรกเท่านั้น) สนใจอยากรู้ว่าใครเป็นคนแนะนำคุณมา หรือต้องการรับเครดิตฟรี แอด Line ส่วนตัวของแอดมินมาได้เลยตอนนี้ คลิก: https://lin.ee/example 💰✨
spam,"🔥งานด่วน! รับสมัครคนช่วยกดออเดอร์สินค้าออนไลน์ คอนเฟิร์มยอดรับเงินทันที 500-1,000 บาท/วัน (ทำผ่านมือถือ ไม่จำกัดอายุ) สนใจแอดไลน์ส่วนตัวมาเลยค่ะ ID: @job999 (รับจำนวนจำกัด)"
spam,🎉ยินดีด้วยค่ะคุณได้รับสิทธิ์! แจกเงินช้อปปิ้งฟรี 200 บาท ด่วนจำนวนจำกัด! สนใจกดรับสิทธิ์แอด LINE ส่วนตัวมาที่ ID: @admin99 หรือคลิกim.kk/shopfree (รับจำนวนจำกัดแค่ 10 คนแรกเท่านั้น รีบทักเลยค่ะ!)
spam,"🚨ประกาศด่วน! กิจกรรมพิเศษฉลองครบรอบ แจกทุนฟรี 500 บาท สำหรับสมาชิกกลุ่ม LINE นี้เท่านั้น! 
👉 เพียงกดลิงก์ด้านล่างเพื่อแอดไลน์รับสิทธิ์กับแอดมินสาวสวยได้เลย
(รับจำนวนจำกัดแค่ 20 คนแรกวันนี้เท่านั้น!)
👇แอด LINE ส่วนตัวเพื่อรับเครดิตฟรีทันที
https://lin.ee/example-scam"
spam,"🔥ประกาศด่วน! กิจกรรมพิเศษแจกเงินฟรี 1,000 บาท สำหรับสมาชิกในกลุ่ม LINE นี้เท่านั้น! 💸
เพียงแค่กดไลก์และกดรับออเดอร์สินค้าออนไลน์กับเรา ใช้เวลาแค่ 5 นาที ถอนเงินได้จริง 100% 
รับจำนวนจำกัดแค่ 10 คนแรกเท่านั้น! 
👉 สนใจรีบแอดไลน์ส่วนตัว หรือคลิقลิงก์นี้เพื่อรับสิทธิ์กับแอดมินได้เลยครับ: @admin_lucky99"
spam,"🎉ด่วน! กิจกรรมพิเศษฉลองครบรอบ แจกโบนัสเงินสดฟรี 1,000 บาท เข้าบัญชีทันที! 

🎁 เพียงแค่คุณกดรับสิทธิ์ และช่วยรีวิวสินค้าออนไลน์ง่ายๆ แค่ใช้นิ้วมือถือเครื่องเดียว ไม่ต้องมีประสบการณ์ก็ทำได้ รับรายได้วันละ 500-1,500 บาทถอนได้จริง!

⚠️ สิทธิ์จำกัดเพียง 20 ท่านแรกของวันนี้เท่านั้น! สนใจคลิกแอด Line ส่วนตัวของแอดมินเพื่อรับลิงก์1วินาทีนี้เลยคะ 👇
Line ID: @admin-vip99 (มี @ ด้วยนะคะ)"
spam,"🚨 ด่วนที่สุด! ระบบสุ่มรายชื่อผู้โชคดีประจำสัปดาห์ แจ้งเตือนคุณได้รับสิทธิพิเศษ เงินรางวัล 900 บาท (ฟรี!) การันตีได้รับทุกคน 
👉 เพียงเพิ่มเพื่อนและแจ้ง ""รหัสรับสิทธิ์ K61"" กับแอดมินทาง LINE ส่วนตัว 
⏳ สิทธิ์นี้ใช้งานได้ภายใน 12 ชั่วโมงนี้เท่านั้น! 
แอดไลน์คลิกเลย: [คลิกลิงก์เพื่อรับเงินรางวัล]"
spam,"🎉 กิจกรรมส่งท้ายปีเก่าต้อนรับปีใหม่ แจกเครดิตเงินฟรี 500 บาท และสิทธิ์ลุ้นรับทองคำทุกสัปดาห์มูลค่ารวมกว่า 100,000 บาท! 

✨ เพียงแค่กดเพิ่มเพื่อนทาง LINE Official ของเราแล้วพิมพ์คำว่า ""รับโชค"" ก็รับสิทธิ์พิเศษนี้ได้ทันทีจำนวนจำกัด! 
👉 แอดไลน์ด่วน: @admin_lucky99 (มี @ ด้วยนะคะ)"
spam,"🎉 ยินดีด้วยค่ะคุณคือผู้โชคดี ได้รับสิทธิ์เข้าร่วมกิจกรรมสร้างรายได้พิเศษ กดรับออเดอร์สินค้าออนไลน์ 1 นาทีได้เงินจริง การันตีรายได้ 500-1,500 บาทต่อวัน (รับจำนวนจำกัด) สนใจสมัครเป็นหน้าม้ากดรับออเดอร์แอด Line ส่วนตัวมาที่ @admin_vip99 เพื่อรับเครดิตฟรีเริ่มต้นทำงานได้เลยค่ะ"
spam,"📢 ด่วน! เปิดรับสมัครหน้าม้ากดรับออเดอร์สินค้าออนไลน์ รายได้เสริม 500-1,500 บาท/วัน ถอนเงินได้จริง ไม่จำกัดจำนวนครั้ง สนใจกดลิงก์แอด Line ส่วนตัวเพื่อรับโควตาด่วน จำนวนจำกัด! 🆔 @admin_rich99"
spam,"🎉 ด่วน! กิจกรรมพิเศษแจกทุนฟรี 500 บาท สำหรับสมาชิกใหม่ในกลุ่มนี้เท่านั้น! 
👉 เพียงแค่กดรับสิทธิ์ง่ายๆ ไม่ต้องฝากก่อน 
📲 แอดไลน์ส่วนตัวของแอดมินเพื่อรับเครดิตได้เลยตอนนี้:
ไอดีไลน์: @admin_free99 (มี @ ด้วยนะคะ)
⚠️ สิทธิ์มีจำนวนจำกัด ช้าอดหมดนะจ๊ะ!"
spam,"🎉 กิจกรรมพิเศษฉลองครบรอบกลุ่ม LINE! แจกฟรี! หนังสือวรรณกรรมขายดี Harry Potter เล่ม 5 ลิขสิทธิ์แท้ จำนวน 10 รางวัล! 
👉 เพียงตอบคำถามง่ายๆ 5 ข้อในแชทส่วนตัว ก็มีสิทธิ์เป็นผู้โชคดีได้รับหนังสือส่งตรงถึงบ้านฟรีทันที!
📲 สนใจร่วมสนุกพิมพ์ ""HARRY"" แล้วกดเพิ่มเพื่อนกับแอดมินเพื่อรับลิงก์ตอบคำถามได้เลยครับ (สิทธิ์มีจำนวนจำกัด!)"
spam,"🚨ด่วน! แจกฟรีทุนทำกิจกรรมกดรับออเดอร์สินค้าออนไลน์ 500 บาทถอนได้จริง ไม่ต้องฝากก่อน! 
👉สำหรับสมาชิกใหม่ในกลุ่มนี้เท่านั้น อยากมีรายได้เสริมวันละ 500-1,000 บาท แอดไลน์ส่วนตัวมารับสิทธิ์ได้เลยครับ จำนวนจำกัด! 
คลิกเลย: https://lin.ee/example"
spam,สวัสดีค่ะทุกคน พอดีแอดมินมีกิจกรรมพิเศษแจกทุนฟรี 500 บาท สำหรับสมาชิกในกลุ่ม LINE นี้เท่านั้นค่ะ! เงื่อนไขง่ายๆ แค่กดเพิ่มเพื่อนแล้วทักหาแอดมินส่วนตัวเพื่อรับสิทธิ์ได้เลยนะคะ ด่วน! สิทธิ์มีจำนวนจำกัดค่ะ LINE ID: @admin_lucky99
spam,"🔥ด่วน! กิจกรรมพิเศษฉลองครบรอบ แจกเงินทุนฟรี 500 บาท สำหรับสมาชิกใหม่ในกลุ่มนี้เท่านั้น! 

คลิกรับสิทธิ์ง่ายๆ แค่แอดไลน์ส่วนตัวแล้วส่งรูปหน้าจอมายืนยันรับเครดิตได้เลยที่: http://alto18.co.uk/wave/wave.asp?o=44345 (จำนวนจำกัด รีบเลยก่อนสิทธิ์เต็ม!)"
spam,"🚨ด่วน! กิจกรรมพิเศษฉลองครบรอบ แจกทุนทดลองเล่นฟรี 500 บาท จำนวนจำกัดเพียง 50 ท่านแรกเท่านั้น! 
👉 ไม่ต้องฝาก ไม่ต้องแชร์ แค่กดรับสิทธิ์ผ่านแอดมินใจดี 
📱 สนใจสมัครงานแพ็คสินค้า กดรับออเดอร์ออนไลน์ สร้างรายได้เสริมวันละ 500-1,500 บาท ถอนได้จริง 
💬 สนใจคลิกแอด LINE ส่วนตัวเพื่อรับลิงก์ทางเข้าได้เลยค่ะ: @admin_vip99 (หรือคลิกที่ลิงก์โปรไฟล์)"
spam,"ด่วน! แจ้งเตือนครั้งที่ 2 คุณได้รับสิทธิ์รับเงินรางวัล 9,000 บาทจากกิจกรรมเมื่อวานนี้ แต่ยังไม่ได้กดรับสิทธิ์ รีบติดต่อแอดมินด่วนก่อนสิทธิ์เต็ม คลิกเพิ่มเพื่อนที่ลิงก์นี้เพื่อรับเงินรางวัล: [A_LINK]"
spam,"🚨 ด่วน! แจ้งสิทธิ์สุดท้ายสำหรับลูกบ้านในกลุ่มนี้เท่านั้น! 🎉 คุณได้รับสิทธิ์ ""แพ็กเกจท่องเที่ยวภูเก็ต 3 วัน 2 คืน"" พร้อมลุ้นรับเงินสดมูลค่า 50,000 บาทฟรี! 💰 
สิทธิ์นี้เฉพาะสมาชิกในกลุ่ม LINE นี้เท่านั้น ไม่ต้องลุ้น ไม่ต้องแชร์ แค่เพิ่มเพื่อนกับแอดมินแล้วพิมพ์คำว่า ""รับสิทธิ์"" ก็รับเครดิตไปหมุนเวียนทำกำไรได้เลยทันที! 

👉 สนใจคลิกแอดไลน์ส่วนตัวแอดมินด่วน (จำนวนจำกัด): [คลิกลิงก์ที่นี่เพื่อรับรางวัล]"
spam,"🎉 ยินดีด้วยค่ะคุณสมาชิกใหม่! คุณได้รับสิทธิ์รับเงินโบนัสฟรี 5,000 บาท ด่วนจำนวนจำกัด! 
👉 เพียงกดเพิ่มเพื่อนกับแอดมินของเรา แล้วส่งข้อความคำว่า ""รับเงิน"" เพื่อยืนยันตัวตนและรับเครดิตได้เลยตอนนี้ คลิกแอดไลน์ส่วนตัวด้านล่างนี้ได้เลยค่ะ 👇
https://lin.ee/example"
spam,"🔥ประกาศด่วน! สมาชิกทุกท่านในกลุ่มนี้ 

ระบบแจ้งเตือนคุณมี ""คะแนนสะสมฟรี 5,000 บาท"" ที่ยังไม่ได้กดรับ และกำลังจะหมดอายุเที่ยงคืนนี้! ⏰

👉 รีบกดรับสิทธิ์ง่ายๆ แค่แอด LINE ส่วนตัวของแอดมิน เพื่อรับลิงก์กดรับเงินสดเข้าบัญชีได้ทันที 
*(จำกัดสิทธิ์แค่ 50 คนแรกเท่านั้น)*

💬 สนใจพิมพ์ ""สนใจ"" หรือคลิกเพิ่มเพื่อนด้านล่างนี้ได้เลยค่ะ 👇
[Line ID: @admin-vip99]"
spam,"🔥ด่วน! แจกฟรีมือถือรุ่นใหม่ล่าสุด และเน็ตไม่อั้นไม่ต้องจ่ายรายเดือน! 
กิจกรรมฉลองครบรอบ 5 ปี แจกจริงไม่มีค่าใช้จ่าย แค่กดรับสิทธิ์ 선착순 (จำนวนจำกัด) 
สนใจรับเครื่องฟรี แอดไลน์ส่วนตัว หรือคลิقลิงก์ด้านล่างเพื่อคุยกับแอดมินได้เลยค่ะ 👇
Line ID: @admin_free99 (มี @ ด้านหน้าด้วยนะคะ)"
spam,"🚨ประกาศด่วน! สำหรับสมาชิกในกลุ่มทุกท่าน เนื่องจากระบบมีปัญหาตกค้าง ทำให้โบนัสและเงินปันผลรอบนี้ยังไม่ถูกโอนเข้าบัญชี 

💸สำหรับท่านที่ต้องการรับเงินฟรี 3,000 บาท หรือสนใจงานกดรับอعเดอร์ออนไลน์ สร้างรายได้วันละ 500-1,500 บาท (ถอนได้จริง ไม่จำกัดรอบ) 

👉 รีบด่วน! สิทธิ์มีจำนวนจำกัด กรุณาแอดไลน์ส่วนตัวของแอดมินเพื่อยืนยันตัวตนและรับลิงก์รับเงินได้เลยครับ 
Line ID: @admin-vip99 (มี@ด้วย) หรือคลิก: https://lin.ee/example"
spam,"🔥ประกาศด่วน! กิจกรรมพิเศษฉลองครบรอบ แจกทุนฟรี 500 บาท สำหรับสมาชิกใหม่ในกลุ่ม LINE เท่านั้น! 
👉 เงื่อนไขง่ายๆ แค่กดไลก์กดแชร์ และกดรับออเดอร์สินค้าออนไลน์กับเรา (ใช้เวลาแค่ 5 นาที ถอนเงินได้จริง)
✨ สนใจรับเครดิตฟรี แอดไลน์ส่วนตัวหาแอดมินสาวสวยได้เลยตอนนี้ @LineAdmin88 (สิทธิ์มีจำนวนจำกัด รีบด่วนก่อนเต็ม!)"
spam,"🎉ด่วน! กิจกรรมพิเศษฉลองครบรอบ แจกทุนฟรี 500 บาท สำหรับสมาชิกใหม่เท่านั้น! 
👉 เพียงกดเพิ่มเพื่อนและทัก 
Line ID: @admin-vip99
รับเครดิตไปปั่นสล็อต/กดรับออเดอร์สร้างรายได้ถอนได้จริง 100% (จำนวนจำกัด รีบด่วนก่อนสิทธิ์เต็ม!)"
spam,"🚨 ด่วน! สำหรับคนติดบูโร ช็อตเงิน หมุนไม่ทัน เงินเดือนไม่พอใช้! 
ทางนี้อนุมัติง่าย ได้จริง ไม่เช็คเครดิตบูโร ไม่ต้องมีคนค้ำ อาชีพไหนก็กู้ได้ วงเงินสูง 50,000 - 500,000 บาท 

สนใจกดเพิ่มเพื่อนรับสิทธิ์พิเศษ หรือทักแชทส่วนตัวหาแอดมินพิมพ์คำว่า ""สนใจ"" ได้เลยค่ะ รับจำนวนจำกัดต่อวันเท่านั้น! 💸👇"
spam,"🎉 ยินดีด้วยค่ะคุณได้รับสิทธิ์พิเศษ! ได้รับเงินรางวัลโบนัส 3,000 บาทฟรีทันที 🎁 
เนื่องจากคุณเป็นสมาชิกกลุ่มที่ active สม่ำเสมอ รีบด่วน! สิทธิ์มีจำนวนจำกัด 
👉 สนใจรับเงินคลิกแอดไลน์ส่วนตัวของแอดมินเพื่อรับยอดได้เลยค่ะ: 
Line ID: @admin_lucky99 (มี @ ด้วยนะคะ)"
spam,"🎉 ยินดีด้วยค่ะ! คุณได้รับสิทธิ์เป็นผู้โชคดีประจำเดือนนี้ ได้รับเงินรางวัลมูลค่า 5,000 บาททันที! 💸 เงื่อนไขง่ายๆ แค่กดเพิ่มเพื่อนทางไลน์ แล้วทักหาแอดมินเพื่อรับยอดได้เลยค่ะ 
👉 แอดไลน์รับเงินฟรี: @lucky168 (มี @ ด้วยนะคะ) สิทธิ์มีจำนวนจำกัด รีบด่วน!"
spam,"📢 ด่วน! เปิดรับสมัครแอดมินแพ็คสินค้าและกดรับออเดอร์ออนไลน์ ทำงานผ่านมือถือวันละ 10-20 นาที รับรายได้ 500-1,500 บาท/วัน ถอนเงินได้จริง ไม่จำกัดเพศและวัย สนใจคลิกแอด Line ส่วนตัวเพื่อรับลิงก์ทำงานฟรีที่นี่เลยครับ 👇
Line ID: @admin_job99 (มี @ ด้วยนะคะ)"
spam,"🚨ด่วน! กิจกรรมพิเศษฉลองครบรอบ แจกทุนฟรี 1,000 บาท! 
รับสิทธิ์ง่ายๆ แค่กดไลก์กดแชร์ และกดรับออเดอร์สินค้าออนไลน์กับเรา ถอนเงินได้จริง 100% 
รับจำนวนจำกัดเพียง 50 ท่านแรกเท่านั้น! 
สนใจคลิกแอดไลน์ส่วนตัวเพื่อรับเครดิตฟรีกับแอดมินได้เลยค่ะ 👇
Line ID: @admin-free99"
spam,"🔥ด่วน! รับสมัครคนช่วยกดออเดอร์สินค้าออนไลน์ คอนเฟิร์มยอดขาย สร้างรายได้เสริมวันละ 500-1,500 บาท ถอนเงินได้จริง ไม่จำกัดเพศและวัย สนใจแอด Line ส่วนตัวมาได้เลยครับ รับจำนวนจำกัด: @84484king"
spam,"🎉 ด่วน! กิจกรรมพิเศษแจกเงินฟรี 1,000 บาท เข้าบัญชีทันที ไม่ต้องฝากก่อน แค่กดรับสิทธิ์ผ่านแอดมินใจดี สนใจคลิกแอด LINE ส่วนตัวรับโบนัสฟรีทุกวัน @999luckyvip 💸✨"
spam,"🔥ด่วน! หุ้นเด่นรอบพอร์ตจากวงใน VIP ปิดพุ่งทะยานกว่า 300% 🚀 
ระบบเราคัดมาให้แล้วเน้นๆ ตัวย่อ Nasdaq: CDGT 
จากหุ้นละ $5.00 เตรียมทะยานสู่เป้าหมายใหม่ ใครอยากได้กำไรเข้ากระเป๋าแบบันนี้ 
แอดไลน์ส่วนตัวรับโพยหุ้นฟรี หรือคลิกเข้ากลุ่มด่วน รับจำนวนจำกัด! 
👉 Line ID: @vip-invest99 (มี @ ด้วยนะ)"
spam,"ว่างงานอยู่บ้าน แต่อยากมีรายได้เสริมไหมคะ? 👩‍💻✨ งานกดรับออเดอร์สินค้าออนไลน์ง่ายๆ ทำผ่านมือถือ แค่ 10-15 นาทีต่อวัน รับเงินทันที วันละ 500 - 1,500 บาท (ถอนได้จริง ไม่จำกัดรอบ) 

📌 รับจำนวนจำกัดแค่วันละ 10 คนเท่านั้น!
สนใจคลิกแอด LINE ส่วนตัวเพื่อรับข้อมูลด่วน 👇
Line ID: @vip-job99 (มี @ ด้วยนะคะ)"
spam,"📢 แจ้งด่วน! สมาชิกในกลุ่มทุกท่านค่ะ ตอนนี้ทางบริษัทฯ มีกิจกรรมพิเศษแจกทุนฟรี 500 บาท สำหรับท่านที่สนใจหารายได้เสริมวันละ 500-1,500 บาท แค่กดรับออเดอร์สินค้าออนไลน์ ไม่ต้องมีประสบการณ์ ทำผ่านมือถือได้ 100% สนใจรีบ add LINE ส่วนตัวของแอดมินเพื่อรับสิทธิ์ด่วน จำนวนจำกัดนะคะ 
👉 LINE ID: @admin-vip99 (หรือคลิกลิงก์ที่ปักหมุดด้านบนได้เลยค่ะ)"
spam,"🎉 ยินดีด้วยค่ะคุณคือผู้โชคดีคนที่ 99 ของวันนี้! ได้รับสิทธิ์รับเงินรางวัลพิเศษ 5,000 บาท ฟรี! 
👉 กติกาง่ายๆ เพียงแอดไลน์ส่วนตัวของแอดมิน แล้วพิมพ์คำว่า ""รับเงิน"" เพื่อรับลิงก์กดรับสิทธิ์ได้เลยค่ะ 
⚠️ สิทธิ์มีจำนวนจำกัด รีบด่วนก่อนหมดเขตนะคะ! 
ID Line: @admin_lucky99 (มี @ด้วยนะคะ)"
spam,"🚨ประกาศด่วน! กิจกรรมพิเศษฉลองครบรอบกลุ่ม LINE แจกเงินสด 500 บาทฟรี! 
เพียงตอบคำถามง่ายๆ ว่า ""คุณชอบช้อปปิ้งสินค้าประเภทไหนมากที่สุด?"" 
1) เสื้อผ้าแฟชั่น 2) เครื่องสำอาง 3) ของใช้ในบ้าน 
พิมพ์ 1, 2 หรือ 3 ส่งมาที่แอดมินส่วนตัวเพื่อรับสิทธิ์ได้เลยตอนนี้! (สิทธิ์มีจำนวนจำกัด รีบด่วนก่อนเต็ม!) 
👉 แอดไลน์รับเงินรางวัลทันที: @admin_lucky99"
spam,"📢 ด่วน! แจ้งสิทธิพิเศษสำหรับสมาชิกในกลุ่มนี้เท่านั้นค่ะ 🎁
คุณได้รับสิทธิ์ลุ้นรับเงินสดฟรี 1,000 บาท หรือรางวัลใหญ่สูงสุด 5,000 บาท การันตีแจกจริงทุกคน! 
เพียงเพิ่มเพื่อนและติดต่อแอดมินส่วนตัวเพื่อรับยอดได้เลยค่ะ 
👉 สนใจคลิกแอด LINE ด้านล่างนี้ (สิทธิ์มีจำนวนจำกัดนะคะ):
[ใส่ลิงก์ไลน์แอบอ้าง]"
spam,"🎉ยินดีด้วยค่ะคุณได้รับสิทธิ์เข้าร่วมกิจกรรมกดรับออเดอร์สินค้าออนไลน์ รับค่าคอมมิชชั่นวันละ 500-1,500 บาทถอนเงินได้จริง สนใจคลิกแอดไลน์ส่วนตัวเพื่อรับโบนัสฟรี 100 บาทได้ที่ลิงก์นี้เลยค่ะ ID: @admin_lucky99"
spam,"🎉 ยินดีด้วยค่ะคุณได้รับสิทธิ์พิเศษ! เป็น 1 ใน 50 คนแรกของวันนี้ รับทุนท่องเที่ยวฟรีมูลค่า 5,000 บาท หรือเลือกรับงานกดรับออเดอร์สินค้าออนไลน์ รายได้วันละ 500-1,500 บาท ถอนเงินได้จริง ไม่เสียค่าใช้จ่ายใดๆ ทั้งสิ้น สนใจรีบทักแอดมินส่วนตัวด่วน! จำนวนจำกัด แอดไลน์ไอดี: @vip999 (มี @ ด้วยนะคะ)"
spam,"🎉 ยินดีด้วยค่ะ! คุณคือผู้โชคดีได้รับสิทธิพิเศษรับเงินรางวัลมูลค่า 15,000 บาท ฟรี! ในฐานะลูกค้ารายใหญ่ เพียงเพิ่มเพื่อนรับสิทธิ์และกดรับออเดอร์งานง่ายๆ ได้เงินจริง สนใจคลิกแอดไลน์ด่วน: https://lin.ee/example สิทธิ์มีจำนวนจำกัดนะคะ"
spam,"🎉ประกาศรายชื่อผู้โชคดีประจำกลุ่ม! คุณได้รับสิทธิ์รับเงินรางวัลพิเศษ 5,000 - 10,000 บาทฟรี! 
เนื่องในโอกาสฉลองครบรอบ 5 ปี เพียงแค่คุณมีเวลาว่างวันละ 10-15 นาที และมีมือถือ สามารถกดรับออเดอร์สินค้าช่วยโปรโมทกับทางเรา ถอนเงินได้จริงทันทีไม่มีค่าใช้จ่ายใดๆ ทั้งสิ้น! 
⚡️สิทธิ์มีจำนวนจำกัด สนใจคลิกแอด LINE ส่วนตัวของแอดมินเพื่อรับเครดิตฟรีและเริ่มงานได้ทันทีเลยค่ะ 
👉 ID Line: @vip-Bonus99 (มี @ด้วยนะคะ)"
spam,"🎉ประกาศด่วน! กิจกรรมพิเศษฉลองครบรอบ แจกเงินสด 1,000 บาท และของรางวัลมูลค่ารวมกว่า 5,000 บาท ฟรี! 
👉 เพียงแค่ท่านมีเวลาว่างวันละ 10-15 นาที รับอderสินค้าออนไลน์ กดไลก์ กดแชร์ รับเงินเข้าบัญชีทันที ไม่จำกัดอายุ รายได้วันละ 500-1,500 บาท ถอนได้จริง! 
📲 สนใจรับสิทธิ์จำนวนจำกัด รีบกดแอดไลน์ส่วนตัวของแอดมินเพื่อรับลิงก์ทำงานได้เลยที่ LINE ID: @admin_lucky99 (มี @ ด้วยนะ)"
spam,"📢ประกาศจากแอดมินกลุ่มค่ะ! 
🎉ยินดีด้วยนะคะ คุณได้รับสิทธิ์รับเงินขวัญถุง 5,000 บาทฟรี! จากกิจกรรมฉลองครบรอบ 5 ปีของบริษัทเรา 
💥เพียงแค่คุณมีมือถือและเวลาว่าง 10-15 นาที/วัน ก็สามารถกดรับออเดอร์สร้างรายได้เสริมวันละ 500-1,500 บาทได้ทันที (ถอนเงินได้จริง 100%)
⚠️สิทธิ์มีจำนวนจำกัด สนใจกดเพิ่มเพื่อนรับสิทธิ์ด่วนที่ Line ส่วนตัวของแอดมินเลยค่ะ: @admin999 (คลิกเลย 👇)"
spam,"🚨ด่วน! กิจกรรมพิเศษฉลองครบรอบ 5 ปี แจกเงินทุนฟรี 500 บาท สำหรับสมาชิกใหม่เท่านั้น! 
👉 เพียงแค่คุณทายชื่อดาราดังในภาพถูก รับเงินเข้าบัญชีทันที ไม่ต้องฝากก่อน!
📲 สนใจรับสิทธิ์ แอดไลน์ส่วนตัวของแอดมินมาได้เลยที่ ID: @admin999 (มี@ด้วยนะคะ) หรือคลิก: https://lin.ee/example
⚠️ สิทธิ์มีจำนวนจำกัด วันนี้วันเดียวเท่านั้น!"
spam,"✨ประกาศด่วน! กิจกรรมพิเศษประจำสัปดาห์จากกลุ่มเรา เปิดรับสมัครสมาชิกเพิ่มจำนวนจำกัด รับสิทธิพิเศษและเงินรางวัลฟรีทันที! 

เพียงแค่โทรหรือแอดไลน์มาที่เบอร์ 087-095-0152 เพื่อรับรายละเอียดงานกดรับออเดอร์สร้างรายได้วันละ 500-1,500 บาทง่ายๆ ทำที่บ้านได้จริง สนใจรีบทักส่วนตัวด่วน จำนวนจำกัดค่ะ! 💰📱"
spam,"📌ด่วน! กิจกรรมพิเศษแจกเงิน 1,000 บาทฟรีวันละ 50 สิทธิ์เท่านั้น! 
สำหรับสมาชิกในกลุ่มนี้ที่มีคนแอบชอบและส่งคำขอมา อยากรู้ว่าใครแอดไลน์ส่วนตัวมาหาคุณตอนนี้เลย! 
👉 แอดไลน์ไอดี: @vip-lucky99 (มี@ด้วยนะคะ) แล้วทักพิมพ์ว่า ""รับสิทธิ์"" ได้เลยค่ะ 선"
spam,"🔥ด่วน! เปิดรับสมัครแอดมินตอบแชทคอนเฟิร์มสินค้า/กดรับออเดอร์ออนไลน์ รายได้ 500-1,500 บาท/วัน (ทำผ่านมือถือได้ ไม่ต้องมีประสบการณ์) 
เนื่องจากมีผู้สนใจจำนวนมาก สนใจงานพิมพ์ ""1"" หรือแอด Line ส่วนตัวเพื่อรับสิทธิ์admin ได้ที่ลิงก์นี้เลยค่ะ รับจำนวนจำกัด! 🆔 Line: @admin_job99"
spam,"🚨ด่วน! แจกทุนฟรี 5,000 บาท สำหรับสมาชิกใหม่ที่ไม่มีประวัติการกู้ เงินด่วนอนุมัติไวใน 10 นาที ติดต่อรับสิทธิ์แอดไลน์ส่วนตัวแอดมินได้เลยค่ะ LINE ID: @support_credit99 (จำนวนจำกัด)"
spam,"🔥ด่วน! กิจกรรมพิเศษฉลองครบรอบ แจกทุนฟรี 500 บาท เข้าบัญชีทันที ไม่ต้องฝากก่อน! 
📱เพียงกดเพิ่มเพื่อนกับแอดมินใจดีของเรา แล้วส่งคำว่า ""รับเงินฟรี"" 
👇คลิกเลย รับจำนวนจำกัดแค่วันนี้วันเดียวเท่านั้น!
Line ID: @admin_lucky99 (มี @ ด้วยนะ)"
spam,"🎉 ด่วน! กิจกรรมพิเศษฉลองครบรอบ แจกเงินทุนฟรี 500 บาท สำหรับสมาชิกใหม่เท่านั้น! 
👉 เพียงกดรับสิทธิ์และแอดไลน์ส่วนตัวเพื่อรับยอดกับแอดมินได้เลยค่ะ 
💸 งานออนไลน์กดไลก์กดรับออเดอร์ง่ายๆ ถอนเงินได้จริง ไม่จำกัดจำนวนครั้ง สนใจคลิกแอดไลน์ด่วน: [ใส่ลิงก์ LINE] (สิทธิ์มีจำนวนจำกัด)"
spam,"🔥ด่วน! แจกจริงไม่มีกั๊ก สมาชิกกลุ่ม LINE นี้รับสิทธิพิเศษทันที! 
คุณมี 800 คะแนนสะสม (มูลค่า 8,000 บาท) ที่ยังไม่ได้กดรับ ยอดจะหมดอายุภายในวันนี้! 
👉 สนใจรับเงินเข้าบัญชีฟรี หรือสนใจงานกดรับออเดอร์หารายได้เสริมวันละ 500-1,500 บาท 
แอดไลน์ส่วนตัวของแอดมินเพื่อรับลิงก์รับสิทธิ์ได้เลยครับ/ค่ะ (จำนวนจำกัด) 
Line ID: @admin_vip99 (คลิกเพิ่มเพื่อนด่วน)"
spam,"✨ประกาศด่วน! กิจกรรมพิเศษฉลองครบรอบ แจกทุนฟรี 1,000 บาท สำหรับสมาชิกในกลุ่ม LINE นี้เท่านั้น! 
📱 เพียงแค่ท่านร่วมสนุกกดรับออเดอร์สินค้าออนไลน์ง่ายๆ ใช้เวลาแค่ 5-10 นาที ถอนเงินได้จริง รับรองรายได้ 500-1,500 บาท/วัน ไม่จำกัดจำนวนครั้ง!
,
🔒 สิทธิ์มีจำนวนจำกัด 선착순 (มาก่อนได้ก่อน) สนใจรับเครดิตฟรีและเริ่มงานทันที 
👉 แอดไลน์ส่วนตัวของแอดมินเพื่อรับลิงก์ลงทะเบียนได้เลยค่ะ: [ใส่ Line ID ตรงนี้]"
spam,"🎉ด่วน! รับสมัครแอดมินตอบแชทคอนเฟิร์มสินค้า และกดรับออเดอร์ออนไลน์ สร้างรายได้เสริม 500-1,500 บาท/วัน ถอนเงินได้จริง ไม่จำกัดเพศและอายุ สนใจงานพิมพ์ ""สนใจ"" หรือคลิกimลิงก์แอดไลน์ส่วนตัวเพื่อรับสิทธิ์พิเศษกับแอดมินได้เลยค่ะ ⬇️
https://lin.ee/example"
spam,"📢ประกาศด่วน! สำหรับสมาชิกทุกท่านในกลุ่มนี้🎉 
ยินดีด้วยค่ะคุณได้รับสิทธิ์เป็นผู้โชคดี ได้รับเงินโบนัสฟรี 3,000 บาท💸 เพียงแค่กดเพิ่มเพื่อนกับแอดมินแล้วส่งคำว่า ""รับเงิน"" มาทางไลน์ส่วนตัว รับสิทธิ์ได้ทันทีจำนวนจำกัด รีบ add line มาเลยนะคะ 👉 ID: @admin_bonus888"
spam,"🔥 เปิดรับสมัครด่วน! หน้าม้ากดรับออเดอร์สินค้าออนไลน์ และกดไลก์เพจคอนเทนต์ ได้เงินจริง 500-1,000 บาท/วัน ถอนได้ทันที ไม่จำกัดจำนวนรอบ ไม่ต้องมีประสบการณ์ สนใจงานพิมพ์ ""สนใจ"" หรือแอดไลน์ส่วนตัวเพื่อรับลิงก์ทำงานได้เลยค่ะ ID: @job999 (รับจำนวนจำกัด)"
spam,"🚨 ด่วน! เบอร์มือถือของคุณได้รับสิทธิ์ผู้โชคดี รับเงินรางวัล 2,000 บาทฟรีทันที! (จำกัดเพียง 10 สิทธิ์วันนี้เท่านั้น) 
สนใจกดเพิ่มเพื่อนรับเครดิตฟรีกับแอดมินโดยตรงที่ Line ID: @vip888 (หรือคลิกลิงก์ด้านล่างเพื่อรับเงินทุนฟรีทันที) 👇
https://lin.ee/example"
spam,"🚨ด่วน! กิจกรรมพิเศษต้อนรับปีใหม่ แจกทุนฟรี 500 บาท สำหรับสมาชิกใหม่ในกลุ่ม LINE เท่านั้น! 
👉 เพียงกดเพิ่มเพื่อนกับแอดมินสาวสวย แล้วส่งคำว่า ""รับทุนฟรี"" รับเครดิตไปปั่นสล็อต/ลงทุนทำกำไรถอนได้ทันที ไม่ต้องฝากก่อน! 
⚠️ สิทธิ์มีจำนวนจำกัด คลิกแอดไลน์ส่วนตัวด่วน: https://lin.ee/example"
spam,"✨สวัสดีค่ะทุกคนในกลุ่มนี้ แอดมินมีกิจกรรมพิเศษแจกเงินฟรี 500 บาท สำหรับสมาชิก 20 ท่านแรกที่กดเพิ่มเพื่อนและทัก Line OA ของเรามานะคะ งานง่ายๆ แค่กดรับออเดอร์สินค้าในมือถือก็ได้เงินจริง สนใจคลิกแอดไลน์ส่วนตัวด้านล่างนี้ได้เลยค่ะ 👇
https://lin.ee/example"
spam,"🚨ด่วน! กิจกรรมพิเศษแจกเงิน 1,000 บาทฟรีๆ สำหรับลูกบ้านในกลุ่มนี้เท่านั้น! 
ร่วมสนุกง่ายๆ ตอบคำถามวัดดวง:
""ในภาพยนตร์ The Simpsons Movie (2007) วงดนตรีร็อกวงใดที่มาเล่นคอนเสิร์ตแล้วเรือล่มจมน้ำตายตอนเริ่มเรื่อง?""
A. Green Day
B. Blue Day
C. Red Day

พิมพ์คำตอบ A, B หรือ C ส่งเข้ามาในแชทส่วนตัวของแอดมิน เพื่อรับเงินรางวัลเข้าบัญชีได้ทันที! 
(จำกัดแค่ 20 ท่านแรกเท่านั้น ห้ามพลาดเด็ดขาด คลิกแอดไลน์ส่วนตัวด้านล่างนี้เลย👇)"
spam,"🔥ประกาศด่วน! สมาชิกทุกท่านในกลุ่มนี้🎉
ทางแอดมินใจดี แจกฟรี! โทรศัพท์มือถือรุ่นใหม่ล่าสุด และเครดิตเงินสดมูลค่า 3,000 บาท ฟรี! ไม่มีค่าใช้จ่ายใดๆ ทั้งสิ้น สิทธิ์นี้เฉพาะวันนี้วันเดียวเท่านั้น! 
📱✨ 

สำหรับสมาชิกที่สนใจรับสิทธิ์ หรือต้องการอัปเกรดมือถือเครื่องใหม่ฟรี 
👉 
รบกวนคลิกแอด Line ส่วนตัวของแอดมิน หรือโทรด่วนที่เบอร์ 084-502-1368 (ด่วน! ของมีจำนวนจำกัด หมดแล้วหมดเลย) 
*(เงื่อนไขเป็นไปตามที่กลุ่มกำหนด)*"
spam,"🚨ด่วน! แจกจริงไม่ต้องลุ้น! 
กิจกรรมพิเศษฉลองครบรอบ แจกทุนฟรี 5,000 บาท จำนวนจำกัดเพียง 20 ท่านแรกเท่านั้น! 
👉 เงื่อนไขง่ายๆ แค่กดรับออเดอร์สินค้าออนไลน์กับทางเรา ไม่ต้องมีประสบการณ์ มีสอนให้ฟรี ถอนเงินได้จริง 100%
สนใจรับสิทธิ์พิมพ์ ""สนใจ"" หรือรีบทักแอดมินส่วนตัวด่วน! 
👇 Add Line ด้านล่างนี้ (รับจำนวนจำกัด)
Line ID: @admin_free99 (คลิกเลย)"
spam,"🔥แจกจริง! แจกทุนฟรี 500 บาท สำหรับสมาชิกใหม่ แค่กดรับสิทธิ์ผ่านลิงก์แอดมิน รับเงินเข้าบัญชีทันที ไม่ต้องฝากก่อน 
👉 สนใจคลิกแอด LINE ส่วนตัวเพื่อรับโบนัสพิเศษได้เลยครับ: @admin888 (จำนวนจำกัด)"
spam,"🎉ด่วน! โควต้าสุดท้ายของเดือนนี้ สำหรับสมาชิกกลุ่ม LINE ทุกท่าน! 
🎁ใครที่ใช้มือถือมานานกว่า 11 เดือนขึ้นไป มีสิทธิ์รับ ""iPhone 15 Pro Max สีใหม่ล่าสุด กล้องชัดระดับเทพ"" ไปใช้ฟรีๆ ไม่เสียค่าใช้จ่ายใดๆ ทั้งสิ้น! 
🔥แจกจริง เพียง 50 เครื่องแรกเท่านั้น!
👇สนใจรับสิทธิ์ กดเพิ่มเพื่อนกับแอดมินเพื่อยืนยันตัวตนด่วนที่ Line ID: @admin_free99 (หรือคลิกลิงก์ด้านบน) รีบเลยก่อนสิทธิ์เต็ม!"
spam,"🎉ยินดีด้วยค่ะคุณได้รับสิทธิ์พิเศษ! แจกทุนฟรี 500 บาท เพื่อใช้กดรับออเดอร์สร้างรายได้เสริม ถอนได้จริงไม่ต้องทำเทิร์น 
👉รีบกดลิงก์แอด Line แอดมินส่วนตัวเพื่อรับสิทธิ์ด่วน (สิทธิ์มีจำนวนจำกัด): https://line.me/ti/p/~admin_lucky99"
spam,"ยินดีด้วยค่ะคุณได้รับสิทธิ์รับโทรศัพท์มือถือและเงินรางวัล 5,000 บาทฟรี! เนื่องจากเป็นสมาชิกผู้โชคดีในกลุ่มเรา รีบด่วน! สิทธิ์มีจำนวนจำกัด แอดไลน์ส่วนตัวเพื่อรับของรางวัลได้ที่ลิงก์นี้เลยค่ะ: [ใส่ลิงก์ LINE] หรือ @admin_lucky"
spam,"🔥 ด่วนที่สุด! ประกาศรายชื่อผู้โชคดีในกลุ่ม รับสิทธิ์ไปเที่ยวสเปนฟรี 4 วัน 3 คืน พร้อมที่พัก 4 ดาว หรือเลือกรับเงินสด 500,000 บาททันที! 

สิทธิ์นี้แจกเฉพาะสมาชิกในกลุ่มนี้เท่านั้น (จำกัดแค่ 5 ท่านแรกที่ทักแอดมินมาส่วนตัว) 

👉 สนใจรับรางวัลคลิกแอดไลน์ส่วนตัวของแอดมินเพื่อยืนยันตัวตนได้เลยครับ: 
(แอดไลน์ @admin-lucky VIP) 
⚠️ รีบด่วน ก่อนสิทธิ์เต็ม!"
spam,"🔥ด่วน! กิจกรรมพิเศษฉลองครบรอบ แจกทุนฟรี 500 บาท สำหรับสมาชิกใหม่เท่านั้น! เพียงกดรับสิทธิ์และแอดไลน์ส่วนตัวเพื่อรับยอดทันที ไม่ต้องฝากก่อน แค่กดไลก์กดแชร์รับทรัพย์รายวัน สนใจคลิกแอด LINE ด้านล่างได้เลยค่ะ 👇
Line ID: @admin_lucky99 (มี@ด้วยนะคะ)"
spam,🔥แจกเงินฟรี 500 บาท! สำหรับ 100 ท่านแรกที่กดลิงก์ด้านล่างนี้ กิจกรรมฉลองครบรอบ 5 ปี เพียงแอดไลน์ส่วนตัวรับเครดิตไปปั่นสล็อตฟรีถอนได้จริงไม่ต้องฝาก สนใจคลิกเลย 👉 [LINE: @vip888] รีบด่วนสิทธิ์มีจำนวนจำกัด!
spam,"🚨 ด่วน! กิจกรรมพิเศษแจกเงินฟรี 1,000 บาท สำหรับสมาชิกใหม่ในกลุ่มนี้เท่านั้น! 
👉 เพียงแค่กดเพิ่มเพื่อนทางไลน์ส่วนตัวของแอดมิน แล้วพิมพ์คำว่า ""รับเงิน"" ก็รับเครดิตไปปั่นสล็อตหรือกดรับออเดอร์สร้างรายได้วันละ 500-1,000 บาทได้เลยทันที! 
🔒 100 ท่านแรกเท่านั้น คลิกเลย: https://lin.ee/example-scam"
spam,"🎉ด่วน! กิจกรรมพิเศษฉลองครบรอบ แจกทุนฟรี 500 บาท สำหรับสมาชิกใหม่เท่านั้น! 
👉 เพียงกดไลก์ กดรับออเดอร์สินค้าออนไลน์กับเราวันละ 10-15 นาที รับรองรายได้ 500-1,500 บาท/วัน ถอนเงินได้จริง ไม่จำกัดรอบ!
, สนใจคลิกแอดไลน์ส่วนตัวของแอดมินเพื่อรับสิทธิ์ได้เลยค่ะ 
Line ID: @admin-vip99 (มี@ด้วยนะคะ) 
⚠️ สิทธิ์มีจำนวนจำกัด ช้าอดหมดเขตนะจ๊ะ!"
spam,"🎉 ยินดีด้วยค่ะคุณคือผู้โชคดี! สมาชิกกลุ่ม LINE ทุกท่านมีสิทธิ์รับเงินขวัญถุง 3,000 บาทฟรี! 💰 เพียงกดลิงก์เพิ่มเพื่อนกับแอดมินเพื่อรับยอดได้เลยค่ะ 👉 [คลิกแอดไลน์: @admin_lucky99] (สิทธิ์มีจำนวนจำกัด รีบเลยนะคะ!)"
spam,"🚨ประกาศด่วน! สำหรับสมาชิกในกลุ่มทุกท่าน 
กิจกรรมพิเศษวันนี้ แจกทุนฟรี 500 บาท จำนวนจำกัด! 
เพียงแค่กดรับออเดอร์สินค้าออนไลน์ง่ายๆ ใช้เวลาแค่ 5 นาที ถอนเงินได้จริง ไม่เสียค่าใช้จ่ายใดๆ ทั้งสิ้น 
สนใจร่วมสนุกรับเงินฟรี แอด Line ส่วนตัวของแอดมินมาได้เลยครับ/ค่ะ 👉 Line ID: @admin_free99 (มี @ ด้านหน้า) รีบด่วน สิทธิ์มีจำนวนจำกัด!"
spam,"📢 ประกาศด่วน! สมาชิกในกลุ่มทุกท่าน 📢
ทางกลุ่มเรามีกิจกรรมพิเศษแจกเงินทุนฟรี 3,750 บาท สำหรับท่านที่เคยประสบอุบัติเหตุหรือต้องการหารายได้เสริมช่วงโควิด! 💸✨
👉 แค่กดเพิ่มเพื่อนและทักแชทส่วนตัวหาแอดมิน พิมพ์คำว่า ""รับเงินฟรี"" ก็รับสิทธิ์ไปเลยทันที!
(สิทธิ์มีจำนวนจำกัด รีบด่วนก่อนเต็มนะจ๊ะ) 
👇 แอดไลน์ส่วนตัวแอดมินคลิกเลย 👇
[ใส่ลิงก์ไลน์ปลอมตรงนี้]"
spam,"🔥ด่วน! กิจกรรมพิเศษแจกเครดิตฟรี 500 บาท สำหรับสมาชิกกลุ่มนี้เท่านั้น! 🎁
ไม่ต้องฝากก่อน แค่กดไลก์กดแชร์กิจกรรม ก็รับเงินเข้าบัญชีได้ทันที 
👉 สนใจรับสิทธิ์พิมพ์ ""สนใจ"" หรือคลิกแอดไลน์ส่วนตัวของแอดมินเพื่อรับยอดได้เลยค่ะ 
Line ID: @admin_lucky99 (รับจำนวนจำกัดเพียง 50 คนแรกเท่านั้น!)"
spam,"🔥ด่วน! กิจกรรมพิเศษแจกเงินฟรี 500 บาท แค่กดรับออเดอร์สินค้าออนไลน์ง่ายๆ วันละ 10 นาที ถอนเงินได้จริง ไม่จำกัดจำนวนครั้ง สนใจคลิกแอดไลน์ส่วนตัวเพื่อรับสิทธิ์ด่วน จำนวนจำกัด! 
Line ID: @admin_lucky99"
spam,"🚨ด่วน! กิจกรรมพิเศษฉลองครบรอบ แจกทุนทดลองเล่นฟรี 500 บาท สำหรับสมาชิกใหม่เท่านั้น! 
👉 ไม่ต้องฝาก ไม่ต้องแชร์ แค่กดรับสิทธิ์ผ่านแอดมิน 
🔥 ทำยอดครบ 300 ถอนได้ทันที 
สนใจร่วมสนุกพิมพ์ ""รับเครดิต"" ใต้โพสต์นี้ หรือadd LINE ส่วนตัวของแอดมินเพื่อรับลิงก์รับเงินสดได้เลยค่ะ (สิทธิ์มีจำนวนจำกัด!)"
spam,"ด่วน! แจกเงินขวัญถุง 3,000 บาทฟรี เพียงแค่พิมพ์คำว่า ""สนใจ"" แล้วกดแอดไลน์ส่วนตัวมารับสิทธิ์ได้เลย จำนวนจำกัด รีบด่วนก่อนเต็ม!"
spam,"🔥ด่วน! เปิดรับสมัครหน้าม้ากดรับออเดอร์สินค้าออนไลน์ สินค้าแบรนด์ดัง การันตีรายได้ 500-1,500 บาทต่อวัน ถอนเงินได้จริง ไม่จำกัดจำนวนครั้ง สนใจแอด Line ส่วนตัวเพื่อรับลิงก์ทำงานฟรีได้ที่ @123scam (มี @ ด้วยนะคะ)"
spam,"⚠️ประกาศด่วนจากแอดมิน! วันนี้ใครเป็นสมาชิกกลุ่ม รับสิทธิพิเศษทองคำฟรี แจกจริงไม่มีก๊ก! 🎉 
เพียงคลิกลิงก์ด้านล่างเพื่อยืนยันตัวตนกับแอดมิน และรับเครดิตเงินสดไปหมุนเวียนลงทุนทำกำไรได้เลย โอกาสทองแบบนี้มีจำกัด รีบด่วนก่อนสิทธิ์เต็ม! 👇
https://lin.ee/example"
spam,"💰ด่วน! รับสมัครคนช่วยกดออเดอร์สินค้าออนไลน์ คอนเฟิร์มยอดขายรายได้วันละ 500-1,500 บาท ถอนเงินได้จริง ไม่จำกัดเพศและวัย สนใจพิมพ์ ""สนใจ"" หรือคลิกแอดไลน์ส่วนตัวของแอดมินเพื่อรับลิงก์ทำงานได้เลยค่ะ LINE ID: @job-online99 (รับจำนวนจำกัดเพียง 10 คนเท่านั้น)"
spam,🚨ด่วนที่สุด! แจกฟรีทุนทำกิจกรรมสำหรับสมาชิกกลุ่ม LINE นี้ วันนี้วันโชคดีของคุณ! อยากรู้ว่าได้อะไร คลิกลิงก์ด่วน: https://lin.ee/example ทักแอดมินรับเครดิตฟรีทันที จำนวนจำกัด!
spam,"🎉ยินดีด้วยค่ะคุณคือผู้โชคดี! สมาชิกในกลุ่ม LINE นี้ได้รับสิทธิ์รับเงินรางวัลพิเศษ 9,000 บาทฟรี! 💰 เพียงกดเพิ่มเพื่อนกับแอดมินส่วนตัวแล้วแจ้งโค้ดรับเงิน [KL341] รีบด่วน! สิทธิ์นี้มีเวลาจำกัดแค่ 12 ชั่วโมงเท่านั้น 👉 แอดไลน์รับเครดิตฟรีคลิกเลย: [ใส่ลิงก์]"
spam,ประกาศด่วน! สำหรับสมาชิกในกลุ่มทุกท่าน กิจกรรมพิเศษแจกเงินทุนฟรี 500 บาท จำนวนจำกัดเพียง 20 สิทธิ์เท่านั้น! เพียงแค่กดรับออเดอร์สินค้าออนไลน์กับทางเรา ใช้เวลาว่างแค่ 10 นาที ถอนเงินได้จริง ไม่เสียค่าใช้จ่ายใดๆ ทั้งสิ้น สนใจรีบทักแอดมินส่วนตัวเพื่อรับลิงก์ลงทะเบียนด่วน A J Line: @vip-bonus99 (ระวังมิจฉาชีพแอบอ้าง ให้แอดจากลิงก์นี้เท่านั้น)
spam,🔥ด่วน! กิจกรรมพิเศษแจกเงินฟรี 500 บาท แค่ตอบคำถามง่ายๆ 4 ข้อ รับโบนัสทันที! ไม่ต้องฝากก่อน สนใจคลิกเลย หรือแอด Line ID: @bonus999 เพื่อรับสิทธิ์ (จำนวนจำกัด รีบด่วน!)
spam,"🚨ด่วน! แจ้งสิทธิ์รับเงินเยียวยาและโบนัสพิเศษฟรี 5,000 บาท ประจำวันนี้ จำนวนจำกัด! 
👉 สำหรับท่านที่อยู่ในกลุ่มนี้เท่านั้น รีบติดต่อ ""แอดมินสาวสวย"" ส่วนตัวด่วนเลยค่ะ 
📞 หรือโทรสายด่วนหาแอดมินโดยตรงที่เบอร์ 087-124-02578 (รีบทักก่อนสิทธิ์เต็มนะasiคะ ช้าอดพลาดแน่นอน!) 
👇 แอดไลน์ส่วนตัวเพื่อรับเงินคลิกที่ลิงก์นี้เลย (หรือโทรด่วนตอนนี้)"
spam,"📢 ด่วน! เปิดรับสมัครแอดมินพาสไทม์ กดยอดไลก์ กดรับออเดอร์สินค้าออนไลน์ รายได้ 500-1,500 บาท/วัน ถอนเงินได้จริง ไม่จำกัดเพศและวัย สนใจงานคลิกแอด Line ส่วนตัวเพื่อรับลิงก์ทำงานฟรีที่นี่เลยครับ/ค่ะ 👉 [Line ID: @123scam]"
spam,"🎉 ยินดีด้วยค่ะคุณได้รับสิทธิ์พิเศษ! แจกเงินขวัญถุง 5,000 บาทฟรี! สำหรับสมาชิกใหม่ 10 ท่านแรกของวันนี้ ไม่ต้องลงทุน แค่มีมือถือเครื่องเดียวก็ทำได้ กดรับยอดได้จริง สนใจกดลิงก์แอด Line ส่วนตัวของแอดมินเพื่อรับเครดิตฟรีได้เลยค่ะ 👉 Line ID: @vip888th (รับจำนวนจำกัดนะ)"
spam,"🚨ด่วน! แจกฟรี 500 บาท สำหรับสมาชิกใหม่ที่เข้ากลุ่ม LINE นี้เท่านั้น! 💸
งานง่ายๆ แค่กดไลก์ กดรับออเดอร์สินค้า ได้เงินจริงถอนได้เลย ไม่ต้องมีค่าใช้จ่าย 
สนใจอยากหารายได้เสริมวันละ 500-1,000 บาท แอด Line ส่วนตัวของแอดมินมาได้เลยค่ะ 
👉 ID Line: @admin_lucky99 (รับจำนวนจำกัดเพียง 20 ท่านแรกเท่านั้น!)"
spam,"🚨ประกาศด่วน! กิจกรรมพิเศษฉลองครบรอบ 5 ปี แจกทุนฟรี 1,000 บาท จำนวนจำกัด 50 สิทธิ์แรกเท่านั้น! 
👉 เพียงแค่กดเพิ่มเพื่อนทางไลน์ แล้วทักมารับยอดได้เลยทันที ไม่ต้องฝาก ไม่ต้องแชร์ เล่นง่าย ถอนได้จริง 
📲 แอด Line ID: @vip168 (มี@ด้วยนะคะ) หรือคลิก: lin.ee/scam999 ช้าอดหมดสิทธิ์นะคะ!"
spam,"🚨ประกาศด่วน! สำหรับสมาชิกในกลุ่มทุกท่านค่ะ ตอนนี้มีกิจกรรมพิเศษแจกเงินฟรี 1,000 บาท สำหรับท่านที่สนใจอยากมีรายได้เสริมวันละ 500-1,500 บาทจากการกดรับออเดอร์สินค้าออนไลน์ งานง่ายๆ ไม่ต้องมีประสบการณ์ ถอนเงินได้จริง รับจำนวนจำกัดแค่วันนี้วันเดียวเท่านั้น สนใจคลิกแอด Line ส่วนตัวเพื่อรับสิทธิ์กับแอดมินโดยตรงได้เลยค่ะ 🆔 @admin_Lucky99"
spam,"🚨ประกาศด่วน! สมาชิกกลุ่ม LINE ทุกท่าน (เบอร์ 0789xxxxxxx) วันนี้คุณคือผู้โชคดีได้รับสิทธิ์พิเศษ! 
💰แจกทุนฟรี 1,000 บาท เพื่อร่วมกิจกรรมกดรับออเดอร์สร้างรายได้ง่ายๆ ถอนเงินได้จริง 100% 
👉รีบAdd Line ส่วนตัวของแอดมิน เพื่อรับเครดิตฟรีและเริ่มงานได้เลย จำนวนจำกัด! 
[คลิกแอดไลน์ที่นี่: https://line.me/ti/p/sample]"
spam,"ประกาศด่วน! 🎉 สำหรับสมาชิกในกลุ่มนี้เท่านั้น ใครโสดเหงาๆ อยากมีรายได้เสริมวันละ 500-1,500 บาท มีคนแอบชอบและฝากแอดมินทักมาหาคุณค่ะ! 
สนใจอยากรู้ว่าใครแอด LINE ส่วนตัวมาหาด่วน 👉 ID: @scam123 (รับจำนวนจำกัด)"
spam,🔥เปิดรับสมัครด่วน! หน้าม้ากดรับออเดอร์สินค้าออนไลน์ และกดไลค์Tiktok คอนเฟิร์มยอดรับเงินสดทันที 300-800 บาท/วัน 💰 ทำง่ายๆ แค่มีมือถือเครื่องเดียว ไม่จำกัดอายุ ด่วน! รับจำนวนจำกัด สนใจคลิกแอดไลน์ส่วนตัวเพื่อรับสิทธิ์ได้ที่ลิงก์นี้เลย 👉 [Line ID: @admin_vip99]
spam,🚨ด่วน! สมาชิกในกลุ่มท่านได้รับสิทธิ์รับเงินเยียวยาฟรี 600 บาท! แจกจริงไม่มีเงื่อนไข เพียงแค่ตอบคำถามง่ายๆ ในระบบ แอดไลน์ส่วนตัวเพื่อรับเงินเข้าบัญชีทันที คลิกเลย 👉 [ลิงก์ปลอม] หรือทักแอดมินส่วนตัวได้เลยค่ะ 💸✨
spam,"🎉ยินดีด้วยค่ะคุณได้รับสิทธิ์รับเงินเยียวยา 3,000 บาทฟรี! เนื่องจากเป็นสมาชิกร่วมกิจกรรมกับเรา รีบกดรับสิทธิ์ด่วนจำนวนจำกัด แอดไลน์ส่วนตัวเพื่อรับเงินเข้าบัญชีได้เลยค่ะ 🆔 @line123 (คลิก: https://lin.ee/example)"
spam,"ด่วน! สิทธิ์รับเงิน 5,000 บาทสุดท้ายของคุณกำลังจะหมดอายุ หากไม่กดรับภายใน 10 นาทีนี้ สิทธิ์จะถูกโอนให้สมาชิกท่านอื่นทันที! สนใจคลิกim.net/vip หรือแอดไลน์ส่วนตัวมาที่ @admin99 เพื่อรับโอนเงินเข้าบัญชีได้เลย (รับจำนวนจำกัด)"
spam,"🚨 ด่วน! แจกฟรี iPhone 15 Pro Max จำนวน 50 เครื่อง! ฉลองครบรอบกลุ่ม รับเครื่องพรุ่งนี้ฟรี! พร้อมแพ็กเกจเน็ตไม่อั้น + เงินสด 5,000 บาท 🎁 
สิทธิ์สุดท้ายแล้ว สนใจพิมพ์ ""สนใจ"" หรือคลิกแอด Line ส่วนตัวของแอดมินเพื่อรับสิทธิ์ได้เลยครับ 👉 [ลิงก์ปลอม]"
spam,"🚨 ด่วน! กิจกรรมพิเศษฉลองครบรอบ แจกเงินทุนฟรี 500 บาท สำหรับสมาชิกใหม่ในกลุ่มนี้เท่านั้น! 

เพียงแค่ท่านมีเวลาว่างวันละ 10-15 นาที ช่วยกดไลก์ กดหัวใจ หรือกดรับออเดอร์สินค้าออนไลน์ รับรายได้ทันที 300 - 1,000 บาท/วัน ถอนเงินได้จริง ไม่จำกัดจำนวนครั้ง! 

สนใจรับสิทธิ์ หรือสอบถามรายละเอียดเพิ่มเติม รีบแอดไลน์ส่วนตัวของแอดมินมาได้เลยค่ะ (จำนวนจำกัด วันนี้วันเดียวเท่านั้น!) 
👉 LINE ID: @admin_lucky99 (มี @ ด้วยนะคะ)"
spam,🎉ยินดีด้วยค่ะคุณคือผู้โชคดี! ได้รับสิทธิ์รับเงินขวัญถุง 500 บาทฟรี! เพียงกดเพิ่มเพื่อนและทักแอดมินเพื่อรับเครดิตร่วมสนุกกิจกรรมสร้างรายได้กดรับออเดอร์สินค้าออนไลน์ถอนเงินได้จริง สนใจคลิกเลย 👉 [LINE OA]
spam,"🔥ด่วน! กิจกรรมพิเศษฉลองครบรอบกลุ่ม แจกฟรีหูฟังบลูทูธไร้สายรุ่นใหม่ล่าสุด จำนวน 10 รางวัล! 
🎁 เพียงแค่พิมพ์คำว่า ""สนใจ"" ใต้โพสต์นี้ หรือแอดไลน์ส่วนตัวของแอดมินเพื่อรับสิทธิ์ได้เลยครับ 
👉 ID Line: @admin_vip99 (มี @ด้วยนะ) สิทธิ์มีจำนวนจำกัด ช้าอดหมดนะจ๊ะ!"
spam,"🔥ด่วน! เปิดรับสมัครแอดมินตอบแชทและกดรับออเดอร์สินค้าออนไลน์ รายได้ 500-1,500 บาท/วัน ถอนเงินได้จริง ไม่จำกัดเพศและอายุ สนใจงานกดคลิกเพิ่มเพื่อนเพื่อรับลิงก์ทำงานฟรีทาง LINE OA นี้ได้เลยครับ/ค่ะ: 
👉 @line-job888 (มี @ ด้วยนะ)"
spam,"🎉 ด่วน! สมาชิกกลุ่มเราได้รับสิทธิ์พิเศษฟรี! แพ็กเกจเที่ยว Disneyland ยุโรป พร้อมตั๋วเครื่องบิน หรือเลือกรับเงินสด 35,000 บาท ฟรี! 
🎁 สิทธิ์จำกัดเพียง 5 ท่านแรกเท่านั้น! 

👉 สนใจรับสิทธิ์ แอด LINE ส่วนตัวของแอดมินเพื่อยืนยันตัวตนได้เลยครับ:
Line ID: @admin_lucky99 (มี @ ด้วยนะครับ)
*(สงวนสิทธิ์เฉพาะผู้ที่มีอายุ 18 ปีขึ้นไปเท่านั้น)*"
spam,"สวัสดีค่ะทุกคน แอดมินมีกิจกรรมพิเศษมาแจกเงินฟรี 500 บาท สำหรับสมาชิกใหม่ แค่กดเพิ่มเพื่อนรับสิทธิ์ LINE ส่วนตัวที่ @admin99 แล้วทักคำว่า ""รับเงิน"" ได้เลยค่ะ จำนวนจำกัดนะคะ รีบเลย!"
spam,"🎉 ยินดีด้วยค่ะ! คุณได้รับสิทธิ์รับเงินรางวัลพิเศษ 3,000 บาท จากกิจกรรมดันยอดขายฟรี รีบกดแอด LINE ส่วนตัวของแอดมินเพื่อรับเครดิตฟรีได้เลยตอนนี้ จำนวนจำกัดนะคะ 👉 [คลิกแอดไลน์: @admin999]"
spam,"✨เปิดรับสมัครด่วน! หน้าม้ากดรับออเดอร์สินค้าออนไลน์ 🛍️ ทำง่ายๆ แค่ใช้มือถือ วันละ 10-15 นาที รับเงินทันที 300-800 บาท ถอนได้จริง ไม่จำกัดจำนวนครั้ง 💸 สนใจงานกดคลิกแอด LINE ส่วนตัวเพื่อรับสิทธิ์พิเศษได้เลยค่ะ 👇
Line ID: @admin_job99"
spam,"🎉 ด่วน! กิจกรรมพิเศษฉลองครบรอบ แจกฟรี! มือถือ iPhone 15 และทองคำแท่ง มูลค่ารวมกว่า 40,000 บาท (การันตีได้รับทุกคน) 🎁
เพียงแค่คุณมีเวลาว่างวันละ 10-15 นาที กดรับออเดอร์สินค้าออนไลน์ง่ายๆ รับรายได้ทันที 500-1,000 บาท/วัน ถอนเงินได้จริง ไม่จำกัดจำนวนครั้ง! 
สนใจร่วมสนุกพิมพ์ ""สนใจ"" หรือคลิกเพิ่มเพื่อนกับแอดมินเพื่อรับสิทธิ์ด่วน จำนวนจำกัดเพียง 20 ท่านแรกเท่านั้น! 👇
Line ID: @admin_lucky99 (คลิกเลย: https://lin.ee/example)"
spam,"🔥ด่วน! รับสมัครคนช่วยแพ็คสินค้า / กดรับออเดอร์สินค้าออนไลน์ รายได้ 500-1,500 บาท/วัน (ทำผ่านมือถือ ไม่จำกัดอายุ) รับจำนวนจำกัด สนใจคลิกแอดไลน์ส่วนตัวเพื่อรับงานได้เลยค่ะ ID: @admin_job99"
spam,"🎉 ด่วน! กิจกรรมพิเศษฉลองครบรอบ แจกฟรี! มือถือรุ่นใหม่ล่าสุดและ Gadget สุดฮิต เลือกรับได้เลยฟรีๆ 1 เครื่อง ไม่ต้องลุ้น! 
🎁 สิทธิ์มีจำนวนจำกัด เพียงเพิ่มเพื่อนและทักแอดมินส่วนตัวเพื่อรับสิทธิ์100ท่านแรกเท่านั้น! 
👉 สนใจคลิกแอด LINE ด้านล่างนี้เลยค่ะ:
https://line.me/ti/p/@scam_example"
spam,"📌 ประกาศด่วน! ยินดีด้วยกับสมาชิกลำดับที่ 946 คุณได้รับสิทธิ์รับเงินโบนัสกิจกรรมพิเศษ 5,000 บาทฟรี! 
👉 สนใจรับเงินรางวัลกดเพิ่มเพื่อนและทักหาแอดมินส่วนตัวเพื่อรับยอดได้เลยตอนนี้ @admin_lucky (A/C Limited)"
spam,"🎉 ยินดีด้วยค่ะคุณคือผู้โชคดี ได้รับสิทธิ์รับเงินขวัญถุง 3,000 บาทฟรี! เพียงแค่กดเพิ่มเพื่อนและทักหาแอดมินเพื่อรับยอดได้เลย งานง่ายๆ แค่กดรับออเดอร์สินค้า ไม่ต้องมีประสบการณ์ ถอนเงินได้จริง 100% สนใจคลิกแอด Line ด่วน: @scam999 (จำนวนจำกัด)"
spam,"🎉ด่วน! กิจกรรมพิเศษฉลองครบรอบ 5 ปี แจกทุนฟรี 500 บาท สำหรับสมาชิกกลุ่มเราเท่านั้น! 

💸 เพียงแค่กดรับออเดอร์สินค้าออนไลน์ง่ายๆ วันละ 10-15 นาที รับรายได้วันละ 300-1,000 บาท ถอนได้จริง ไม่จำกัดจำนวนครั้ง สนใจอยากมีรายได้เสริมทักแอดมินส่วนตัวด่วน! 

👇คลิก Line ส่วนตัวของแอดมินเพื่อรับสิทธิ์ (รับจำนวนจำกัดเพียง 20 คนแรกเท่านั้น):
@admin_pro99 (ใส่ @ ด้วยนะ)"
spam,"🔥งานด่วน! รับสมัครคนช่วยกดออเดอร์สินค้า คอนเฟิร์มยอดขายออนไลน์ รายได้ 500-1,500 บาท/วัน ถอนเงินได้จริง ไม่จำกัดเพศและวัย สนใจแอด LINE ส่วนตัวเพื่อรับลิงก์ทำงานได้เลยครับ ID: @job999 (รับจำนวนจำกัด)"
spam,"ว่างเหรอคะทุกคน พอดีตอนนี้รับสมัครคนช่วยกดรับออเดอร์สินค้าออนไลน์ รายได้วันละ 500-1,500 บาท ถอนเงินได้จริง สนใจทักแอดมินส่วนตัวมาได้เลยนะคะ รับจำนวนจำกัดค่ะ LINE ID: @admin999"
spam,"📢 ด่วน! เปิดรับสมัครงานพาร์ทไทม์ กดไลก์กดรับออเดอร์สินค้าออนไลน์ 🛍️
💰 สร้างรายได้ง่ายๆ วันละ 500 - 1,500 บาท ถอนเงินได้จริง ไม่จำกัดเพศและวัย
✨ งานง่ายแค่นั่งทำผ่านมือถือ ไม่ต้องมีประสบการณ์ก็ทำได้ มีแอดมินสอนงานฟรี!
สนใจอยากมีรายได้เสริม แอดไลน์ส่วนตัวมาได้เลยค่ะ 
👇 (คลิกimสแกน QR Code หรือทักไลน์แอดมิน)
Line ID: @job-online99 (ใส่ @ ข้างหน้าด้วยนะคะ)"
spam,"🚨ด่วนที่สุด! แจ้งเตือนรอบที่ 2 คุณได้รับสิทธิ์รับเงินเยียวยาดิจิทัล 5,000 บาทฟรี! กดลิงก์แอดไลน์ออดิชันรับงานกดรับออเดอร์สร้างรายได้วันละ 500-1,500 บาทกับแอดมินสาวสวยได้เลย รับจำนวนจำกัดเพียง 10 ท่านแรกเท่านั้น! คลิกเพิ่มเพื่อนด่วน: [Line OA]"
spam,"🎉ยินดีด้วยค่ะคุณได้รับสิทธิ์พิเศษ! รับเครดิตเงินฟรี 500 บาท หรือเลือกรับของขวัญมูลค่า 1,250 บาททันที พร้อมสิทธิ์ลุ้นรับทองคำทุกสัปดาห์ สนใจร่วมกิจรรมกดเพิ่มเพื่อนรับงานสร้างรายได้คลิกเลย 👉 [LINE OA] หรือ @admin_kanya"
spam,"🎉 ด่วน! ฉลองครบรอบ 11 เดือน แจกฟรีมือถือรุ่นใหม่ล่าสุด iPhone 15 Pro Max, Samsung S24 Ultra และทุนสนับสนุน 5,000 บาท ฟรี! เพียงกดเพิ่มเพื่อนและพิมพ์ ""สนใจ"" รับสิทธิ์ทันที จำนวนจำกัด LINE ID: @admin_lucky99 (คลิกเลย: https://lin.ee/fakeurl)"
spam,"🚨ด่วน! สมาชิกทุกท่านในกลุ่มนี้โชคดีมากค่ะ แจกฟรีทุนทำกิจกรรมกดรับออเดอร์ออนไลน์ 1,000 บาทถ้วน หรือเลือกรับแพ็กเกจเที่ยวทะเลภูเก็ต 3 วัน 2 คืนฟรี! (จำนวนจำกัด 20 สิทธิ์แรกเท่านั้น) 

สนใจรับสิทธิ์กดคลิก ➡️ https://lin.ee/example 
หรือแอดไลน์ส่วนตัวหาแอดมินเพื่อรับยอดได้เลยค่ะ (สงวนสิทธิ์เฉพาะผู้ที่มีอายุ 18 ปีขึ้นไปเท่านั้นนะคะ)"
spam,"🎉 ด่วน! กิจกรรมพิเศษฉลองครบรอบ แจกทุนฟรี 500 บาท ทุกคน! 
เพียงแค่กดไลก์ กดแชร์ และกดรับออเดอร์สินค้าออนไลน์กับเราแค่นั้น! 
รายได้วันละ 500 - 1,500 บาท ถอนได้จริง ไม่จำกัดจำนวนครั้ง 
สนใจอยากมีรายได้เสริม แอดไลน์ส่วนตัวมาได้เลยค่ะ 
👉 ID Line: @vip-bonus99 (หรือคลิกลิงก์หน้าโปรไฟล์ได้เลยค่ะ) 
รับจำนวนจำกัดเพียง 20 ท่านแรกเท่านั้น รีบด่วน!"
spam,"✨ประกาศด่วน! สำหรับสมาชิกในกลุ่มนี้ทุกท่านนะคะ 📢 ตอนนี้ทางบริษัทเปิดรับสมัครงานออนไลน์แพ็คสินค้า/กดรับออเดอร์สินค้า สร้างรายได้เสริม 500-1,500 บาท/วัน (ถอนเงินได้จริง ไม่เสียค่าสมัครใดๆ ทั้งสิ้นค่ะ) 
📌 สนใจทำงานหรือสอบถามข้อมูลเพิ่มเติม แอดไลน์ส่วนตัวของแอดมินโดยตรงได้เลยนะคะ 👇
🆔 Line ID: @admin_lucky99 (มี @ ด้วยนะคะ)
รับจำนวนจำกัดเพียง 10 ท่านแรกเท่านั้นค่ะ!"
spam,"🔥ประกาศด่วน! รับสมัครคนว่างงาน/นักศึกษา อยากมีรายได้เสริมวันละ 500-1,500 บาท แค่กดรับออเดอร์สินค้าในมือถือ ไม่ต้องมีประสบการณ์ ทำที่ไหนก็ได้ ถอนเงินได้จริง สนใจงานพิมพ์ ""สนใจ"" หรือคลิกแอดไลน์ส่วนตัวของแอดมินเพื่อรับลิงก์สมัครได้เลยค่ะ 🆔 Line: @admin_job99 (รับจำนวนจำกัดนะคะ)"
spam,"🎉 ขอแสดงความยินดีด้วยค่ะคุณคือผู้โชคดี ได้รับสิทธิ์รับเงินขวัญถุง 3,000 บาทฟรี! 💰
เพียงแค่กดเพิ่มเพื่อนทาง LINE แอดมินเพื่อรับยอดได้เลยตอนนี้ 
👉 สนใจคลิกแอดไลน์: @scam99 (มี @ ด้วยนะ)
สิทธิ์มีจำนวนจำกัด รีบด่วนก่อนหมดเขต! 🚀"
spam,"🎉ประกาศด่วน! สำหรับสมาชิกในกลุ่มนี้เท่านั้น กิจกรรมพิเศษแจกทุนเล่นเกมฟรี 500 บาท และโบนัสกดรับออเดอร์สร้างรายได้เสริมวันละ 500-1,500 บาท ถอนได้จริง ไม่จำกัดจำนวนครั้ง สนใจรับสิทธิ์จำนวนจำกัด แอด Line ส่วนตัวของแอดมินมาได้เลยตอนนี้ คลิก 👉 [https://line.me/ti/p/example] หรือทักส่วนตัวด่วน!"
spam,"🚨 ประกาศด่วน! กิจกรรมพิเศษแจกเงินฟรี 1,000 บาท เพียงแค่ทายชื่อเมืองหลวงของออสเตรเลียถูก! 🇦🇺 
สิทธิ์จำกัดแค่ 10 ท่านแรกเท่านั้น ไม่ต้องลงทุน แค่กดแอด LINE ส่วนตัวของแอดมินเพื่อรับเครดิตฟรีทันที! 
👉 สนใจคลิกแอดไลน์ด่วน: [ใส่ลิงก์ไลน์] หรือทักแชทส่วนตัวมารับสิทธิ์ได้เลยค่ะ/ครับ"
spam,"🎉ประกาศรายชื่อผู้โชคดีประจำกลุ่ม! คุณได้รับสิทธิ์รับเงินรางวัลพิเศษ 5,000 บาท หรือเลือกรับทองคำฟรี! 
เนื่องจากโควต้ามมีจำนวนจำกัด รบกวนแอด Line ส่วนตัวของแอดมินเพื่อยืนยันรับสิทธิ์ด่วนค่ะ 👉 ID Line: @vip-admin99 (คลิกเพิ่มเพื่อน 선착순 선착순) 
*เงื่อนไข: สงวนสิทธิ์สำหรับคนที่ทักมาก่อนเท่านั้นนะคะ*"
spam,"🎉ยินดีด้วยค่ะคุณคือผู้โชคดี! เบอร์โทรศัพท์ลงท้ายด้วย 7634 ได้รับสิทธิ์รับเงินรางวัล 3,500 บาทฟรี! รีบกดเพิ่มเพื่อนแล้วทักหาแอดมินเพื่อรับเครดิตเงินสดได้เลยค่ะ ด่วน! สิทธิ์มีจำนวนจำกัด ➡️ https://lin.ee/example"
spam,🚨ประกาศด่วน! สำหรับสมาชิกในกลุ่มทุกท่าน วันนี้แอดมินมีกิจกรรมพิเศษแจกทุนฟรี 500 บาท! เพียงแค่กดรับออเดอร์สินค้าออนไลน์ง่ายๆ ใช้เวลาแค่ 5 นาที ถอนเงินได้จริง ไม่จำกัดจำนวนครั้ง สนใจสร้างรายได้เสริมทักด่วน รับจำนวนจำกัดแค่วันนี้วันเดียว แอดไลน์ส่วนตัวมาที่ @vip999 ได้เลยค่ะ (หรือคลิกลิงก์ด้านล่างเพื่อรับสิทธิ์ก่อนเต็ม) 👇
spam,"📢ประกาศด่วน! สำหรับสมาชิกในกลุ่มทุกท่านค่ะ ตอนนี้ทางบริษัทเปิดรับสมัครงานพาสไทม์ ""กดรับออเดอร์สินค้าออนไลน์"" โปรโมทสินค้าให้กับแบรนด์ดัง 
- ทำงานผ่านมือถือ วันละ 10-20 นาที
- ได้รับค่าคอมมิชชั่นทันที 500 - 1,500 บาท/วัน
- ถอนเงินได้จริง ไม่จำกัดรอบ
- เหมาะสำหรับคนว่างงาน นักศึกษา หรือคนอยากมีรายได้เสริม

🔥รับจำนวนจำกัดเพียง 15 ท่านเท่านั้น! 
สนใจอยากมีรายได้เสริม แอด LINE ส่วนตัวของแอดมินเพื่อรับลิงก์ลงทะเบียนรับเงินฟรี 300 บาทแรกได้เลยค่ะ 
👉 ID Line: @vip-Job88 (มี @ ด้วยนะคะ)"
spam,"🎉 แจกจริง ไม่จกตา! กิจกรรมฉลองยอดสมาชิกครบ 100,000 คน ระบบสุ่มเลือกคุณเป็นผู้โชคดีได้รับเงินรางวัลพิเศษ 5,000 บาท เข้าบัญชีทันที! 

🎁 สิทธิ์นี้เฉพาะสมาชิกในกลุ่ม LINE นี้เท่านั้น รีบกดรับสิทธิ์ด่วนก่อนหมดเขต (จำกัดแค่ 10 ท่านแรกวันนี้)

👉 สนใจรับเงินรางวัล แอด LINE ส่วนตัวของแอดมินเพื่อยืนยันตัวตนได้เลยครับ: [พิมพ์คำว่า ""รับเงิน"" ส่ง1แอดไลน์ส่วนตัว]"
spam,"🚨ประกาศด่วน! สมาชิกกลุ่มทุกท่าน ระบบสุ่มแจกโบนัสพิเศษประจำปีมูลค่า 800 บาทจากกิจกรรมกลุ่ม ปัจจุบันเหลือสิทธิ์รับเงินฟรีอีก 5 สิทธิ์สุดท้ายเท่านั้น! 
👉 สนใจรับเงินเข้าบัญชีทันที แอดไลน์ส่วนตัวของแอดมินเพื่อยืนยันตัวตน (รหัสยืนยันรับสิทธิ์: 48922) 
⏰ รีบด่วน! สิทธิ์จะหมดอายุภายในวันนี้เท่านั้น (หมดเขต 21/11 นี้)"
spam,"🚨 ประกาศด่วนจากแอดมินค่ะ! เนื่องจากวันนี้มีพัสดุตีกลับและอ้างอิงสิทธิ์ตกค้างจำนวนมาก 

สำหรับสมาชิกท่านใดที่ยังไม่ได้รับเงินปันผลกิจกรรมกดรับออร์เดอร์ หรือต้องการถอนเงินกำไรประจำวัน กรุณาติดต่อ ""แอดมินส่วนตัว"" เพื่อยืนยันตัวตนและรับลิงก์รับเงินฟรี 1,000 บาท (รหัสอ้างอิง: TH-9280114) 

⚠️ ด่วน! สิทธิ์มีจำนวนจำกัด คลิกแอดไลน์ไอดีสำรองด้านล่างเพื่อรับสิทธิ์ก่อนหมดเขตวันนี้เท่านั้นค่ะ 👇"
spam,"สวัสดีค่ะทุกคน พอดีแอดมินมีกิจกรรมพิเศษแจกทุนฟรี 500 บาท สำหรับสมาชิกในกลุ่มนี้นะคะ แค่add LINE ส่วนตัวของแอดมินแล้วพิมพ์ว่า ""รับทุน"" รับไปเลยทันทีค่ะ จำนวนจำกัดนะคะ รีบเลย! 
ID LINE: @admin_lucky88"
spam,"🚨ด่วนที่สุด! เบอร์มือถือของคุณได้รับโบนัสพิเศษ 50,000 บาท จากกิจกรรมฉลองครบรอบกลุ่ม VIP เป็นครั้งที่ 2 แล้ว! รีบกดลิงก์แอดไลน์หาแอดมินเพื่อรับเงินรางวัลฟรี ก่อนสิทธิ์เต็ม LINE ID: @admin_lucky99"
spam,"🎉 ยินดีด้วยค่ะ! คุณคือผู้โชคดีได้รับสิทธิ์รับเงินรางวัล 5,000 บาท ฟรี! กิจกรรมแจกทุนทำ100รายชื่อแรกเท่านั้น รีบ add LINE ส่วนตัวมารับยอดกับแอดมินด่วนค่ะ 👉 @admin999 (คลิกเพิ่มเพื่อน 선착순 จำนวนจำกัดนะคะ)"
spam,"🎉ประกาศด่วน! กิจกรรมพิเศษฉลองครบรอบ แจกทุนเล่นเกมฟรี 500 บาทถ้วน! 
สำหรับสมาชิกใหม่ 20 ท่านแรกเท่านั้น เพียงกดเพิ่มเพื่อนและทักแอดมินเพื่อรับเครดิตฟรีไปปั่นสล็อตและบาคาร่าได้เลย ถอนได้จริงไม่มีอั้น สนใจคลิกแอดไลน์ส่วนตัวด้านล่างนี้ได้เลยค่ะ 👇
Line ID: @admin_lucky99 (มี @ ด้วยนะคะ)"
spam,"🎉ด่วน! กิจกรรมพิเศษฉลองครบรอบ 10 ปี แจกทุนฟรี 1,000 บาท และอัพเกรดมือถือรุ่นใหม่ล่าสุดฟรี! ใช้เบอร์เดิมได้เลย ไม่เสียค่าใช้จ่ายใดๆ ทั้งสิ้น 🎁 
รับจำนวนจำกัดเพียง 50 ท่านแรกเท่านั้น! 
สนใจร่วมสนุกกดเพิ่มเพื่อนรับสิทธิ์ทาง LINE OA ด้านล่างนี้ได้เลยค่ะ 👇
https://lin.ee/example"
spam,"🎉 กิจกรรมพิเศษฉลองครบรอบกลุ่ม LINE 🎉 สมาชิกทุกท่านมีสิทธิ์ลุ้นรับ iPhone 15 Pro Max และทองคำแท่งฟรี! เพียงกดเพิ่มเพื่อนกับแอดมินแล้วพิมพ์คำว่า ""รับโชค"" เพื่อรับสิทธิ์ร่วมสนุกได้เลยทันที (จำกัด 50 สิทธิ์แรกเท่านั้น ไม่มีค่าใช้จ่ายใดๆ ทั้งสิ้น) 
👉 แอดไลน์ส่วนตัวเพื่อรับรางวัล: @admin_lucky99"
spam,🎉 ยินดีด้วยค่ะ! คุณได้รับสิทธิ์รับโทรศัพท์มือถือ iPhone 15 Pro Max ฟรี! (กิจกรรมฉลองครบรอบ 5 ปีของกลุ่ม) รีบแอดไลน์ส่วนตัวเพื่อรับสิทธิ์ด่วน จำนวนจำกัดเพียง 10 ท่านแรกเท่านั้น 👉 ID Line: @vip888shop (แอดมินใจดี ทักมาได้เลยค่ะ)
spam,"🔥ด่วน! กิจกรรมพิเศษแจกเงินฟรี 1,000 บาท เพียงกดรับสิทธิ์และทำภารกิจกดไลก์กดรับออเดอร์สินค้าออนไลน์ ถอนเงินได้จริง 100% สนใจคลิกแอด LINE ส่วนตัวเพื่อรับลิงก์ทำงานกับแอดมินได้เลยตอนนี้ จำนวนจำกัด! 💸📲"
spam,"🎉 กิจกรรมพิเศษต้อนรับวันหยุด! แจกเงินฟรี 500-3,000 บาท ถอนได้จริง 100% 
เนื่องในโอกาสครบรอบ เปิดรับสมัครสมาชิกใหม่จำกัดจำนวน 
เพียงกดรับสิทธิ์และทำภารกิจกดไลก์สินค้าออนไลน์ง่ายๆ ใช้เวลาแค่ 5 นาที รับเงินเข้าบัญชีทันที! 

👉 สนใจคลิกแอด LINE ส่วนตัวเพื่อรับเครดิตฟรีกับแอดมินได้เลยค่ะ (Line ID: @vip888_cash) 
สิทธิ์มีจำนวนจำกัด 선착순 선착순! ⚠️"
spam,"🔥ด่วน! ขอคนว่างงาน อยากมีรายได้เสริม วันละ 500-1,500 บาท 
📱เพียงแค่กดรับออเดอร์สินค้าในมือถือ ไม่จำกัดเพศและวัย ถอนเงินได้จริง 
⚠️สิทธิ์รับโบนฟรี 300 บาท สำหรับ 10 ท่านแรกเท่านั้น! 
สนใจงานพิมพ์คำว่า ""สนใจ"" หรือคลิกเพิ่มเพื่อนรับสิทธิ์ด่วนที่ LINE ID: @vip888job (แอดมินใจดีตอบไวมากค่ะ)"
spam,"🎉ยินดีด้วยค่ะคุณคือผู้โชคดี ได้รับสิทธิ์รับเงินสด 5,000 บาทฟรี! 💰
เพียงตอบคำถามง่ายๆ ในกลุ่ม แล้วทักแอดมินส่วนตัวเพื่อรับเงินเข้าบัญชีได้ทันที 
สนใจคลิกแอด Line ส่วนตัวเพื่อรับรางวัลได้เลยค่ะ 👇
Line ID: @admin_lucky99 (มี @ ด้วยนะคะ)"
spam,"✨ประกาศด่วน! ยินดีด้วยค่ะคุณได้รับสิทธิ์เข้าร่วมกลุ่ม VIP ฟรี! 🎁 แจกทุนทำ 100 บาท เพียงกดเพิ่มเพื่อนรับงานกดรับออเดอร์สร้างรายได้วันละ 500-1,000 บาท ถอนได้จริง สนใจคลิกแอดไลน์ส่วนตัวเพื่อรับสิทธิ์ด่วน: @admin999 (ID: 1172)"
spam,"🚨ด่วน! แจกจริงไม่ต้องลุ้น! สำหรับสมาชิกใหม่ในกลุ่มนี้เท่านั้น รับสิทธิ์แพ็กเกจเที่ยวเกาะภูเก็ตฟรี 4 วัน 3 คืน หรือเลือกรับเงินสด 50,000 บาททันที! 💸🌴

สิทธิ์เต็มไวมาก วันนี้วันสุดท้าย รีบadd LINE ส่วนตัวของแอดมินเพื่อรับโค้ดรับเงินสดหรือจองตั๋วเครื่องบินได้เลยครับ 

👇คลิกแอดไลน์ด่วน (จำนวนจำกัด):
[QR Code / ลิงก์ไลน์ปลอม]"
spam,"ด่วนที่สุด! นี่เป็นการติดต่อครั้งที่ 2 แล้ว เงินรางวัล 50,000 บาทจากกิจกรรมเมื่อวานของคุณยังรอการยืนยันสิทธิ์อยู่ รีบกดลิงก์แอด Line แอดมินส่วนตัวเพื่อรับเงินด่วน ก่อนสิทธิ์จะเต็มจำนวน!"
spam,"🎄ประกาศด่วน! กิจกรรมแจกทุนฟรีต้อนรับปีใหม่ 💰 เพียงกดรับออเดอร์สินค้าออนไลน์ง่ายๆ แค่วันละ 10-15 นาที รับรองรายได้ 500-1,500 บาท/วัน ถอนเงินได้จริง ไม่จำกัดจำนวนครั้ง สนใจรับสิทธิ์จำนวนจำกัด แอดไลน์ส่วนตัวมาที่ ID: @admin_vip99 หรือคลิกim.cr/lucky88 เพื่อรับงานได้เลยค่ะ (สงวนสิทธิ์ผู้มีอายุ 20 ปีขึ้นไปเท่านั้น)"
spam,"🚨ด่วนที่สุด! สำหรับสมาชิกกลุ่มนี้เท่านั้น บัญชีของคุณมียอดโบนัสสะสมตกค้าง 7,860 บาท รีบกดรับสิทธิ์ก่อนหมดเขตวันนี้ แอดไลน์ส่วนตัวมารับยอดกับแอดมินโดยตรงคลิกเลย: https://lin.ee/xxxxx (ID: @admin99)"
spam,⚠️ประกาศด่วน! กิจกรรมพิเศษฉลองครบรอบ แจกทุนฟรี 500 บาท สำหรับสมาชิกใหม่ แค่กดรับสิทธิ์ง่ายๆ ไม่ต้องฝากก่อน สนใจคลิกแอด LINE ด่วนจำนวนจำกัด: lin.ee/xxxxxx
spam,"📢 แจ้งประกาศด่วน! คุณคือผู้โชคดี 1 ใน 5 คนของกลุ่มนี้! ได้รับสิทธิ์รับเงินสด 5,000 บาท หรือแพ็กเกจท่องเที่ยวฟรี (รวมตั๋วเครื่องบิน) ✈️💸
สิทธิ์พิเศษนี้เฉพาะสมาชิกในกลุ่มเราเท่านั้น! ไม่ต้องมีค่าใช้จ่ายใดๆ ทั้งสิ้น 

⚠️ รีบ(คลิก)ด่วน จำนวนจำกัด! 
สนใจรับสิทธิ์พิมพ์ ""สนใจ"" หรือกดเพิ่มเพื่อนทักหาแอดมินส่วนตัวเพื่อรับรางวัลได้เลยครับ/ค่ะ 
👇แอดไลน์รับสิทธิ์ที่นี่ (แอดมินใจดีตอบไวมาก)"
spam,"🎉 แจกทุนฟรี 500 บาท สำหรับสมาชิกใหม่กลุ่มนี้เท่านั้น! 
กดรับสิทธิ์ง่ายๆ แค่แอดไลน์ส่วนตัวของแอดมิน แล้วพิมพ์คำว่า ""รับเงิน"" 
ด่วน! สิทธิ์มีจำนวนจำกัด คลิกเลย 👉 [ลิงก์ไลน์ปลอม]"
spam,🚨ประกาศด่วนจากแอดมินกลุ่มค่ะ! สมาชิกท่านใดที่มีบัญชีใช้งานมานาน แจกทุนฟรี 800 บาท เครดิตถอนได้จริง! รีบแอดไลน์ส่วนตัวมา087-152-XXXX ด่วน (รหัสรับสิทธิ์: 42810) สิทธิ์มีจำนวนจำกัด วันนี้วันสุดท้ายแล้วค่ะ!
spam,"🎉ยินดีด้วยค่ะคุณคือผู้โชคดี! สมาชิกกลุ่มเราได้รับสิทธิ์รับเงินขวัญถุง 1,500 บาทฟรี! 💰
เพียงกดเพิ่มเพื่อนกับแอดมินแล้วพิมพ์ว่า ""รับเงิน"" เพื่อรับลิงก์กดรับออเดอร์สร้างรายได้วันละ 500-1,000 บาทได้เลยค่ะ (1 สิทธิ์ต่อ 1 คนเท่านั้น รีบทักด่วนก่อนเต็มนะคะ) 
👉 แอดไลน์ส่วนตัวเพื่อรับสิทธิ์: @admin_lucky99"
spam,"🎉ยินดีด้วยค่ะ! คุณได้รับสิทธิ์เข้าร่วมกลุ่ม VIP กดรับออเดอร์สินค้าออนไลน์ สร้างรายได้เสริมวันละ 500-1,500 บาท ถอนเงินได้จริง ไม่จำกัดจำนวนครั้ง สนใจรับงานกดเพิ่มเพื่อนแล้วทักหาแอดมินส่วนตัวได้เลยค่ะ 👉 Line ID: @vip_job99"
spam,ว่างงานอยู่บ้าน แต่อยากมีรายได้เสริมไหมคะ? 👩‍💻✨ งานกดไลก์กดรับออเดอร์สินค้าออนไลน์ง่ายๆ ทำผ่านมือถือแค่วันละ 10-15 นาที ได้เงินจริง ถอนได้ทันที ไม่ต้องมีประสบการณ์ สนใจกดแอด Line ส่วนตัวเพื่อรับลิงก์ลงทะเบียนรับเงินฟรี 300 บาทแรกได้เลยค่ะ 👇 (รับจำนวนจำกัดนะคะ)
spam,"✨ด่วน! รับสมัครคนช่วยกดรับออเดอร์สินค้าออนไลน์ คอนเฟิร์มยอดรายได้ 500-1,500 บาท/วัน ถอนเงินได้จริง ไม่จำกัดเพศและวัย สนใจอยากมีรายได้เสริมทักด่วน รับจำนวนจำกัด แอดไลน์ส่วนตัวมาที่ ID: @job910 หรือคลิก: www.line.me/ti/p/@job910"
spam,"🚨ประกาศด่วน! กิจกรรมพิเศษฉลองครบรอบ แจกเครดิตฟรี 500 บาท สำหรับสมาชิกในกลุ่ม LINE นี้เท่านั้น! 
👉 เพียงกดเพิ่มเพื่อนกับแอดมินสาวสวย แล้วพิมพ์คำว่า ""รับเงินฟรี"" 
รับสิทธิ์ง่ายๆ ไม่ต้องฝาก ไม่ต้องแชร์ ถอนได้จริง 100% 
⚠️สิทธิ์มีจำนวนจำกัด รีบด่วนก่อนเต็ม คลิกเลย: https://line.me/ti/p/example"
spam,"🎉 ยินดีด้วยค่ะคุณคือผู้โชคดี ได้รับสิทธิ์รับเงินรางวัล 3,500 บาทฟรี! เนื่องจากเป็นสมาชิกในกลุ่ม LINE นี้ รีบกดแอดไลน์ส่วนตัวของแอดมินเพื่อรับเครดิตเงินสดได้เลยค่ะ (สิทธิ์มีจำนวนจำกัดนะคะ) 
👉 สนใจคลิกแอดไลน์: [ใส่ลิงก์ปลอม]"
spam,"📢 ด่วน! เปิดรับสมัครงานพาร์ทไทม์ กดไลก์กดรับออเดอร์สินค้าออนไลน์ 🛒 ได้เงินจริงวันละ 500-1,500 บาท ถอนได้ทันที ไม่จำกัดอายุ รับจำนวนจำกัด สนใจคลิกแอด LINE ส่วนตัวเพื่อรับลิงก์ทำงานได้เลยครับ 👇
Line ID: @admin_vip99"
spam,"🔥ด่วน! กิจกรรมพิเศษฉลองครบรอบ แจกฟรี iPhone 15 Pro Max หรือรับเงินสด 5,000 บาททันที! 🎁✨ 
เพียงแค่กดเพิ่มเพื่อนกับแอดมินสาวสวยของเรา แล้วพิมพ์คำว่า ""รับโชค"" ส่งมาทางไลน์ส่วนตัว รับสิทธิ์ได้เลยตอนนี้จำนวนจำกัด! 
👉 แอดไลน์รับสิทธิ์คลิก: https://lin.ee/example (หรือID: @admin99) 
รีบด่วนก่อนสิทธิ์เต็ม!"
spam,"🎉กิจกรรมพิเศษแจกเงินฟรี 500 บาท! สำหรับสมาชิกใหม่ในกลุ่มนี้เท่านั้น เพียงกดเพิ่มเพื่อนกับแอดมินสาวสวย แล้วพิมพ์คำว่า ""รับทุน"" เพื่อรับโบนัสเข้าบัญชีได้ทันที 24 ชม. จำนวนจำกัดแค่ 50 ท่านแรกเท่านั้น แอด LINE ส่วนตัวมาเลย 👉 [คลิกเพื่อเพิ่มเพื่อน]"
spam,"📢 ด่วน! เปิดรับสมัครงานออนไลน์แพ็คสินค้าและกดรับออเดอร์รายได้เสริม วันนี้แจกทุนทดลองเล่นฟรี 300 บาท ถอนได้จริง ไม่ต้องฝากก่อน 
👉 สนใจงานพิมพ์ ""สนใจ"" หรือคลิกแอดไลน์ส่วนตัวเพื่อรับสิทธิ์ด่วน (รับจำนวนจำกัด): 
Line ID: @vip888_job (ใส่ @ ด้วยนะคะ)"
spam,"🔥ด่วน! เปิดรับสมัครหน้าม้ากดรับออเดอร์สินค้าออนไลน์ สร้างรายได้วันละ 500-1,500 บาท ถอนเงินได้จริง ไม่จำกัดเพศและวัย สนใจแอด Line ส่วนตัวมารับ 100 บาทแรกฟรี: @scam123"
spam,"🚨ประกาศด่วน! ยินดีด้วยค่ะคุณคือผู้โชคดี ได้รับสิทธิ์รับเงินรางวัลพิเศษ 5,000 บาท ฟรี! 
เนื่องจากทางเราพยายามติดต่อคุณเป็นครั้งที่ 2 แล้ว รีบกดรับสิทธิ์ด่วนก่อนหมดเขตวันนี้ 
📌วิธีรับง่ายมาก เพียงแค่แอด LINE ส่วนตัวของแอดมิน แล้วพิมพ์ว่า ""รับสิทธิ์"" 
👉 คลิกเพิ่มเพื่อนรับเงินรางวัลทันที: [ลิงก์ปลอม] 
(สิทธิ์มีจำนวนจำกัด ช้าอดนะจ๊ะ)"
spam,"🔥ด่วน! กิจกรรมพิเศษแจกโบนัสฟรี 500 บาท สำหรับสมาชิกใหม่ในกลุ่มเราเท่านั้น! 
👉 เพียงแค่กดรับออเดอร์สินค้าออนไลน์ง่ายๆ วันละ 10-15 นาที รับรองได้เงินจริง ถอนได้ทันที ไม่เสียค่าสมัคร!
📲 สนใจอยากมีรายได้เสริมทักแอดมินส่วนตัวด่วน รับจำนวนจำกัดเพียง 5 คนเท่านั้น คลิกเลย: https://line.me/ti/p/example"
spam,ว่างเหรอคะ? สาวๆ ในกลุ่มกำลังรอแชทกับคุณอยู่เพียบเลย สนใจกดลิงก์เพิ่มเพื่อนรับงานพิเศษแก้เหงา รายได้ดีถอนได้จริง สนใจทักแอดมินส่วนตัวได้เลยค่ะ
spam,"🎉ข่าวดีด่วน! สำหรับสมาชิกในกลุ่มนี้เท่านั้น แจกเงินสดฟรี 1,000 บาท และของรางวัลมูลค่ารวมกว่า 2,000 บาท แจกจริงไม่มีเงื่อนไข! 

🎁 สิทธิ์พิเศษจำกัดเพียง 20 ท่านแรกเท่านั้น เพียงเพิ่มเพื่อนและติดต่อแอดมินสาวสวยเพื่อรับเครดิตฟรีได้เลยตอนนี้! 

👉 สนใจคลิกแอดไลน์ส่วนตัวของแอดมินได้ที่นี่เลยค่ะ: [ใส่ลิงก์ LINE] (รีบด่วน ก่อนเต็มจำนวนนะจ๊ะ)"
spam,สวัสดีค่ะ แอดมินเอมนะคะ ทางเรามีกิจกรรมแจกทุนฟรี 500 บาท สำหรับสมาชิกใหม่ แค่กดรับสิทธิ์และทำภารกิจกดไลก์กดออเดอร์สินค้าในระบบ ใช้เวลาแค่ 5 นาที ถอนเงินได้จริง สนใจแอด LINE ส่วนตัวมาได้เลยนะคะ @admin_amy (มี@ด้วยนะคะ) รับจำนวนจำกัดค่ะ
spam,"🎉ยินดีด้วยค่ะ! คุณได้รับสิทธิ์เข้าร่วมกลุ่มกดรับออเดอร์สินค้าออนไลน์สร้างรายได้เสริมวันละ 500-1,500 บาท รับจำนวนจำกัด สนใจกดเพิ่มเพื่อนรับงานกับแอดมินโดยตรงที่ Line ID: @vip-job99 คลิเลย 📲👇"
spam,"🎉กิจกรรมพิเศษฉลองครบรอบ แจกเครดิตฟรี 500 บาท! สำหรับสมาชิกกลุ่ม LINE นี้เท่านั้น กดรับสิทธิ์ง่ายๆ แค่แอดไลน์ส่วนตัวของแอดมิน แล้วพิมพ์คำว่า ""รับทุน"" เพื่อเริ่มทำภารกิจกดรับออเดอร์สร้างรายได้วันละ 500-1,000 บาท ถอนได้จริงไม่มีขั้นต่ำ รีบด่วนสิทธิ์มีจำนวนจำกัด! 
👉 แอดไลน์ส่วนตัวเพื่อรับสิทธิ์: https://lin.ee/example"
spam,"🚨ด่วนที่สุด! ประกาศรายชื่อผู้โชคดีในกลุ่มประจำวันนี้ คุณได้รับสิทธิ์รับเงินรางวัลพิเศษ 2,000 บาท ฟรี! 
✨ การันตีได้รับจริงทุกคน 
👉 สำหรับสมาชิกที่อยู่ในกลุ่มนี้เท่านั้น อยากรับเงินเข้าบัญชีด่วน ให้รีบทักแอดมินส่วนตัวเพื่อ1. แจ้งรับสิทธิ์ 2. รับลิงก์รับเงินได้เลย! 
⏳ (สิทธิ์นี้ใช้ได้ภายใน 12 ชั่วโมงนี้เท่านั้น ทักช้าหมดเขตอดรับนะ)"
spam,"📢 เปิดรับสมัครด่วน! งานแพ็คสินค้า/กดรับออเดอร์ออนไลน์ สร้างรายได้เสริมวันละ 500-1,500 บาท 

✨ เพียงแค่มีมือถือเครื่องเดียว ไม่จำกัดอายุ ทำที่ไหนก็ได้ ถอนเงินได้จริง 

🎁 พิเศษ! สำหรับผู้ที่ทักมาตอนนี้ รับทุนทดลองเล่นและโบนัสฟรีทันที 300 บาท!

👇 สนใจงานคลิกแอดไลน์ส่วนตัวเพื่อรับข้อมูลด่วน (รับจำนวนจำกัด)
Line ID: @vip-job88 (ใส่ @ ด้วยนะครับ)"
spam,"🔥ด่วน! เปิดรับสมัครแอดมินพาร์ทไทม์ กดรับออเดอร์สินค้าออนไลน์คอนเฟิร์มรายได้ 500-1,500 บาท/วัน (รับจำนวนจำกัด) สนใจคลิกแอด LINE ส่วนตัวเพื่อรับงานฟรีทันที: https://lin.ee/example"
spam,"🎉ยินดีด้วยค่ะคุณคือผู้โชคดี! ได้รับสิทธิ์รับเงินรางวัลพิเศษ 3,500 บาทจากกิจกรรมฉลองครบรอบ เพียงแค่คุณมีเบอร์ลงท้ายด้วยเลข 4 ตัวนี้ รีบทักแอดมินส่วนตัวเพื่อยืนยันรับสิทธิ์ด่วน จำกัดแค่ 10 ท่านแรกเท่านั้น! แอด LINE มาที่: @xxxx (คลิกเพื่อรับเงินฟรี)"
spam,🎉 ยินดีด้วยค่ะคุณได้รับสิทธิ์พิเศษ! แจกทุนฟรี 500 บาท และลุ้นรับทองคำทุกสัปดาห์ เพียงแค่กดรับออเดอร์งานออนไลน์ง่ายๆ ทำที่บ้านได้ ได้เงินจริง สนใจคลิกแอด Line ส่วนตัวเพื่อรับเครดิตฟรีกับแอดมินได้เลยค่ะ 👉 Line ID: @vip123free
spam,"🔥ประกาศด่วน! ยินดีด้วยค่ะคุณคือผู้โชคดีได้รับเงินสด 50,000 บาท หรือเลือกรับiPhone 15 ฟรี! 
สิทธิ์พิเศษนี้สำหรับสมาชิกในกลุ่ม Line นี้เท่านั้น ไม่ต้องลุ้น! 
📌รีบด่วน จำนวนจำกัด แค่กดเพิ่มเพื่อนรับสิทธิ์ได้เลยที่ LINE ID: @lucky999 (แอดมินใจดีทักมาได้ตลอด 24 ชม.ค่ะ)"
spam,🎉ประกาศด่วน! ยินดีด้วยค่ะคุณได้รับสิทธิ์เข้าร่วมกลุ่มลับ VIP ปั้นพอร์ตลงทุน รับประกันกำไร 30-50% ต่อวัน รับจำนวนจำกัดเพียง 5 ท่านสุดท้ายเท่านั้น! สนใจกดเพิ่มเพื่อนรับเครดิตฟรีกับแอดมินโดยตรงที่ Line ID: @vip888th (คลิกเลย: https://lin.ee/example)
spam,"🔥ด่วน! แจกโบนัสฟรี 500 บาท สำหรับสมาชิกใหม่เท่านั้น! 
กดรับสิทธิ์ง่ายๆ แค่พิมพ์คำว่า ""รับเงิน"" ส่งมาที่แชทส่วนตัวของแอดมินตอนนี้เลย! 
รับจำนวนจำกัด แค่ 100 คนแรกเท่านั้น (งานกดรับอ*ร์เดอร์ออนไลน์ ถอนเงินได้จริง ไม่จำกัดรอบ) 
แอดไลน์ส่วนตัวเพื่อรับลิงก์ทางเข้าได้เลยค่ะ 👇✨"
spam,"🔥ด่วน! สิทธิ์สุดท้ายสำหรับสมาชิกกลุ่มนี้เท่านั้น! 🎉 แจกทุนฟรี 800 บาท ถอนได้จริง ไม่ต้องฝากก่อน 
👉 เพียงแอด Line ส่วนตัวของแอดมิน แล้วแจ้งโค้ดรับเงิน: ""VIP888"" 
⏳ รีบด่วน! สิทธิ์หมดเขตวันนี้เวลา 18.00 น. เท่านั้น คลิกเลย 👉 [Line:@admin-free88]"
spam,"🚨 ด่วน! รับสมัครคนช่วยกดออเดอร์สินค้าออนไลน์ คอนเฟิร์มยอดรับเงิน immediatly วันละ 500-1,500 บาท ทำผ่านมือถือได้ ไม่จำกัดอายุ สนใจแอด Line ส่วนตัวมาเลยค่ะ ID: @job888 (รับจำนวนจำกัดนะคะ)"
spam,"🚨ด่วน! แจกจริงไม่ต้องลุ้น! กิจกรรมพิเศษฉลองครบรอบรับเงินฟรี 500 บาทเข้าบัญชีทันที! 

รับจำนวนจำกัดแค่ 20 คนแรกเท่านั้น‼️ 
👉 สนใจพิมพ์ ""G"" หรือกดลิงก์เพิ่มเพื่อนกับแอดมินเพื่อรับสิทธิ์ได้เลยค่ะ 
👇👇👇
[คลิกแอด LINE ส่วนตัวที่นี่]"
spam,"📢 สวัสดีค่ะทุกคน แอดมินขออนุญาตประชาสัมพันธ์งานเสริมนะคะ 💸 
👉 งานกดรับออเดอร์สินค้าออนไลน์ง่ายๆ ทำผ่านมือถือ 📱
✨ ได้เงินจริง วันละ 500-1,500 บาท ถอนได้ไม่อั้น ไม่ต้องมีประสบการณ์ 
สนใจพิมพ์ ""สนใจ"" หรือคลิกเพิ่มเพื่อนเพื่อรับสิทธิพิเศษกับแอดมินส่วนตัวได้เลยค่ะ 👇
Line ID: @admin_job99 (มี@ด้วยนะคะ)"
spam,"📢 แจ้งด่วน! กิจกรรมพิเศษฉลองครบรอบกลุ่ม แจกเงินทุนฟรี 500 บาท! 💸
เพียงแค่คุณมีมือถือเครื่องเดียว ก็สามารถทำเงินเข้าบัญชีได้จริง วันละ 500-1,000 บาท 
🔥 งานง่ายๆ แค่กดไลก์ กดรับออเดอร์สินค้า ไม่ต้องมีประสบการณ์ก็ทำได้ ถอนเงินได้จริง 100%

⚠️ รับจำนวนจำกัดแค่วันนี้เท่านั้น! 
สนใจรับเครดิตฟรี แอดไลน์ส่วนตัวของแอดมินมาได้เลยค่ะ 
👉 Line ID: @admin_lucky99 (มี @ ด้วยนะคะ)"
spam,"🔥ด่วน! รับสมัครคนช่วยกดรับออเดอร์สินค้าออนไลน์ คอนเฟิร์มสินค้าสร้างรายได้ 500-1,500 บาท/วัน ถอนเงินได้จริง ไม่จำกัดเพศและวัย สนใจงานพิมพ์ ""สนใจ"" หรือแอด LINE ส่วนตัวมารับลิงก์เริ่มงานได้เลยค่ะ @line999 (รับจำนวนจำกัด)"
spam,"🎉 ด่วน! กิจกรรมพิเศษฉลองครบรอบ แจกฟรี! โทรศัพท์มือถือกล้อง 5G พร้อมแพ็กเกจเน็ตและโทรฟรีไม่อั้น นาน 12 เดือน จำนวนจำกัดเพียง 5 สิทธิ์เท่านั้น! 

👉 สำหรับสมาชิกในกลุ่มนี้เท่านั้น สนใจรับสิทธิ์พิมพ์ ""สนใจ"" หรือคลิกแอดไลน์ส่วนตัวของแอดมินเพื่อรับของรางวัลได้เลยค่ะ 👇
https://line.me/ti/p/@scam_example"
spam,"🚨ด่วน! แจกจริงไม่มีกั๊ก! สมาชิกกลุ่มเราได้รับสิทธิ์พิเศษ รับฟรี! 🎁 บัตรกำนัลที่พักโรงแรมหรูมูลค่า 4,500 บาท จำนวนจำกัดเพียง 10 ท่านแรกเท่านั้น! 
เงื่อนไขง่ายๆ แค่ทักแอดมินส่วนตัวแล้วแจ้งรหัสรับสิทธิ์ 👉 [15541] 
รีบ add LINE ด้านล่างนี้เพื่อรับรางวัลก่อนหมดเขตนะครับ! 👇
(แอดมินใจดี ทักมาได้เลย ไม่เสียค่าใช้จ่ายใดๆ ทั้งสิ้น)"
spam,"📢 ประกาศด่วน! กิจกรรมพิเศษคืนกำไรให้สังคมและสมาชิกทุกท่าน 🌟
ร่วมทำบุญและลุ้นรับโบนัสเงินสดฟรีเข้าบัญชีทันที เพียงกดแชร์ลิงก์กิจกรรมให้เพื่อนๆ ในกลุ่มครบ 5 คน และส่งคำว่า ""รับโชค"" ไปที่แอดมินส่วนตัวเพื่อรับสิทธิ์ร่วมลงทุนสร้างรายได้วันละ 500-1,000 บาท รับจำนวนจำกัดแค่วันนี้วันเดียวเท่านั้น! แอดไลน์ส่วนตัวเพื่อรับลิงก์ร่วมสนุกได้เลยครับ/ค่ะ 👇"
spam,"📢ประกาศด่วน! กิจกรรมพิเศษฉลองครบรอบ แจกเครดิตช้อปปิ้งฟรี มูลค่า 1,000 บาท ทุกสัปดาห์! 🎁✨ 
เพียงแค่กดไลก์ กดรับออเดอร์สินค้าออนไลน์กับเรา แค่ 5 นาที รับเงินเข้าบัญชีทันที ไม่จำกัดจำนวนคน! 
สนใจร่วมสนุกพิมพ์ ""สนใจ"" หรือคลิกแอดไลน์ส่วนตัวของแอดมินเพื่อรับสิทธิ์ได้เลยครับ/ค่ะ 
👇 (Line Official:@xxxx หรือคลิกลิงก์ด้านล่างนี้) 👇
*(รับจำนวนจำกัดเพียง 20 ท่านแรกของวันนี้เท่านั้น)*"
spam,"แจ้งเตือนครั้งที่ 2 คุณคือผู้โชคดีได้รับรางวัลใหญ่ประจำสัปดาห์ เงินสด 10,000 บาท หรือทองคำแท่ง รีบกดลิงก์แอดไลน์เพื่อรับสิทธิ์ด่วน จำนวนจำกัด!"
spam,"🚨ด่วน! กิจกรรมพิเศษฉลองครบรอบ แจกฟรี! โทรศัพท์มือถือรุ่นใหม่ล่าสุด พร้อมกล้องถ่ายรูปและเน็ตฟรีไม่อั้น จำนวนจำกัดแค่ 50 สิทธิ์แรกเท่านั้น! 
👉 สนใจรับสิทธิ์ฟรี คลิกลิงก์ด้านล่างเพื่อแอดไลน์คุยกับแอดมินส่วนตัวได้เลยครับ 👇
https://line.me/ti/p/example"
spam,"🚨ด่วน! กิจกรรมพิเศษแจกเงินฟรี 1,000 บาท สำหรับสมาชิกใหม่เท่านั้น! เพียงคลิกลิงก์เพิ่มเพื่อนรับสิทธิ์ได้เลยจำนวนจำกัด 👉 [แอดไลน์คลิกที่นี่] หรือทักส่วนตัวหาแอดมินเพื่อรับทุนฟรีไปต่อยอดได้ทันที ไม่ต้องฝากก่อน! 💸🔥"
spam,"📢 ประกาศด่วนจากแอดมินกลุ่มค่ะ! สำหรับสมาชิกที่ลงทะเบียนรับสิทธิ์เงินขวัญถุง 3,000 บาทรอบที่แล้ว แต่ระบบขัดข้องเพราะสัญญาณอินเทอร์เน็ตหลุด ทำให้ยังไม่ได้รับเงินโอนเข้าบัญชี ตอนนี้ระบบเปิดให้กู้คืนสิทธิ์รอบสุดท้ายแล้วนะคะ 
👉 สนใจรับยอดตกค้าง แอดไลน์ส่วนตัวหาแอดมินเพื่อยืนยันตัวตนด่วนค่ะ จำนวนจำกัด! 
ID Line: @admin_lucky99 (มี @ ด้วยนะคะ)"
spam,"🚨ด่วน! สำหรับสมาชิกในกลุ่มนี้เท่านั้น ใครอยากมีรายได้เสริมวันละ 500-1,500 บาทจากการกดรับอDMอเดอร์สินค้าออนไลน์บ้างคะ? 📱✨ 
รับจำนวนจำกัด แค่มีมือถือเครื่องเดียวก็ทำได้ ถอนเงินได้จริง ไม่จำกัดรอบ สนใจกดเพิ่มเพื่อนแอดไลน์ส่วนตัวมาที่ ID: @job888 เพื่อรับลิ้งค์เริ่มงานได้เลยค่ะ (Admin ใจดี ทักมาตอนนี้รับโบนัสฟรี 100 บาททันที!) 💸👇"
spam,"🚨 กิจกรรมพิเศษส่งท้ายปี! สำหรับสมาชิกในกลุ่มที่อยู่ในระบบครบ 11 เดือนขึ้นไป รับสิทธิ์อัปเดตมือถือกล้องรุ่นล่าสุดสีใหม่ฟรี! ไม่เสียค่าใช้จ่ายใดๆ ทั้งสิ้น 📱✨ 
จำนวนจำกัดเพียง 50 สิทธิ์แรกเท่านั้น! 
สนใจรับสิทธิ์กดเพิ่มเพื่อนและทักแชทส่วนตัวหาแอดมินเพื่อยืนยันตัวตนได้เลยค่ะ 👇
(Line ID: @admin_lucky99)"
spam,"📢 ด่วน! กิจกรรมพิเศษฉลองครบรอบ แจกเงินทุนฟรี 500 บาท สำหรับสมาชิกใหม่เท่านั้น! 
👉 เพียงแค่กดรับออเดอร์สินค้าออนไลน์ง่ายๆ วันละ 10-15 นาที รับรายได้วันละ 300-1,000 บาท ถอนได้จริง ไม่จำกัดจำนวนครั้ง!
,
🔒 การันตีรายได้โดยแอดมินกลุ่ม รับจำนวนจำกัดเพียง 20 ท่านแรกเท่านั้น!
,
👇 สนใจคลิกแอด LINE ส่วนตัวของแอดมินเพื่อรับเครดิตฟรีได้เลย (ไม่ต้องฝากก่อน):
Line ID: @admin_lucky99 (ใส่ @ ด้วยนะครับ)"
spam,"แจ้งด่วน! บัญชีผู้ใช้ของคุณมีสิทธิ์รับเงินเยียวยาประจำปี 2003 จำนวน 078,000 บาท รีบกดเพิ่มเพื่อนเพื่อรับสิทธิ์ก่อนเต็มจำนวน คลิกลิงก์ไลน์แอดมินด้านล่างนี้ได้เลยค่ะ 🆔 @admin_vip99"
spam,"🎉 ยินดีด้วยค่ะคุณคือผู้โชคดี ได้รับสิทธิ์แพ็กเกจท่องเที่ยวพูลวิลล่าภูเก็ตสุดหรู พร้อมเงินสด 5,000 บาทฟรี! 🎁 
เนื่องในโอกาสฉลองครบรอบ 5 ปี กลุ่มของเรา 

✨ สำหรับสมาชิกในกลุ่มนี้เท่านั้น! ไม่ต้องแชร์ ไม่ต้องลุ้น แค่กดรับสิทธิ์ง่ายๆ 
📲 สนใจรับรางวัลคลิกแอด Line ส่วนตัวของแอดมินเพื่อยืนยันตัวตนได้เลยค่ะ (จำกัดเพียง 10 สิทธิ์แรกเท่านั้น!) 
👇 แอดไลน์ด่วน: @admin_lucky99"
spam,"🔥แจกฟรีทุนทำกิจกรรม! 50 คนแรกรับทันที 300 บาท เพียงแค่กดเพิ่มเพื่อนแล้วส่งคำว่า ""รับเงิน"" มาที่ Line OA ของเรา รีบด่วนก่อนสิทธิ์เต็ม คลิกแอดไลน์ 👉 [ลิงก์ปลอม]"
spam,🔥 เปิดรับสมัครด่วน! หน้าม้ากดรับออเดอร์สินค้าออนไลน์โปรโมทแบรนด์ดัง รับค่าคอมมิชชั่นทันที 300-800 บาท/ออเดอร์ ทำง่ายๆ แค่ใช้มือถือ ไม่จำกัดเพศและวัย สนใจคลิกแอดไลน์ด่วน รับจำนวนจำกัด: lin.ee/scot3350
spam,"🎉ยินดีด้วยค่ะคุณได้รับสิทธิ์รับโทรศัพท์มือถือ 5G และเงินทุน 5,000 บาทฟรี! จากกิจกรรมสุ่มแจกของกลุ่มเรา รีบกดแอดไลน์ส่วนตัวของแอดมินเพื่อรับของรางวัลและเริ่มทำงานกดรับออเดอร์สร้างรายได้วันละ 500-1,000 บาทได้เลยค่ะ จำนวนจำกัด แอดไลน์ด่วน: @admin_vip99"
spam,"🔥เปิดรับสมัครด่วน! หน้าม้ากดรับออเดอร์สินค้าออนไลน์ และกดไลค์Tiktok คอนเฟิร์มยอดรับเงินสดทันที 500-1,500 บาทต่อวัน! 
(รับจำนวนจำกัดเพียง 10 คนเท่านั้น ไม่จำกัดอายุ)
✨รายได้ดี ถอนได้จริง ทำผ่านมือถือ 100% 
👉สนใจงานคลิกแอด Line ส่วนตัวของแอดมินเพื่อรับลิงก์สมัครงานฟรีได้เลยค่ะ: [ใส่ลิงก์ไลน์]"
spam,"🎉 แจกฟรี! โทรศัพท์มือถือ iPhone 15 Pro Max จำนวน 5 เครื่อง กิจกรรมฉลองครบรอบกลุ่ม รับสิทธิ์ง่ายๆ แค่พิมพ์ ""สนใจ"" แล้วกดเพิ่มเพื่อนกับแอดมินเพื่อรับสิทธิ์ได้เลยครับ คลิกด่วน สิทธิ์มีจำนวนจำกัด! 📱✨"
spam,"📢 ด่วน! แจกฟรีทุนทำ2ธุรกิจออนไลน์ 5,000 บาท สำหรับสมาชิกใหม่ในกลุ่มนี้เท่านั้น! 
กดรับสิทธิ์ง่ายๆ ไม่ต้องมีประสบการณ์ แค่กดคลิกสั่งซื้อสินค้าและกดรับออเดอร์ในระบบ ก็ถอนเงินสดได้ทันที 
สนใจรับทุนฟรีพิมพ์ ""สนใจ"" หรือกดแอดไลน์ส่วนตัวหาแอดมินเพื่อรับลิงก์ลงทะเบียนด่วน สิทธิ์มีจำนวนจำกัด! 💸👇"
spam,🎃กิจกรรมพิเศษต้อนรับฮาโลวีน! แจกทุนฟรี 500 บาท สำหรับสมาชิกใหม่ แค่กดไลก์กดแชร์ในกลุ่ม แล้วจิ้มลิงก์แอดไลน์ส่วนตัวรับเครดิตฟรีทันที จำนวนจำกัดรีบเลย! 💸👇
spam,"📢ประชาสัมพันธ์ด่วน! สำหรับสมาชิกทุกท่านในกลุ่มนี้ ทางเราเปิดโอกาสให้สมาชิกหารายได้เสริมง่ายๆ ทำที่บ้านได้ เพียงแค่กดรับออเดอร์สินค้าออนไลน์ ใช้เวลาแค่ 10-15 นาที/วัน รับเงินสดทันที 500-1,500 บาท ไม่ต้องมีประสบการณ์ ไม่ต้องอบรม สนใจสร้างรายได้แอดไลน์ส่วนตัวมาได้เลยครับ/ค่ะ รับจำนวนจำกัดวันละ 10 คนเท่านั้น! 
👉คลิกแอดไลน์แอดมินเพื่อรับงานได้เลย: @line_admin99"
spam,"🚨ด่วน! สมาชิกทุกท่านในกลุ่มนี้โชคดีได้รับสิทธิ์พิเศษ ฟรี! แพ็กเกจท่องเที่ยวพัทยา 3 วัน 2 คืน พร้อมเงินสด 5,000 บาท (จำนวนจำกัด 5 สิทธิ์เท่านั้น) เพียงเพิ่มเพื่อนและทัก 
Line ส่วนตัวของแอดมินเพื่อยืนยันตัวตน คลิกเลย: https://lin.ee/example 
(สงวนสิทธิ์สำหรับผู้ที่พิมพ์ ""สนใจ"" คนแรกๆ เท่านั้น)"
spam,"🎉ยินดีด้วยค่ะคุณได้รับสิทธิ์พิเศษ! สมาชิกในกลุ่ม LINE นี้ทุกท่านมีสิทธิ์รับเงินขวัญถุง 5,000 บาทฟรี! เพียงกดเพิ่มเพื่อนกับแอดมินใจดีของเรา แล้วทักมารับยอดได้เลยค่ะ แจกจริง ถอนได้จริง ไม่เสียค่าใช้จ่ายใดๆ ทั้งสิ้น รีบด่วนจำนวนจำกัดนะคะ คลิกแอดไลน์ส่วนตัวตรงนี้เลย 👉 [ใส่ลิงก์ไลน์สแกมเมอร์]"
spam,"สวัสดีค่ะทุกคน 🙏 พอดีตอนนี้แอดมินกำลังเปิดรับสมัครทีมงานช่วยกดอรับออเดอร์สินค้าออนไลน์ รายได้วันละ 500-1,500 บาท ถอนเงินได้จริง ไม่จำกัดอายุ สนใจพิมพ์ ""สนใจ"" หรือคลิกเพิ่มเพื่อน Line ส่วนตัวเพื่อรับลิงก์งานได้เลยค่ะ 👇
https://lin.ee/example"
spam,"🔥ประกาศด่วน! สมาชิกกลุ่มทุกท่าน เนื่องจากระบบกำลังจะปิดปรับปรุงประจำปี บัญชี LINE ของท่านมี ""คะแนนสะสมฟรี 800 คะแนน"" ที่ยังไม่ได้กดรับ และจะหมดเขตภายในวันนี้! รีบกดรับสิทธิ์ก่อนสิทธิ์เต็ม 👉 แอดไลน์ส่วนตัวของแอดมินเพื่อรับลิงก์รับเงินสดและของรางวัลฟรีทันทีที่นี่: [ @admin_vip99 ] (ด่วน! สิทธิ์มีจำนวนจำกัด)"
spam,"🎉 ยินดีด้วยค่ะคุณได้รับสิทธิ์พิเศษ! ผู้ใช้เบอร์มือถือทุกท่านมีสิทธิ์ลุ้นรับเงินสด 3,500 บาท ฟรี! 
เนื่องในโอกาสครบรอบกิจกรรมพิเศษ รีบกดรับสิทธิ์ด่วน จำนวนจำกัด! 
👉 สนใจรับเงินรางวัล แอด LINE ส่วนตัวของแอดมินเพื่อยืนยันตัวตนได้ที่นี่เลยค่ะ: [ใส่ลิงก์ LINE] หรือทักแชทส่วนตัวด่วนนะคะ"
spam,"🚨ด่วน! แจกทุนฟรี 500 บาท สำหรับสมาชิกใหม่ในกลุ่มนี้เท่านั้น! 
👉 เพียงกดเพิ่มเพื่อนกับแอดมินสาวสวย แล้วทักมาว่า ""รับสิทธิ์"" 
📲 หรือคลิกเลย: https://lin.ee/fake-url 
⚠️ สิทธิ์มีจำนวนจำกัด รีบก่อนเต็มนะจ๊ะ!"
spam,"🚨ด่วนที่สุด! สำหรับสมาชิกกลุ่มนี้เท่านั้น! 🎉 แจกจริง เงินสด 50,000 บาท หรือแพ็กเกจท่องเที่ยวสุดหรู 4 วัน 3 คืน ✈️ เพียงแค่คุณมีเวลาว่างวันละ 10-15 นาที กดรับออเดอร์สินค้าออนไลน์ง่ายๆ ผ่านมือถือ รับรายได้ทันที 500-1,000 บาทต่อวัน ถอนได้จริง ไม่จำกัดรอบ 💸 

👉 ด่วน! สิทธิ์มีจำนวนจำกัด สนใจคลิกแอด Line ส่วนตัวของแอดมินเพื่อรับเครดิตฟรีและเริ่มงานได้ทันทีที่ลิงก์นี้เลยครับ 
Line ID: @admin-vip99 (มี @ ด้วยนะ)
(เงื่อนไขเป็นไปตามที่บริษัทกำหนด / สำหรับผู้มีอายุ 18 ปีขึ้นไปเท่านั้น)"
spam,"🚨 ด่วนที่สุด! สิทธิ์รับเงิน 5,000 บาทสุดท้ายของคุณกำลังจะหมดอายุ หากไม่กดรับภายใน 5 นาทีนี้ สิทธิ์จะถูกโอนให้ User อื่นทันที! 

👉 สนใจคลิกimดูรายละเอียดและแอด Line ส่วนตัวเพื่อรับยอดเงินฟรีกับแอดมินสาวสวยได้เลยค่ะ (Line ID: @admin_lucky99) 
⚠️ *จำกัด 30 ท่านแรกของวันนี้เท่านั้น รีบด่วน!*"
spam,"🚨ด่วน! สมาชิกในกลุ่ม LINE ทุกท่าน คุณคือผู้โชคดีได้รับสิทธิ์รับเงินสนับสนุน 2,000 บาท ฟรี! 
🎁 การันตีได้รับจริงทุกคน ไม่ต้องลุ้น! 
📌 กติกาง่ายๆ เพียงกดแอดไลน์ส่วนตัวของแอดมิน แล้วพิมพ์ว่า ""รับเงิน"" เพื่อยืนยันตัวตน 
⏳ สิทธิ์นี้มีเวลาจำกัดภายใน 12 ชั่วโมงนี้เท่านั้น (โควตาหมดแล้วหมดเลย)
👉 สนใจคลิกเพิ่มเพื่อนด่วน: [ใส่ลิงก์ LINE] หรือทักแชทส่วนตัวหาแอดมินได้เลยค่ะ"
spam,"🚨 ด่วน! คุณคือผู้โชคดีได้รับสิทธิ์เข้าร่วมกลุ่มVIPปั้นพอร์ตฟรี 1 สัปดาห์! ลุ้นรับเงินรางวัลแจ็คพอต 100,000 บาท 💸 
เพียงแค่กดเพิ่มเพื่อนกับแอดมินและพิมพ์คำว่า ""รับสิทธิ์"" ส่งเข้ามาทางไลน์ส่วนตัวเพื่อรับโบนัสทันที! 
👉 แอด LINE ส่วนตัวที่นี่: @vip-bonus99 (จำนวนจำกัด รีบด่วนก่อนเต็ม!)"
spam,"ด่วน! สำหรับสมาชิกในกลุ่มนี้เท่านั้น แจกเงินสด 5,000 บาท และสิทธิ์ล่องเรือยอร์ชสุดหรูฟรี! กติการ่วมสนุกง่ายๆ แค่กดเพิ่มเพื่อนกับแอดมินแล้วทักส่วนตัวเพื่อรับสิทธิ์ด่วน จำนวนจำกัดเพียง 10 ท่านแรกเท่านั้น แอด LINE ID: @admin999 (คลิกเลย)"
spam,"🎄เทศกาลคริสต์มาสนี้ แจกเงินขวัญถุงฟรี! 🎁 สมาชิกในกลุ่ม LINE รับสิทธิ์ลุ้นรับบัตรกำนัลเงินสด 500 บาท และลุ้นเงินรางวัลประจำสัปดาห์ 10,000 บาท ฟรี! 💸
👉 เพียงคลิกแอดไลน์ส่วนตัวของแอดมิน เพื่อรับสิทธิ์และยืนยันตัวตนด่วน! จำนวนจำกัด 50 ท่านแรกเท่านั้น: [ลิงก์ปลอม]"
spam,"🔥ด่วน! กิจกรรมพิเศษแจกเครดิตฟรี 500 บาท สำหรับสมาชิกกลุ่มนี้เท่านั้น! 
📱เพียงแค่กดเพิ่มเพื่อนกับแอดมินสาวสวย แล้วส่งคำว่า ""รับเงินฟรี"" ก็รับทุนไปปั่นสล็อต/กดรับออเดอร์สร้างรายได้วันละ 1,000-3,000 บาทได้ทันที ถอนได้จริงไม่มีอั้น! 
👇รีบเลย สิทธิ์มีจำนวนจำกัด คลิกแอดไลน์ส่วนตัวด้านล่างนี้ได้เลยค่ะ
[Line ID: @admin_lucky99]"
spam,"📢ประกาศด่วนจากทางแอดมินค่ะ! สำหรับลูกบ้านหรือสมาชิกในกลุ่มท่านใดที่กำลังมองหารายได้เสริม วันนี้เรามีกิจกรรมพิเศษแจกทุนฟรี 500 บาท แค่กดรับออเดอร์สินค้าออนไลน์ง่ายๆ ทำที่บ้านได้ ใช้เวลาแค่ 10 นาที ถอนเงินได้จริง ไม่จำกัดจำนวนครั้ง สนใจอยากมีรายได้วันละ 500-1,000 บาท แอดไลน์ส่วนตัวมารับสิทธิ์ด่วนนะคะ สิทธิ์มีจำนวนจำกัดจ้า 👉 ID Line: @vip-job88 (หรือคลิกลิงก์ที่ปักหมุดไว้ได้เลยค่ะ)"
spam,"🔥ด่วน! รับสมัครคนช่วยแพັກสินค้า/กดรับออเดอร์คอนเฟิร์มสินค้าออนไลน์ รายได้ 500-1,500 บาท/วัน (ทำที่บ้านได้) 
- ไม่ต้องมีประสบการณ์ 
- ถอนเงินได้จริงทุกวัน 
สนใจงานพิมพ์ ""สนใจ"" หรือแอดไลน์ส่วนตัวเพื่อรับลิงก์สมัครงานกับแอดมินโดยตรงได้ที่ Line ID: @job999 (รับจำนวนจำกัด)"
spam,"🚨 แจ้งด่วน! สมาชิกทุกท่านในกลุ่มนี้ได้รับสิทธิ์พิเศษ! 🎁
🎉 คุณได้รับรางวัลใหญ่ ""กล้องดิจิทัลความละเอียดสูงรุ่นล่าสุด มูลค่า 15,000 บาท"" ฟรี! (จำนวนจำกัด)
👉 สำหรับผู้ที่ยืนยันสิทธิ์ทันที รับเพิ่มเงินทุนทำภารกิจกดรับอ/อเดอร์ออนไลน์ สร้างรายได้วันละ 500-1,500 บาทถอนได้จริง!
📲 รีบadd LINE ส่วนตัวของแอดมินเพื่อรับของรางวัลและเริ่มงานได้เลยที่ไอดี: @admin888 (หรือคลิกลิงก์ด้านล่าง)
⏳ สิทธิ์นี้หมดเขตภายใน 24 ชม. นี้เท่านั้น!"
spam,"🎉 แจกฟรี! โบนัสต้อนรับปีใหม่ 4,000 บาท! 🎁 
ระบบสุ่มเลือกคุณเป็นผู้โชคดีจากสมาชิกกลุ่ม LINE นี้ รับเงินเข้าบัญชีทันทีไม่ต้องลุ้น! 
✨ เงื่อนไขง่ายๆ เพียงแค่กดเพิ่มเพื่อนกับแอดมินสาวสวย แล้วแจ้งรับสิทธิ์ได้เลย! 
👉 สนใจรับเงินคลิกแอดไลน์ส่วนตัวตรงนี้ (จำนวนจำกัด): @admin999 (ระวังของปลอม)"
spam,"🚨 ด่วนที่สุด! สิทธิ์สุดท้ายสำหรับสมาชิกในกลุ่มนี้เท่านั้น คุณมีเงินตกค้างและโบนัสรอดำเนินการจากฝ่ายบริการลูกค้า ยอดจะหมดอายุภายในวันนี้ รีบกดลิงก์แอด Line ส่วนตัวของแอดมินเพื่อรับเงินฟรี 5,000 บาทตอนนี้เลย! 💸👇"
spam,🚨ด่วน! กิจกรรมพิเศษฉลองครบรอบ แจกทุนฟรี 500 บาท สำหรับสมาชิกใหม่ที่add line นี้เท่านั้น 👉 @admin99 (มี@ด้วยนะคะ) งานง่ายๆ แค่กดไลค์กดแชร์ รับเงินเข้าบัญชีทันที ไม่จำกัดจำนวนคน สนใจรีบทักด่วน สิทธิ์มีจำนวนจำกัด!
spam,🚨ด่วน! กิจกรรมพิเศษแจกทุนฟรี 151 บาท เพียงกดเพิ่มเพื่อนรับสิทธิ์ทันที จำนวนจำกัด! สนใจคลิกแอดไลน์แอดมินเพื่อรับเงิน: https://lin.ee/example
spam,"🎉ประกาศผลผู้โชคดีประจำสัปดาห์! คุณได้รับสิทธิ์รับเงินสด 5,000 บาท หรือ iPhone 15 Pro ฟรี! ง่ายๆ แค่กดเพิ่มเพื่อนและส่งคำว่า ""รับโชค"" ที่ LINE OA นี้: @lucky999 (มี @ ด้วยนะ) รีบด่วน สิทธิ์มีจำนวนจำกัด! 💸🔥"
spam,"⚠️ แจ้งด่วน! สมาชิกท่านใดในกลุ่มที่ยังไม่ได้ลงทะเบียนรับสิทธิ์เงินอุดหนุนโครงการรัฐ 3,000 บาท แอดไลน์ส่วนตัวของแอดมินเพื่อรับลิงก์รับเงินฟรีได้เลยครับ (สิทธิ์มีจำนวนจำกัด วันนี้วันสุดท้าย) 🆔 @admin888"
spam,"🎁 ประกาศด่วน! แจกทุนกิจกรรมปีใหม่ 500 บาทฟรี! 
สำหรับสมาชิกในกลุ่มนี้เท่านั้น ไม่ต้องฝากก่อน แค่กดรับสิทธิ์เองง่ายๆ 
รับจำนวนจำกัดเพียง 30 ท่านแรก รีบด่วน! 
👇 สนใจรับเครดิตฟรี แอดไลน์ส่วนตัวแอดมินมาได้เลยค่ะ
Line ID: @admin-lucky99 (มี @ ด้วยนะคะ)"
spam,"🔥ด่วน! แจกจริงไม่ต้องลุ้น รับทันที 32,000 บาท! 💸 สำหรับสมาชิกในกลุ่ม LINE นี้เท่านั้น เพียงกดลิงก์แอด Line OA ของแอดมิน แล้วพิมพ์คำว่า ""รับเงิน"" เพื่อรับสิทธิ์ยอดเงินเข้าบัญชีได้เลยทันที (จำกัด 50 สิทธิ์แรกเท่านั้น สนใจคลิกแอดไลน์ส่วนตัวด้านล่างได้เลยครับ/ค่ะ) 👇"
spam,"🚨 ด่วน! กิจกรรมพิเศษฉลองครบรอบ 5 ปี แจกทุนฟรี 1,000 บาท ทุกคน! 
งานง่ายๆ แค่กดไลก์ กดรับออเดอร์ในมือถือ ได้เงินจริง ถอนได้ทันที ไม่ต้องมีประสบการณ์ (รับจำนวนจำกัดเพียง 30 ท่านแรกเท่านั้น)
สนใจคลิกแอด LINE ส่วนตัวของแอดมินเพื่อรับสิทธิ์ได้เลยครับ/ค่ะ 👇
ID Line: @123freemoney (ใส่ @ ด้วยนะคะ)"
spam,"🎉ด่วน! กิจกรรมพิเศษฉลองครบรอบ แจกเงินทุนฟรี 500 บาท สำหรับสมาชิกใหม่เท่านั้น! 
👉 เพียงแค่กดรับออเดอร์สินค้าออนไลน์ง่ายๆ ใช้เวลาแค่ 5 นาทีต่อวัน รับรายได้วันละ 300-1,500 บาท ถอนได้จริง ไม่จำกัดจำนวนครั้ง!
,
สนใจร่วมสนุกรับเครดิตฟรี หรือต้องการสอบถามรายละเอียดเพิ่มเติม แอด LINE ส่วนตัวของแอดมินมาได้เลยค่ะ 
👉 ID LINE: @admin-lucky888 (มี @ ด้วยนะคะ)"
spam,"🎉 แจ้งประกาศด่วน! สมาชิกในกลุ่มที่ใช้งานเบอร์มือถือครบ 1 ปีขึ้นไปทุกท่าน มีสิทธิ์รับสิทธิ์ลุ้นรับ iPhone 15 Pro Max สีใหม่ล่าสุดฟรี! 🎁 
เนื่องในโอกาสฉลองครบรอบกลุ่มของเรา จำกัดสิทธิ์แค่ 5 ท่านแรกเท่านั้น! 
รีบกดเพิ่มเพื่อนและทักหาแอดมินส่วนตัวเพื่อ1ยืนยันรับสิทธิ์ก่อนหมดเขตวันนี้ 
👉 แอด LINE ส่วนตัวของแอดมินที่นี่: @admin_lucky99"
spam,"🎉ประกาศด่วน! กิจกรรมพิเศษฉลองครบรอบ 5 ปี กลุ่มเราแจกเงินทุนฟรี 500 บาท สำหรับสมาชิกในกลุ่ม LINE นี้เท่านั้น! 
👉 เงื่อนไขง่ายๆ เพียงแค่กดเพิ่มเพื่อนกับแอดมินสาวสวย แล้วพิมพ์คำว่า ""รับเงินฟรี"" ก็รับเครดิตไปปั่นสล็อตหรือถอนเป็นเงินสดได้ทันที ไม่มีเงื่อนไข! 
⚠️ สิทธิ์มีจำนวนจำกัดแค่ 50 ท่านแรกเท่านั้น รีบเลยก่อนเต็ม! 
👇 คลิกลิงก์ด้านล่างเพื่อแอดไลน์ส่วนตัวของแอดมินได้เลยค่ะ
https://lin.ee/example"
spam,"🔥เปิดรับสมัครด่วน! งานแพ็คสินค้า/กดรับออเดอร์ออนไลน์ สร้างรายได้เสริมวันละ 500-1,500 บาท ถอนเงินได้จริง ไม่จำกัดอายุ สนใจงานคลิกแอดไลน์ส่วนตัวเพื่อรับลิงก์ลงทะเบียนรับโบนัสฟรี 100 บาททันที 👉 Line: @820554ad"
spam,"🔥 แจกเงินฟรี 500 บาท! 💸 สำหรับสมาชิกใหม่ที่เข้าร่วมกลุ่ม LINE ของเราวันนี้เท่านั้น! 
แค่วันนี้วันเดียว! ไม่ต้องลงทุน ไม่ต้องแอดไลน์ส่วนตัวให้ยุ่งยาก แค่กดคลิกลิงก์ด้านล่างเพื่อรับสิทธิ์ด่วน! 
👇👇👇
https://lin.ee/example
จำนวนจำกัด รีบเลยก่อนสิทธิ์เต็ม! 🏃‍♂️💨"
spam,"🚨ด่วน! แจ้งรายชื่อผู้โชคดีประจำสัปดาห์นี้ คุณได้รับสิทธิ์รับเงินสด 5,000 บาท หรือแพ็กเกจท่องเที่ยวต่างประเทศฟรี! 

สิทธิ์เต็มจำนวนจำกัด รีบกดเพิ่มเพื่อนรับสิทธิ์กับแอดมินโดยตรงที่ LINE ID: @vip888th (มีตัว @ ด้วยนะ) หรือกดลิงก์นี้เพื่อรับเงินเข้าบัญชีทันที: https://lin.ee/example 
(เงื่อนไขเป็นไปตามที่บริษัทกำหนด)"
spam,"🚨 ด่วน! ประกาศผลผู้โชคดีรอบพิเศษประจำสัปดาห์ คุณได้รับสิทธิ์รับเงินรางวัล 10,000 บาทฟรี! 💰🎉 
เนื่องจากติดต่อเบอร์ส่วนตัวไม่ได้ รีบกดเพิ่มเพื่อนแล้วทักหาแอดมินด่วนก่อนสิทธิ์เต็ม (รับจำนวนจำกัดแค่ 5 คนแรกเท่านั้น!) 
👇คลิกเพิ่มเพื่อนรับเงินรางวัลที่ลิงก์นี้เลย
https://lin.ee/example"
spam,"🔥ด่วน! เปิดรับสมัครแอดมินพาสไทม์ กดยอดไลก์ กดรับออเดอร์สินค้าออนไลน์ สร้างรายได้วันละ 500-1,500 บาท ถอนเงินได้จริง ไม่จำกัดเพศและวัย สนใจงานกดคลิก add line ส่วนตัวเพื่อรับลิงก์ทำงานได้เลยค่ะ LINE ID: @job999 (รับจำนวนจำกัด)"
spam,"🚨ด่วน! กิจกรรมพิเศษฉลองครบรอบ แจกเครดิตฟรี 500 บาท! 
สำหรับสมาชิกในกลุ่ม LINE นี้เท่านั้น ไม่ต้องฝากก่อน แค่กดไลก์กดแชร์และกดรับออเดอร์สินค้าออนไลน์กับเรา รับเงินสดเข้าบัญชีทันทีวันละ 500-1,500 บาท 
รับจำนวนจำกัดแค่ 20 ท่านแรกเท่านั้น! 
👉 สนใจคลิกแอดไลน์ส่วนตัวของแอดมินเพื่อรับสิทธิ์ได้เลยครับ: [Line ID: @admin-lucky888]"
spam,"🚨ด่วน! แจ้งสิทธิพิเศษสำหรับสมาชิกกลุ่ม LINE นี้เท่านั้น! 
กดรับเครดิตเงินฟรี 500 บาท เพื่อใช้ร่วมกิจกรรมลงทุนสร้างรายได้เสริมออนไลน์ เพียงคลิกลิงก์ยืนยันตัวตน: www.comuk.net 
(จำกัด 50 สิทธิ์แรกเท่านั้น สนใจติดต่อแอดมินส่วนตัวเพื่อรับยอดทันทีค่ะ)"
spam,🚨 ด่วน! สิทธิพิเศษสำหรับสมาชิกกลุ่มเราเท่านั้น! 🎉 แจกทุนฟรี 500 บาท สำหรับท่านที่ยังไม่ได้กดรับสิทธิ์ 🎁 เพียงแอดไลน์ส่วนตัวของแอดมิน แล้วแจ้งรหัสรับสิทธิ์ 👉 [40411] สิทธิ์มีจำนวนจำกัด หมดเขตวันนี้เท่านั้น! รีบทักด่วนก่อนเต็มครับ 📲 LINE ID: @admin_bonus
spam,"🎉ยินดีด้วยค่ะคุณได้รับสิทธิ์รับกล้องดิจิตอลและมือถือฟรี! มูลค่า 15,000 บาท (เนื่องในโอกาสฉลองครบรอบกลุ่ม) รีบด่วน! มีจำนวนจำกัดแค่ 5 สิทธิ์เท่านั้น เพียงกดเพิ่มเพื่อนและทักแชทส่วนตัวหาแอดมินเพื่อยืนยันตัวตนได้เลยค่ะ LINE ID: @admin_lucky99 (หรือคลิก LINK หน้าโปรไฟล์) จัดส่งฟรีถึงบ้านภายใน 3 วันค่ะ"
spam,"🚨 ด่วนที่สุด! บัญชีของคุณมีคะแนนสะสม (S.I.M.) ตกค้าง 800 คะแนน มูลค่ารวมกว่า 8,000 บาท ใกล้หมดเขตแลกรับสิทธิ์แล้ววันนี้! สนใจรับเงินสดหรือกดรับออเดอร์งานออนไลน์ แอดไลน์ส่วนตัวของแอดมินเพื่อรับลิงก์รับเงินฟรีได้เลยครับ 📲 ID Line: @vip-bonus99 (สิทธิ์มีจำนวนจำกัด)"
spam,"🔥งานด่วน! รับสมัครคนกดรับออเดอร์สินค้าออนไลน์ สร้างรายได้เสริม 500-1,500 บาท/วัน ถอนเงินได้จริง ไม่จำกัดเพศและวัย สนใจแอด Line ส่วนตัวเพื่อรับลิงก์ทำงานได้เลยค่ะ ID: @admin_job99 (จำนวนจำกัด)"
spam,"🚨ด่วน! แจ้งประกาศจากแอดมินกลุ่มค่ะ เปิดรับสมัครงานพาสไทม์ง่ายๆ กดไลก์กดรับออเดอร์สินค้าใน Shopee/Lazada วันละ 500-1,000 บาท ถอนเงินได้จริง ไม่จำกัดอายุ สนใจอยากมีรายได้เสริมทักแอดไลน์ส่วนตัวด่วน รับจำนวนจำกัดเพียง 5 คนสุดท้ายเท่านั้น คลิกลิงก์นี้เลย 👉 [แอดไลน์ไอดี: @vip999]"
spam,"🚨ด่วน! กิจกรรมพิเศษฉลองครบรอบ แจกฟรีมือถือรุ่นใหม่ล่าสุด iPhone 15 Pro Max และทองคำแท้ 1 บาท จำนวน 50 รางวัล! 
ไม่ต้องลุ้น แค่คลิกแอดไลน์เจ้าหน้าที่เพื่อรับสิทธิ์และยืนยันตัวตนได้เลยครับ 
👉 สนใจรับสิทธิ์พิมพ์ ""สนใจ"" หรือคลิกimลิงก์นี้เพื่อเพิ่มเพื่อนกับแอดมินได้เลยครับ: [LINE ID: @admin-lucky] (สิทธิ์มีจำนวนจำกัด!)"
spam,"🎉แจ้งประกาศจากแอดมินกลุ่ม: สำหรับสมาชิกที่อยู่ในกลุ่มนี้ทุกท่าน รับสิทธิ์เงินขวัญถุง 500 บาท และสิทธิพิเศษในการร่วมลงทุนสร้างรายได้วันละ 500-1,500 บาทฟรี! 
👉 กติกาง่ายๆ เพียงแค่พิมพ์คำว่า ""สนใจ"" กลับมาในแชทส่วนตัวของแอดมิน พร้อมแจ้งชื่อ-นามสกุล และเบอร์โทรศัพท์ เพื่อรับลิงก์เข้ากลุ่มรับทรัพย์และเริ่มทำงานได้ทันทีจำนวนจำกัด!"
spam,"🚨 แจ้งด่วน! สมาชิกในกลุ่มท่านใดที่ยังไม่ได้กดรับสิทธิ์เงินขวัญถุง 3,500 บาท รอบสุดท้าย รีบติดต่อแอดมินส่วนตัวด่วนค่ะ 

เนื่องจากมีผู้สิทธิ์เต็มจำนวนแล้ว เหลือโควตาอีกแค่ 3 ท่านสุดท้ายเท่านั้น! 
👉 สนใจรับเงินฟรี แอดไลน์ส่วนตัว หรือคลิกลิงก์นี้ได้เลยค่ะ: [Line ID: @admin_lucky99] (กิจกรรมนี้สำหรับสมาชิกในกลุ่มนี้เท่านั้น ห้ามพลาดเด็ดขาด!)"
ham,ไปถึงนู่น Jurong Point เลยเหรอ โคตรบ้าอ่ะ บุฟเฟต์นี้มีแค่ที่ Bugis กับ Great World เองเว้ย ที่ Cineleisure ก็มีร้าน Amore นะ
ham,เอาน่า... แกล้งเล่นเฉยๆ เอง
ham,ยังไม่ต้องรีบพูดตอนนี้หรอก... เดี๋ยวรอดูให้เห็นก่อนค่อยว่ากัน
ham,เปล่าหรอก คิดว่าไม่ได้เรียน USF นะ แต่อยแถวนี้แหละ
ham,ขนาดน้องชายฉันยังไม่อยากคุยด้วยเลย ทำตัวเหมือนฉันเป็นโรคติดต่อแน่ะ
ham,ตามที่ขอไว้ ตอนนี้เพลง 'Melle Melle (Oru Minnaminunginte Nurungu Vettam)' ถูกตั้งเป็นเสียงรอสายให้ทุกคนได้ยินแล้วนะ อยากก๊อปเพลงนี้ไปใช้บ้างกด *9 ได้เลย
ham,อีกแป๊บถึงบ้านแล้ว คืนนี้ไม่อยากคุยเรื่องนี้แล้วนะ โอเคป่ะ วันนี้ร้องไห้มาพอละ
ham,ขอบคุณมากๆ นะคะสำหรับความช่วยเหลือ ช่วงนี้ได้พักหายใจหายใจขึ้นเยอะเลย เราสัญญาว่าจะไม่มองข้ามน้ำใจครั้งนี้แน่นอน แล้วจะทำตามที่รับปากไว้ให้ได้นะคะ คุณดีกับเราเสมอมาและเป็นความโชคดีของเราจริงๆ ค่ะ
ham,วันอาทิตย์นี้ฉันมีนัดเดทกับวิลด้วยล่ะ!!
ham,อ๋อ โอเค...เค้ากำลังดูอยู่นี่ :)
ham,เอ้ย แกจำวิธีสะกดชื่อเขาได้ป่ะ... เออ จำได้ ดิสโคตรดื้อ ทำเอาซะเราซะแฉะเลย
ham,เอางั้นก็ได้ ถ้าเธอรู้สึกแบบนั้น ก็ตามนั้นเลย
ham,เฮ้ย จริงดิ สะกดชื่อเขาแบบนั้นเหรอเนี่ย
ham,กะว่าจะลองสัก 2 เดือนนะ 555 ล้อเล่นน่า
ham,งั้นเดี๋ยวเค้าจ่ายเงินก่อนนะ... แล้วของจะมาวันไหนอ่ะ...
ham,กินข้าวเสร็จเดี๋ยวรีบลงไปนะ น่าจะประมาณบ่ายสามโมงกว่าๆ แกกินข้าวเสร็จยัง?
ham,โธ่เว้ย เอาจริงดิ ไปเจอเร็วกว่านี้หน่อยไม่ได้เหรอ
ham,ฝืนใจกินไปได้ชิ้นนึงเอง ทั้งที่จริงไม่ได้หิวเลย เซ็งเป็ด มาร์กเริ่มเป็นห่วงละ ปกติถ้าปฏิเสธพิซซ่านี่คือรู้เลยว่าป่วย 555
ham,555 พูดเก่งตลอดเลยอ่ะเธอ
ham,ทันรถป่ะเนี่ย? ทอดไข่อยู่ป่าว? ได้ชงชากินยัง? กินข้าวเย็นที่เหลือจากของแม่ป่ะเนี่ย? รู้สึกถึงความรักของเราบ้างมั้ย?
ham,กลับมาแล้ว กำลังช่วยกันจัดของใส่รถอยู่ เดี๋ยวบอกอีกทีนะว่ามีที่เหลือไหม
ham,อ๋อออ เรื่องงาน... ลางๆ เลือนๆ เหมือนจำไม่ได้แล้วแฮะ ว่ามันเป็นยังไงนะ 555
ham,เดี๋ยวนะ อันนั้นก็ยังไม่ค่อยเคลียร์เท่าไหร่สรุปคือแกไม่แน่ใจว่าฉันประชดอยู่ หรือที่เป็นเพราะเรื่องนี้ x ถึงไม่อยากมาอยู่กับเรากันแน่
ham,เออ นางมาถึงตอนตี 2 แล้วก็ขอโทษขอโพยใหญ่เลย ละคือนางกับแฟนทะเลาะกันไง ละฝ่ายหญิงก็ทำตัวเหมือนเด็กเอาแต่ใจ นางก็เลยโดนลูกหลงไปด้วย ยาวไปจนถึงตี 2 อะ! แต่ช่างเถอะ ไม่พูดถึงละกัน ช่วงนี้ก็เรื่อยๆ นะ ขอบคุณที่ถาม แกเป็นไงบ้าง?
ham,แก เล่าเรื่องตัวเองให้ฟังหน่อยสิ
ham,กลัวจะเป็นลมเพราะงานบ้านที่เพิ่งทำไปเหรอ รีบไปหาอะไรร้อนๆ จิบพักผ่อนด่วนเลย
ham,อืม... โอเค เดี๋ยวฉันกลับถึงบ้านแล้วดูเวลาอีกที แล้วค่อยทักไปบอก Ì_ อีกรอบ... ซูฮุ่ยก็ไปเรียนวันที่ 2 พฤษภาคมเหมือนกัน แต่เรียนตอน 8 โมงเช้า
ham,อุ๊ย ไว้รูมเมทเสร็จแล้วเดี๋ยวบอกนะ
ham,เห็นตัวอักษร B บนรถฉันด้วยล่ะ
ham,ยังไงก็ได้... แล้วแต่เธอเลย
ham,"""ฮัลโหล! เป็นไงบ้างแล้วก็วันเสาร์เป็นไงบ้างอะ? แค่จะทักมาถามดูว่าพรุ่งนี้ตัดสินใจจะไปไหนหรือทำอะไรยังไงรึเปล่า ไม่ได้จะชวนตัวเองไปแจมด้วยนะ!"""
ham,"ลุยต่อเรื่องวัตต์ได้เลยครับ พอดีแค่อยาก,ให้ชัวร์เฉยๆ ขอให้, weekend นี้มีความสุขนะ Abiola"
ham,"Ooh, นี่ลืมบอกป่ะเนี่ย? อยากได้, ต้องการ, โหยหาเธอสุดๆ เลย... แต่ที่สำคัญที่สุดคือ... รักเธอนะ อาหรับม้าศึกสุดที่รักของเค้า... อื้มมมม... น่ากินจัง"
ham,ช่วงนี้แอบไปเดตกับใครอยู่ป่ะเนี่ย
ham,เยี่ยมเลย! หวังว่าจะชอบของใหญ่นะ ของเรา <#> นิ้ว...
ham,เงียบกริบ ไม่มีโทร ไม่ส่งข้อความ ไม่มียิงสายไม่ได้รับเลย
ham,ตอนอยู่ไนจีเรียแกไม่ได้ฉีดวัคซีนตับอักเสบบีเหรอ
ham,เอางั้นก็ได้ มีอะไรเหรอ หรือ งั้นก็ได้ มีอะไรอัปเดตป่ะ
ham,เออ หวังว่านะ ถ้าไทร์ทำไม่ได้ เดี๋ยวฉันลองไปถามคนอื่นดูให้อีกที
ham,แกไม่รู้หรอกว่าฉันดื้อขนาดไหน ขนาดจะไปโรงพยาบาลฉันยังไม่อยากไปเลย บอกมาร์คตลอดว่าฉันไม่ใช่คนอ่อนแอซะหน่อย โรงพยาบาลเนี่ยมีไว้สำหรับคนอ่อนแอเว้ย
ham,ตอนแรกที่เห็นเราในคลาส แกคิดยังไงกับเราเหรอ
ham,ปกติกรัมละ <#> นะ แต่ซื้อแบบครึ่งเอท (half eighth) คุ้มกว่า ได้เกือบๆ สองกรัมในราคา <#> เอง
ham,เอ้อ เผื่อ 1 บอกไว้ก่อนนะ พรุ่งนี้เช้าตรู่ x มีธุระต้องไปข้างนอก แต่คืนนี้เขามานอนค้างที่ห้องเรานะ
ham,"โหว... เพิ่งรู้เนี่ยว่าอายเรื่องที่พักขนาดนั้น นึกว่าชอบซะอีก ก็พยายามเต็มที่แล้ว แถมเห็นแฮปปี้กับ ""ถ้ำ"" ตลอด ขอโทษด้วยนะที่ไม่มีอะไรให้มากกว่านี้ แล้วก็ขอโทษที่เสนอตัวด้วย ขอโทษจริงๆ ที่ห้องมันน่าอายขนาดนั้น"
ham,แกรู้ยังว่าเมื่อวานมัลลิกา เชราวาททำอะไร? อยากรู้กดดูด่วน @ <URL>
ham,โทษที พอดีติดประชุม เดี๋ยวโทรกลับนะ
ham,ถึงไหนแล้วเนี่ย
ham,เออ...กัมบีร์กับเซห์วากหลุดโผจาก 14 คนชุดวันทยเดย์ว่ะ
ham,กลับบ้านแวะซื้อเบอร์เกอร์ 1 ดอลลาร์กินเองด้วยนะ ขยับไม่ไหวแล้ว ปวดตัวจะตายอยู่แล้วเนี่ย
ham,555 มุกตลกดีนะ ผู้หญิงเขาก็ชอบคนที่มีฐานะ/มองหาความมั่นคงแหละ
ham,เช็กไอคิวเฉยๆ น่ะ
ham,โทษทีเพื่อนร่วมห้องฉันชักช้าอะ ตอนนี้ฉันเข้าไปหาเลยได้ป่ะ
ham,โอเคแก เดี๋ยวเราเช็คกับช่างให้อีกทีละกัน เขาบอกว่าจะไม่ซอยสั้นมากนะ บอกว่าจะตัดให้ทรงมันเข้ากับเราพอดี
ham,วันนี้วันเพลงโปรด.. แกจะ and เพลงอะไรให้ฉันอ่า ส่งอันนี้ให้เพื่อนคนสำคัญทุกคนเลยนะ แต่ตอบฉันมาก่อนคนแรกเลย...
ham,"(ถ้าหมายถึงจะให้ของหรือเคลียร์ของตอนสิ้นเดือนนี้) : 
""แผนคือเดี๋ยวให้สิ้นเดือนนี้นะ"" หรือ ""เดี๋ยวสิ้นเดือนนี้จัดให้"" (แล้วแต่บริบทของสิ่งที่ให้)"
ham,โห โชคดีจัง... งั้นก็ประหยัดเงินได้ดิ... อิอิ...
ham,เลิกเรียนแล้ว อยู่ไหนเนี่ย
ham,ไฮคับ ตัวเองถึงบ้านละ ทำไรกันดี xx
ham,K..k:) อยู่ไหนแล้วเนี่ย? สอบเป็นไงบ้าง?
ham,โทรมาได้เลยนะ
ham,รอยู่นะเครื่อง เรียกฉันเมื่อคุณว่าง
ham,เจ๋งดีนะ ตัวจริงเราเป็นสุภาพบุรุษ ให้เกียรติและ and respect เธอแน่นอน
ham,เราชอบทุกคนมากๆ เลยนะ :) แต่เราเป็นคนขี้อายอะ เขินจังงง
ham,ไม่ได้เปิดบริการหลัง &lt;#&gt; หรือไง
ham,บรรยากาศที่นี่ไม่เหมือนเดิมเลย ยังหางานอยู่เลย ที่นู่น TA (ผู้ช่วยสอน) ได้เงินเดือนประมาณเท่าไหร่เหรอ
ham,โทษที เดี๋ยวโทรหาใหม่นะ
ham,เมื่อกี้โทรหาเราป่ะเนี่ย
ham,โอเค เดี๋ยวฉันกำลังกลับบ้านละ บายๆ / งั้นเดี๋ยวฉันกำลังกลับบ้านละนะ ฮ่าๆ
ham,เดี๋ยวแกก็ต้องไปยืนอยู่ในจุดเดียวกับผู้ชายคนนั้นแหละ
ham,ใช่แล้ว ป้ายหน้าเลย
ham,"เดี๋ยวโทรหา, ไม่มีเน็ต ถ้าด่วนส่ง SMS มานะ"
ham,เอาจริง เมื่อไหร่จะเข้ามาเนี่ย? กูขาดอีกแค่ 2 ตั๋วกับเสื้อแจ็คเก็ตอีกตัวเดียวก็จะครบละ พวกสุ่มสิบครั้งใช้หมดเกลี้ยงเลย
ham,เออ เริ่มส่งคำขอให้ทำละ แต่อาการปวดกำเริบ เลยต้องกลับมานอนซมบนเตียงเนี่ย ที่โรงงานเหรียญคูณสองด้วยสิ เดี๋ยวต้องรีบไปเคลมพวกไนโตรให้หมดละ
ham,คืนนี้เค้ายังไม่ค่อยไหวเลยที่รัก ไว้ก่อนนะ
ham,เออ ทำอยู่ กำลังโหลด ว่างเมื่อไหร่ก็มาละกัน
ham,เอาดิ! แต่ยืนห่างๆ หน่อยนะ เดี๋ยวติดหวัด!
ham,ขอโทษทีนะที่ทำให้ลำบากใจ พอดีเปลี่ยนวันเจอ เป็นวันอื่นแทนได้ป่าว พอดีช่วงเย็นไปอุบัติเหตุมา เลยยังไม่ได้เคลียร์งานของพรุ่งนี้เลย ทั้งใบบันทึกเวลาอะไรพวกนั้นด้วย ขอโทษด้วยจริงๆ นะ
ham,ยิ้มเข้าไว้ไม่ว่าจะสุขหรือทุกข์ ยิ้มตอนที่มีเรื่องแย่ๆ เข้ามา ยิ้มตอนที่โดนทำร้าย ยิ้มเพราะยังมีใครบางคนอยากเห็นรอยยิ้มเธอนะ!!
ham,ยังไม่ได้แพลนว่าจะซื้อทีหลัง เช็คดูแล้วลิדוมีรอบ 530 รอบบ่าย แกเลิกงานยัง?
ham,กำลังดูหนังเตลูกูอยู่... แล้วแก/เธอทำไรอยู่อ่า
ham,อ๋อเข้าใจละ พอเคลียร์งานเสร็จนะ ภาระหนี้เพียบเลยแก
ham,"ไฮจ้า ช่วงนี้เรื่อยๆ นะ ตอนนี้ลาพักร้อนอยู่! เออ ชวนไปวิ่งได้อยู่ ลืมไปเลยว่ามีนัดทำผมตอนบ่ายสี่ เลยต้องรีบกลับบ้านไปอาบน้ำก่อน สะดวกป่ะ หรือมีปัญหาอะไรเปล่า ""แฮม"""
ham,เลิกทักมาหาฉันได้แล้ว ฉันไม่มีอะไรจะคุยด้วยแล้วล่ะ
ham,โอเค ตั้งราคามาเลย ขอแค่ไม่ผิดกฎหมายพอนะ! ไปรับของได้เมื่อไหร่ล่ะ? แล้วทำไมแกถึงมี... (เอ็กซ์ แอมส์ เอ็กซ์ เอ็กซ์) ด้วยเนี่ย
ham,กูกำลังหาซื้อรถใช้อยู่เลย แล้วก็ยังไม่ได้ไปสอบใบขับขี่ด้วย
ham,ตามที่ขอไว้ ตอนนี้เพลง 'Melle Melle (Oru Minnaminunginte Nurungu Vettam)' ถูกตั้งเป็นเสียงรอสายให้ทุกคนได้ยินแล้วนะ อยากก๊อปเพลงนี้ไปใช้บ้าง กด *9 ได้เลย
ham,"โห, จริงด้วย! ฉันไม่ได้ตั้งใจจะทำแบบนั้นเลย สงสัยพอเลิกสนใจหนุ่มบอสตันแล้วเปลี่ยนโลเคชั่นหาคู่ไปนิวยอร์ก อะไรๆ มันก็เลยเปลี่ยนมั้ง เพราะหน้าล็อกอินฉันมันก็ยังขึ้นว่าบอสตันอยู่นะ"
ham,อัมม่ารักชีวิตของหนูนะ แล้วก็รักหนูมากๆ เลยนะลูกรัก
ham,ขอบคุณมากๆ นะสำหรับคำอวยพรวันเกิด ขอบคุณที่ทำให้วันเกิดปีนี้เป็นวันที่น่าจดจำมากๆ เลย
ham,เดี๋ยวไว้มีตังค์แล้วทักไปนะ
ham,แล้ว IP address ของฉันจะไปทดสอบเรื่องนั้นได้ยังไง ในเมื่อคอมฉันไม่ใช่เซิร์ฟเวอร์ Minecraft
ham,"จริงด้วย! คนแก่อารมณ์บูดไรงี้ แม่ฉันงี้บอกว่า ""แกห้ามโกหกนะ"" แต่ก็นะ ฉันนี่แหละตัวดีชอบแกล้งอำคนอื่นตลอด..."
ham,ไม่ต้องห่วงหรอก แก/เขาคงยุ่งอยู่นั่นแหละ
ham,คำว่า research พหูพจน์คืออะไรอ่ะ
ham,ไปกินข้าวก่อนนะ เดี๋ยวทักมาใหม่
ham,"เค, เราโอเ cây นะ เพราะชอบลองอะไรใหม่ๆ อยู่แล้ว แต่แอบกลัวแกจะไม่ชอบไรงี้ เพราะเห็นแกบอกว่าอย่าเสียงดังเกิน"
ham,1ล่ะ ประโยคแรกอย่างทางการเลย... ส่วนเราก็เรื่อยๆ นะ ช่วงนี้กินเก่งไปหน่อย น้ำหนักขึ้นเลยเนี่ย 555 แล้วแก ช่วงนี้มีอะไรพิเศษป่ะ
ham,"พอเดินเข้าห้องปุ๊บ เลขาฉันก็พูดขึ้นมาว่า ""สุขสันต์วันเกิดค่ะ บอส!"" ทำเอาฉันรู้สึกพิเศษสุดๆ เลย แล้วเธอก็ชวนฉันไปกินข้าวเที่ยง พอกินเสร็จเธอก็ชวนไปต่อที่ห้องของเธอ พวกเราก็เลยแวะไปกัน"
ham,เยี่ยมเลย! ได้ เดี๋ยววันศุกร์ต้องคุยกันหน่อย เรื่องสัดส่วนไขมันกับมันฝรั่งสำหรับทำตอร์ติญ่า!
ham,อืม... Lุงเพิ่งบอกว่าเดี๋ยวเขาจ่ายค่าเทอมให้โดยตรงเลย งั้นรบกวนซื้อของกินให้หน่อยนะ
ham,นี่ที่อยู่ใหม่ฉันนะ ย้ายของวุ่นวายปวดหัวน่าดูเลยล่ะ
ham,วันนี้เค้าไปเสาร์ห้า กว่าจะเสร็จก็เที่ยงเลย
ham,เดาออกป่ะว่าจะซื้อเสร็จประมาณกี่โมง?
ham,เยี่ยมเลย ได้เลยครับ
ham,บอกไว้ก่อนนะ ยاتุนเด (Yetunde) ยังไม่ได้ส่งเงินมาเลย ฉันเพิ่งส่งข้อความไปบอกว่าไม่ต้องส่งมาแล้ว เรื่องมันจบแล้วล่ะ เธอไม่ต้องเข้าไปยุ่งเกี่ยวกับอะไรแล้ว จริงๆ ฉันไม่ควรเอาเรื่องนี้มา ภาระให้เธอตั้งแต่แรกเลย ต้องขอโทษด้วยนะ
ham,อยู่ในห้องป่ะเนี่ย
ham,เฮ้ยแก เป็นไงบ้าง สบายดีป่าว หวังว่าแกจะสบายดีนะ ชั้นกับเดลกลับมาแล้วเว้ย! ไม่ได้เจอกันนานเลย โทรมาคุยกันบ้างนะ จากลูซี่จุ๊บๆ
ham,K..k:) ราคาเท่าไหร่เหรอ
ham,ถึงบ้านแล้วนะ
ham,ที่รัก เดี๋ยวพรุ่งนี้โทรหานะ ช่วยเคลียร์เวลาให้ด้วยนะจ๊ะ
ham,ตอบคำถามฉันมาก่อนสิ
ham,เค้ามีแต่มอดสั่นอ่ะ yijue@hotmail.com
ham,เขารออยู่ตรงนั้น แกโทรหาแล้วก็ไปเจอเขาได้เลย
ham,ไม่ต้อง ๆ เดี๋ยวเราเช็คทุกห้องก่อนทำกิจกรรมเอง
ham,เป็นไข้ ขี้เกียจพิมพ์... ลืม Ì_ ไว้ในเลคเชอร์... เห็นกระเป๋าใบหนึ่งแต่แบบไม่ค่อยสวยเท่าไหร่...
ham,โอเค เดี๋ยวเดินทางแล้วทักมานะ
ham,รออีเมลอยู่นะครับ
ham,มีความคิดน่ารักๆ มาฝาก: อย่าเบื่อที่จะทำเรื่องเล็กๆ น้อยๆ ให้คนที่เรารักนะ... เพราะบางทีเรื่องเล็กๆ เหล่านั้นแหละ ที่เข้าไปอยู่ในใจเขามากที่สุด ฝันดีนะ
ham,รู้ทันนะเนี่ย ช่วยเปิดประตูหลังให้หน่อยได้ไหม
ham,เออ เจอกัน (แต่ไม่ต้องเป๊ะเวลาก็ได้นะ)
ham,ครูคนที่สอนพวกเราชื่ออะไรนะ
ham,อืมมมะ เดี๋ยวเช็คอินเสร็จแล้วโทรหานะ ชีวิตของเราจะเริ่มต้นที่กาตาร์แล้ว ยังไงก็ช่วยสวดภาวนาให้มากๆ ด้วยนะ
ham,แก...ลบเบอร์เราเหรอะ ทำไมอ่ะ
ham,สินธุได้งานที่ Birla Soft แล้วนะ
ham,ไวน์ไหลมาเทมา ละนี่ฉันก็คือแบบ... เมาสุดฤทธิ์ละเนี่ย
ham,เออ เราว่าไปดูหนังดีกว่า ขี้เกียจเดินลงไปข้างล่างพลาซ่าอ่ะ
ham,โอเค... ตามฟอร์มเลยนะ (หรือ ตอบแบบนี้ตลอดอ่ะ)
ham,ตามที่ขอไว้ ตอนนี้เพลง 'Melle Melle (Oru Minnaminunginte Nurungu Vettam)' ถูกตั้งเป็นเสียงรอสายของคุณแล้วนะ กด *9 เพื่อคัดลอกเสียงรอสายของเพื่อนได้เลย
ham,แกนี่อยู่ทุกที่เลยนะไอ้ฝุ่น ทั้งพื้น หน้าต่าง แม้กระทั่งเสื้อฉัน แล้วบางทีเวลาอ้าปากพูดนะ มีแต่แกหลุดออกมาเต็มไปหมดเลย ฝันว่าถ้าโลกนี้ไม่มีแก งานบ้านคงหายไปครึ่งนึง คงเป็นช่วงเวลาแห่งความสุข ได้นอนดูซีรีส์ยาวๆ ไป แต่ก็นั่นแหละ ทุกอย่างมันคงต้องมีอยู่แหละเนอะ เหมือนฝน ลูกเห็บ แล้วก็หมอก แล้วพอถึงเวลาที่ฉันต้องไปจากที่นี่ แกกับฉันก็คงกลายเป็นเนื้อเดียวกัน (กลายเป็นฝุ่นไป)
ham,โอเค อยู่ที่ทำงานป่ะเนี่ย
ham,ออกจากบ้านแล้วนะ
ham,ฮัลโหลที่รัก ทำไรอยู่อ่ะ วันนี้ได้ไปสัมภาษณ์งานมาป่ะเนี่ย มีความสุขดีมั้ย เป็นเด็กดีอยู่รึเปล่า คิดถึงเค้าบ้างป่ะเนี่ย แล้วคิดถึงเค้ามั้ยเนี่ย
ham,ดูแลตัวเองดีๆ นะ เค้าต้องการเธอนะ คิดถึงจะแย่อยู่แล้ว อิจฉาคนที่ได้เจอตัวจริงเธอจัง
ham,ได้รถใหม่กับบ้านให้พ่อแม่ละ :) ส่วนตัวเองตอนนี้มีแค่งานใหม่ในมือ :)
ham,เค้าหลงรักเธอเข้าแล้วล่ะ ดีใจทุกวันเลยนะที่เราได้ใช้เวลาร่วมกัน เธอทำให้เค้ามีความสุขมากๆ เลย
ham,เค้าเอาคะแนน module e-culture ของแกใส่ให้หมดแล้วนะ
ham,แก มีวิธีไหนบ้างที่จะหลีกเลี่ยงความเข้าใจผิดกับคนที่เรารักได้ดีที่สุดอ่ะ
ham,หนีเที่ยวสุดฟิน สะพานนี้น่าสนนะ แต่ต้องแวะซื้อลาเกอร์ของนางก่อน ไว้เจอกันพรุ่งนี้
ham,ใช่เลย :) ทรงบอลคือหลุดฟอร์มไปไกลมาก :) ส่วนไอ้คลาร์กนี่ก็เล่นโคตรกากเลย
ham,พี่ครับ ผมขอเลขบัญชีธนาคาร Axis กับที่อยู่ธนาคารหน่อยครับ
ham,อืม... คิดว่าน่าจะมีเวลาแวนซ์ไปนู่นไปนี่อยู่นะ... เออ ไปเดินเล่นชิลๆ ฟรีๆ ได้... เดี๋ยวต้องโทรหาคุยกันหน่อยละ...
ham,เดี๋ยวลงมาข้างล่างกี่โมงอะ
ham,ให้ตายเหอะ ไม่เชื่อเลยว่าแกจะจำนามสกุลฉันไม่ได้ คุณ... ใบ้ให้นิดนึงละกัน มันเป็นภาษาสเปนแล้วก็ขึ้นต้นด้วยตัว m นะ...
ham,งั้นเดี๋ยวเค้าไปอาบน้ำให้เสร็จก่อนนะ ยังไงก็...คืนนี้ฝันดีนะ
ham,บอกด้วยนะว่าได้เงินยัง คาร์ลอสจะได้โทรไปจัดการให้
ham,ยังไปห้างอยู่ป่ะเนี่ย
ham,เพื่อนบอกว่าจะดูโชว์จนจบเลย น่าจะยังไม่กลับมาก่อนตี ~ <#> ละกัน แกสูบอันที่ราคา $ <#> นั้นรอไปก่อนได้เลยนะ ไม่ต้องเกรงใจ
ham,ทักไปหาเขาเลย ถ้าเขาไม่ตอบบอกนะ เดี๋ยวฉันให้เขาล็อกอินเข้าให้
ham,สวัสดีค่ะ/ครับ เพิ่งคุยกับ MANEESHA V ไป เป็นยังไงบ้างคะ/ครับพอใจกับการบริการไหม ตอบกลับฟรีด้วย Yes หรือ No ได้เลยนะ
ham,ตอนแรกลุ้นอยู่เลยว่าจะได้เงินช่วยเหลือ เพราะช่วงนี้กำลังช็อตพอดี ยิ่งช่วงสิ้นเดือนนี่กระทบกับการเรียนเต็มๆ เลย แnยังไงก็ขอให้มีความสุขมากๆ กับวันหยุดนี้นะ
ham,555 ไม่ หัวใจ เชื่อใจเค้าได้น่า
ham,โอเค เราเป็นสุภาพบุรุษ จะให้เกียรติและให้ความเคารพเธอแน่นอน
ham,ทำแน่ พวกเธอสนิทกันป่ะเนี่ย
ham,ไม่มีอะไรพิเศษ ไปละนะ บาย
ham,"""ฮัลโหลคนหล่อ! ได้งานยังเนี่ย? ไม่ได้ขี้เกียจใช่มั้ยเนี่ย? ตั้งใจทำงานหาเงินมาเปย์มามี้อยู่ใช่ป่ะ? แล้วตอนนี้เด็ก 
$\text{toy}$
 ของฉันไปอยู่ไหนซะล่ะเนี่ย? คิดถึงฉันบ้างป่าว?"""
ham,555 เจ๋งเลย เดี๋ยวไปถึงแป๊บนะ
ham,มีหนังสือผังรายการวิทยุช่วงคริสต์มาสยัง ถ้ายังเดี๋ยวเราซื้อตอนนี้เลย
ham,เพิ่งถึงบ้าน เดี๋ยวไปอาบน้ำก่อน พอดีพี่สาวแย่งเน็ตใช้ เดี๋ยวเสร็จแล้วบอกนะ
ham,"ขอโทษทีนะ แก ช่วงนี้เรากลายเป็นพวกหายหัว ไม่ค่อยได้ติดต่อใครเลย แต่สำหรับเราแกสำคัญมากนะ ขอบคุณที่อยู่ข้างกันเสมอมา แม้ว่าแกจะต้องลำบากเองก็ตาม ขอให้สัปดาห์นี้เป็น 
A week ดีๆ ของแกนะ"
ham,ไฮ :) ในที่สุดก็เรียนจบคอร์สแล้ว :)
ham,เดี๋ยวก็หายได้เองค่ะ แต่ยังไงก็แนะนำให้มีคนอยู่คอยดูแลน้องด้วยนะ จะได้คอยป้อนเกลือแร่ (ORS) ทุกครั้งที่ถ่ายค่ะ
ham,เป็นไงบ้าง ช่วงนี้? หวังว่าปรับตัวกับเทอมใหม่ได้แล้วนะ ขอให้วันนี้เป็นวันที่ดีนะแก
ham,อรุณสวัสดิ์จ้า ขอให้วันนี้เป็นวันที่ดีนะ
ham,ได้ดูสตอรี่ของคนนั้นยัง
ham,แฮมสเตอร์แกตายยังวะ เฮ้ยพรุ่งนี้เจอกันตอนบ่ายโมงที่ MRT Orchard นะ
ham,"ไฮ เคทเองนะ เย็นนี้เป็นไงบ้าง หวังว่าจะได้เจอกันแป๊บนึงนะพรุ่งนี้ แต่ติดที่ต้องเลี้ยงเด็กเวรนี่ส,ะงั้น! ไว้ว่างแล้วทักมานะ :) xxx"
ham,เจอละ ENC <#> อยู่ไหนเนี่ย
ham,โอนเงินให้แล้ว <#> บาทนะ
ham,"""หวัดดีที่รัก เค้าเรียนจบแล้วนะ ถ้าแก/เธอว่างตอนเลิกเรียนก็ทักมาหาหน่อยนะ รักนะ จากเคท xxx"""
ham,เติมเงินสำเร็จแล้วนะ จำนวน INR &lt;DECIMAL&gt; ตอนนี้ยอดเงินในบัญชีพรีเพด KeralaCircle ของเธอเหลือ Rs &lt;DECIMAL&gt; แล้ว เลขที่ทำรายการคือ KR &lt;#&gt; จ้า
ham,อรุณสวัสดิ์เจ้าหญิงนิทรา
ham,เดี๋ยวโทรหาตอน 11 โมงนะ โอเคป่ะ
ham,บอกไว้แล้วว่าถ้าพูดแบบนี้ ฉันก็ไม่ซื้อของอีริคสันแล้วเหมือนกัน จบเห่เลยทีเดียว
ham,"พอเดินเข้าห้องส่วนตัวปุ๊บ เลขาก็เซอร์ไพรส์ว่า ""สุขสันต์วันเกิดค่ะบอส!!"" ตอนนั้นรู้สึกพิเศษมากเลยอ่ะ แล้วเขาก็ชวนไปกินข้าวเที่ยง พอกินเสร็จเขาก็ชวนไปที่ห้องเขาต่อ เราก็เลยพากันไป"
ham,เออ เอาดิ จริงแท้แน่นอนเพื่อน
ham,ช่วยต่อสัญญาณให้วันนี้ก่อนเที่ยงด้วยนะ ไม่งั้นก็คืนเงินมาเลย
ham,จัดไปทั้งคู่เลย :) เดี๋ยวเราจัดชุดใหญ่ไฟกระพริบให้ เตรียมตัวไว้เลย!
ham,ว่าไงเพื่อน หวังว่าช่วงหยุดยาวจะเที่ยวสนุกนะ ขอให้เทอมนี้เป็นเทอมที่ดีและราบรื่นนะ
ham,กลับบ้านละ จะได้คุยกันได้ตลอด
ham,ตั้งใจเรียนนะ
ham,นั่นสิ... ใครจะไปรู้เล่า
ham,เข้าท่าเลย! ตอนนี้อยู่บ้านยัง?
ham,ในที่สุดก็จบเสมอตามที่แกทายไว้เลยวะ
ham,เพลียอ่ะ ช่วงนี้ไม่ค่อยได้นอนเลย
ham,ง่ายไคงี้เลยเหรอ? พอเซนติดแสดงว่าต้องดีจริงแหละ...
ham,เดี่ยวเราต้องสอบวันที่ 3 มีนาคมนี้อะ
ham,เออ น่าทำนะ ชั้นว่าแกน่าจะใช้บัตร ATM กรุงไทยไปลงทะเบียนได้แล้วมั้ง ตอนนี้ ไม่ชัวร์นะ แต่ถ้ามีอะไรให้ช่วยบอกได้เลย แต่ทำทั้งทีก็เตรียมตัวให้พร้อมก่อนล่ะ
ham,โอเค ได้เลย ตามสบายเลยจ้า
ham,มันมีระบบปฏิบัติการตัวนึงชื่อว่า Ubuntu ที่รันได้เลยโดยไม่ต้องลงในฮาร์ดดิสก์... แกสามารถใช้ตัวนั้นเปิดเข้าไปก๊อปไฟล์สำคัญในเครื่องออกมาก่อน แล้วค่อยเอาเครื่องไป riven ร้านซ่อมได้นะ
ham,โทษที เดี๋ยวโทรกลับนะ
ham,แกก็ว่าไป... มันก็ไม่มีอะไรอยู่แล้วป่ะวะ ไม่ได้โรแมนติกเว่อร์วังนะ แค่นิดๆ หน่อยๆ เอง เออ ชั้นว่าวิวกลางคืนมันไม่ได้สวยขนาดนั้นว่ะ
ham,โทรหาหน่อยได้ไหม ช่วงนี้อยากมีเพื่อนคุยด้วยจัง
ham,เฮ้ย บริษัทไปไม่ได้ว่ะ
ham,ชีวิตเข้มงวดกว่าครูอีก... เพราะครูสอนบทเรียนก่อนแล้วค่อยสอบ แต่ชีวิตจับสอบก่อนแล้วค่อยให้บทเรียนเราเรียนรู้ อรุณสวัสดิ์นะ
ham,เตง อรุณสวัสดิ์ เพิ่งตื่นเองจ้า
ham,ลงรถที่คานธีปุรัมแล้วเดินไปถนนครอสคัทนะ อยู่ขวาตรอกเลข <#> แล้วเลี้ยวขวาแรกเลย
ham,เตง เดี๋ยวพวกเรากำลังจะไปสวนยางนะ
ham,"โทษที แบตเพิ่งหมด, เออ อยู่(นี่/แถวนี้)แล้ว"
ham,ใช่เลย ที่ทำงานมีทีวีเปิดไว้ตลอดนะ
ham,ปริ้นท์ให้แล้วนะ เดี๋ยวมารับข้างบนได้เลย
ham,งั้นเดี๋ยวเค้าไปอยู่ใกล้ขึ้นอีกนิดก็ได้ ตรงป้ายรถเมล์เส้นเดียวกันนี่แหละ
ham,อยู่ไหนแล้วเนี่ย เมื่อไหร่จะมาถึง
ham,ทฤษฎีใหม่: เถียงชนะสถานการณ์ แต่เสียเพื่อนไป งั้นไม่ต้องไปเถียงกับเพื่อนหรอก... แค่เตะมันแล้วบอกว่า ฉันถูกเสมอ!
ham,พรุ่งนี้มีนัดฟังคำพิพากษาคดีโน้ตบุ๊กพอดี เลยไปไม่ได้อ่ะ
ham,แกกกกกกกก บอกฉันทีว่าฉันไม่ได้ลงแข่งกีฬาใช่ป่ะ
ham,โอเค ไม่ๆ แค่พิมพ์ผิดเป็นส่องสว่างน่ะ จริงๆ จะพิมพ์ว่าเซ็นชื่อ แต่แบบแรกฟังดูเข้าท่ากว่าว่ะ
ham,ถึงปากจะบอกว่าช่วงนี้ชอบนาฬิกาหน้าปัดใหญ่ๆ ก็เถอะ แต่เรือนที่เธอให้เค้าก็ชอบมากจริงๆ นะ เพราะมันมาจากเธอนี่แหละ ขอบคุณสำหรับทุกๆ อย่างที่ทำให้วันนี้เลยนะ ซึ้งใจจัง...
ham,จำโฆษณาเก่าอันนั้นไม่ได้เหรอ
ham,สายไปละ ฉันบอกว่าฉันมีเว็บไซต์ ฉันไม่ได้บอกว่ามีหรือไม่มีรองเท้าแตะซะหน่อย
ham,ฉันบอกให้โทรหาเขาตอนนี้ โอเคเปล่า
ham,แคลลิสไม่ได้ลงแบตอินนิ่งสองว่ะ
ham,มันใช้ไม่ได้อีกแล้วอ่ะ งั้นแค่นี้นะ ฝันดีจ้า เดี๋ยวเค้าซ่อมให้เสร็จทันตอนเธอตื่นเลย คิดถึงมากๆ นะ นอนหลับฝันดีนะจ๊ะ
ham,รัญจิตโทรหาดีรัชกับดีปัคแป๊บนึง รอ 5 นาทีนะ
ham,เวลาที่คนน่ารักเค้าโกรธแก แกอย่าไปซีเรียสเลยนะ... เพราะความโกรธเนี่ยมันคือวิธีแสดงความรัก ความห่วงใย แบบเด็กๆ แต่มันจริงใจสุดๆ แล้วล่ะ! ...เนอะว่าป่ะ... ขอให้วันนี้เป็นวันที่ดีนะแก
ham,ทำไรอยู่อ่า สบายดีป่าว
ham,มีแบบ UPS ที่ใช้เวลาประมาณ 3 วัน กับบริษัทขนส่งอีกเจ้าที่ใช้เวลา 2 อาทิตย์ ส่วนอีกวิธีคือใช้ USPS ซึ่งใช้เวลาประมาณแค่อาทิตย์เดียว แต่พอของมาถึงลากอสแล้ว อาจจะต้องมีใต้โต๊ะให้ NIPOST นิดหน่อยถึงจะได้ของอ่ะ
ham,กลับมาแล้ว บอกได้เลยนะว่าสะดวกตอนไหน
ham,แต่อาจจะยังไม่เสร็จก่อนเธอกลับมานะ เพราะเพิ่งจะออกจากบ้านเอง
ham,อื้อหือ อร่อยมากเลยที่รัก... ชื่นใจสุดๆ ไปเลย
ham,อยู่ไหนแล้วเนี่ยที่รัก คิดถึงจงเลย / อยู่ไหนแล้วตัวเธอ เค้าคิดถึง
ham,จอดรถข้างรถ MINI อยู่พอดีเลย! วันนี้แกคิดว่าจะเข้ามาประมาณกี่โมงอะ
ham,อืม
ham,งั้นเดี๋ยวเราไปเดินช้อปคนเดียวละ พอดีพี่สาวยังไม่เสร็จ ไม่กวนละนะ
ham,เบอร์เราที่ลูตันนะ 0125698789 โทรมานะถ้าอยู่แถวนี้! H*
ham,ทำไมแกไม่ไปด้วยกันล่ะ
ham,เหมือนกันเลย งั้นหาเวลาว่างมาแพลนเที่ยวกันสักทริปมั้ย
ham,ยังไม่ชัวร์เลย กำลังพยายามติดต่อเขาอยู่
ham,เพิ่งโหลดแฟลชเสร็จเอง อิจฉาป่ะล่ะ
ham,มานี่ดิ กำลังเคลียร์เรื่องยาอยู่พอดี
ham,หมดไปอีกวันแล้วเนอะ เช้าวันใหม่มาถึงแบบพิเศษสุดๆ ขอให้วันนี้ยิ้มกว้างๆ สดใสเหมือนแสงแดด แล้วโยนความกุ้มใจทิ้งไปให้หมดเลยนะ
ham,งั้นมั้ง น่าจะเอารถไปคันเดียวพอ
ham,ไม่มีปัญหา แฟนไม่มา
ham,ขอบใจนะ
ham,บอกร็อบให้ไปนัวกับแฟนในโรงหนังดิ
ham,เจ๋งเลย เดี๋ยวเจอกันนะ
ham,ส่งให้แล้วนะ ว่าแต่เธอชอบกินอาหารแนวไหนเหรอ
ham,เสร็จหมดรึยัง? ส่งงานครบยัง? ฉลองกันเหวี่ยงยังเนี่ย?
ham,โดนด่าว่าโง่เหรอ / โดนเรียกว่าเป็นเครื่องมือ (โง่ๆ) เหรอ / โดนด่าว่าควายเหรอ
ham,เวลาคิดถึงใครสักคน
ham,โอเค ที่ฉันขอเงินไปถึงไหนแล้วล่ะ
ham,โอเคจ้า
ham,เออ น่าจะยังเมาค้างจากเมื่อคืนอยู่ ถ้าติดต่อไปหาใครได้บอกด้วยนะ เดี๋ยวหารด้วย
ham,โอเค งั้นเดี๋ยวคืนนี้ถ้าเลิกเรียนเร็ว อาจจะแวะไปนะ
ham,โอเค
ham,หวัดดีเตง เค้ากำลังนั่งรถเล่นกับเพื่อนสาวอยู่ เตงทำไรอยู่อ่ะ เดี๋ยวอีกสักชั่วโมงโทรหาเค้าที่บ้านนะถ้าสะดวก หรือจะโทรมาเบอร์นี้ตอนนี้เลยก็ได้ รักนะ เจนนี่จุ๊บๆ
ham,ชีวิตฉันมีความหมายมากๆ ไม่ใช่เพราะฉันรักชีวิตตัวเองหรอกนะ แต่เพราะฉันรักคนรอบตัวต่างหาก คนอื่นอาจจะเรียกว่าเพื่อน แต่สำหรับฉันพวกเขาคือทั้งโลกเลยล่ะ :-) Ge:-)
ham,เตง เดี๋ยวคืนนี้ส่งเมล์ให้นะ พอดีตอนนี้ยุ่งอยู่ข้างนอก เดี๋ยวคืนนี้อัพเดตให้อีกที ทุกอย่างดูโอเคดีนะ ตอนนี้มีแต่ต้องลุยหน้างานให้อย่างเดียวถึงจะรอด แต่เอาจริงๆ งานนี้ก็ถือว่าดีใช้ได้เลยนะ
ham,เฮ้ย แกบอกชื่อแกให้โกทัม (Gautham) ไปเหรอ
ham,เจอตัวยังแก รู้สึกโง่ชะมัด กล้องดันใช้งานได้ซะงั้น
ham,อุ๊ย ลืมตรงนั้นไปเลย
ham,ช่วงนี้ยุ่งขนาดนี้เลยเหรอ
ham,เผลอลบข้อความไปอะ ขอใหม่อีกทีได้ป่ะ
ham,"เว้นแต่ว่าจะเป็นสถานการณ์ที่แบบ พูดคำว่า ""เอาเลยแม่ ปังมาก!"" น่าจะเหมาะกว่า"
ham,"เจ็บใจฉันสิ... แกล้งฉันสิ... ทำให้ฉันร้องไห้เลย... แต่พอวันสุดท้ายของชีวิตฉันตอนที่ฉันตาย ช่วยวางกุหลาบไว้ที่หลุมศพฉันสักดอกแล้วพูดว่า ""ไอ้โง่ เอ้ย คิดถึงว่ะ"" ขอให้วันนี้เป็นวันที่ดีนะ บายยยย"
ham,รับสายไม่ได้อ่ะ พิมพ์ไว้ก่อนนะ
ham,พรุ่งนี้ไปซื้อกาแฟกันป่ะ? เร็วจัง นึกไม่ถึงว่าถึงเวลาแบบนี้ของสัปดาห์อีกละ
ham,สุดยอด จำได้เลยตอนที่เรามอมกัญชาสายพันธุ์ดีเซลให้คนอื่นลองครั้งแรก :V
ham,เชี่ย โคตรช็อกแล้วก็น่ากลัวเลยว่ะ คิดภาพตามไม่ออกเลย เอาดิ ไปเที่ยวกลางคืนกัน กูโอเค นึกว่าคืนนี้จะมีที่ไหนให้พอกระเซิงนอนด้วยได้ป่ะ จะได้ประหยัดค่าแท็กซี่หน่อย
ham,เออแล้วก็ ในตู้เย็นเธอยังมีของกินอีกเพียบเลยนะ! เย็นนี้ออกไปหาอะไรกินกันป่ะ?
ham,เค้าเป็นนักแสดงที่เก่งมากเลยนะ
ham,อืม... เท่าที่จำได้... น่าจะจองได้อยู่นะ
ham,จอชฝากถามว่าอยากเจอ W กันป่ะ?
ham,555 เออจริง มิตรภาพเราจะขาดอยู่แล้วเนี่ย เพราะแกไม่ยอมซื้อของสักที
ham,กุญแจโรงรถอยู่ไหนอ่ะ ไม่เห็นอยู่บนชั้นหนังสือเลย
ham,วันนี้วันยอมรับนะ..เธอรับฉันเป็นอะไรดี พี่ น้อง คนรัก ที่รัก เพื่อนซี้ เพื่อนสนิท เพื่อนน่ารัก คู่ชีวิต คนโปรด หวานใจ เพื่อนรัก หรือแค่เพื่อนกัน? ถ้าไม่ตอบถือว่าเป็นศัตรูนะ
ham,เดี๋ยวเพื่อนเขาเคลียร์เงินให้แล้วเขาจะโทรมาบอกอีกที แต่ยังไงสิ้นสัปดาห์นี้เขาซื้อแน่ๆ
ham,หวาดนะ ที่เป็นแบบนั้นกับเธอวันนี้คือตัวตนปกติและตัวจริงของเราเลยนะ เธอไม่เหมือนใครดีแล้วเราหวังว่าจะได้รู้จักเธอไปตลอดชีวิตเลยนะ ขอให้เจอสิ่งที่เคยหายไปนะ
ham,วันนี้ทำให้ชั้นมีความสุขมากเลย ขอให้วันนี้เป็นวันที่ดีของเธอนะ
ham,สุขสันต์วันปองกาลล่วงหน้านะคะ
ham,อืม... สงสัยเราไปคาเฟ่ (kb) กับเล่นพาวเวอร์โยคะกันได้นะ... ฮ่าๆ ไม่รู้จะไหวพาวเวอร์โยคะป่าว... คิดว่ามีโลด้วยนะ ลืมไปแล้ว...
ham,ไม่เชิงว่ะเพื่อน เกรงว่าไม่มีเพื่อนเลย : (
ham,เค้กกาแฟมั้ง...
ham,เมอร์รี่คริสต์มาสย้อนหลังนะตัวเอง เค้าก็รักน้า *จุ๊บๆ*
ham,เฮ้ย... ไปดู X-Men แล้วก็หาอะไรกินกันดีกว่า... 555
ham,แก ช่วยบอกคนอื่นให้หน่อยดิว่าฉันจะไปเลทนิดนึง พอดีรถเมล์ผ่านไป 2 คันแล้วคนเต็มยาวเลย ตอนนี้ยังรอคันใหม่อยู่เลย พีท x
ham,ดีเลย เดี๋ยวพวกเราอยู่ที่กิลด์นะ เจอกันแถวถนนบริสตولหรือที่อื่นก็ได้ เดี๋ยวติดต่อไปช่วงวันหยุด แผนเราเริ่มบินแล้ว! ขอให้เป็นสัปดาห์ที่ดีนะ
ham,ไม่เป็นไรจ้า ช่วงนี้เป็นไงบ้าง
ham,เงียบกริบ ไม่มีทั้งโทร ไม่เห็นมีข้อความ ไม่มียิงสายไม่รับเลย
ham,ไฮด้า :) วันนี้คลาสเป็นไงบ้าง
ham,เอาจริงๆ ก็คิดว่าเป็นสัญญาณที่ดีนะ... แต่ก็นั่นแหละ แกก็รู้ประวัติความแห้วเรื่องดูใจผู้หญิงของฉันเป็นยังไง
ham,โอเค ได้เลย จอดรถแล้วทักมานะ
ham,อ่านข้อความที่เพิ่งส่งไปดิ อันนั้นแค่ล้อเล่นนะ อย่าคิดมาก
ham,โอ-เค หนังสนุกดีนะ
ham,งั้นเดี๋ยวพรุ่งนี้ค่อยไปยืมหนังสือออกมาแล้วรีบคืนดีกว่ามั้ง... หรือยังไงดี
ham,โอกาสที่คุณจะจีบฉันหรือมีอะไรกับฉันเนี่ย มันปลิวหายไปตั้งแต่ที่คุณละเมิดความเป็นส่วนตัวด้วยการแอบเอาเบอร์โทรศัพท์ฉันมาจากเอกสารที่ทำงานคุณแล้วล่ะ ทำแบบนี้ไม่โอเคเลยนะ อย่าติดต่อมาอีกเด็ดขาด ไม่งั้นฉันจะไปฟ้องหัวหน้าคุณแน่
ham,แท่นแท้น! เค้าถึงห้องแล้วนะตัวเอง ยังไม่นอนใช่ป่ะ
ham,(อ๋อ) เจ๋งดี แล้วทำไมที่ผ่านมาถึงไม่ค่อยมีใครพาไปเดทกินของอร่อยๆ เลยล่ะ
ham,นอนเล่น...แล้วก็ไถฟีดไปเรื่อยเปื่อย
ham,โทษที เดี๋ยวโทรหาใหม่นะ
ham,แกโทรหาฉันใช่ป่ะ โทรเข้าเบอร์มือถือฉันนะ
ham,โอเค เยี่ยมเลย ขอบคุณมากนะ
ham,"พัสดุมาส่งแล้วสินะ! ป่านนี้ข้อความคงเป็นพันแล้วมั้งเนี่ย ขอให้อ่านให้สนุกนะ ส่วนข้อความของฉันที่ลงท้ายด้วย ""วิฟ สวัสดีจ้าแคโรไลน์"" คืออัน 
โปรดเลย น่ารักจริงๆ"
ham,หายหน้าหายตาไปเลยนะ ไม่เจอกันนานเลย
ham,ไม่อ่ะ แบบนั้นไม่เอาหรอก
ham,น้องสาวฉันผ่านสัมภาษณ์ Birlasoft ไปสองรอบแล้วเมื่อวานนี้
ham,ฝันดีนะ...ดูแลตัวเองด้วย...ซ้อมอยู่จ้า
ham,นี่อี้เจี่ยนะ เพิ่งเห็นเมลแก วเผื่อฮุ่ยหมิงยังไม่ได้ส่งเบอร์เราให้ อันนี้เบอร์เรานะ
ham,มีเรื่องหน้าแตกนิดหน่อยละตอนนี้
ham,แวะมาทักทายจ้า คิดถึงเจเรเมียห์จริงๆ นะ ขอให้เดือนนี้เป็นเดือนที่ดีน้า
ham,อ๋อ อันนี้ช่วยไม่ได้ว่ะ เราไม่เคยใช้ไอโฟนเลย
ham,อีกชั่วโมงครึ่งถ้าแกยังไม่มาขึ้นรถนะ ฉันวายป่วงแน่
ham,วันนี้วันขอขมานะ! ถ้าเกิดว่าฉันเคยโกรธแก เคยทำตัวไม่ดีใส่ หรือทำร้ายจิตใจแก... ได้โปรด ได้โปรด ตบหน้าตัวเองซะ เพราะทั้งหมดมันความผิดแกเอง ฉันน่ะคนดีอยู่แล้ว (หยอกๆ)
ham,เฮ้ย พวกแกสรุปเรื่องเงินค่าเหล้ากันได้ยังวะว่าต้องจ่ายเท่าไหร่ เจกับฉันกำลังคำนวณอยู่ว่าจะซื้อกัญชาได้สักเท่าไหร่ถึงจะไม่เกินงบ
ham,5 นาทีที่แล้วเว้ย WTF
ham,ขอบคุณที่โทรมานะคับคุณพี่ ลืมบอกสุขสันต์วันโอณัม (Happy Onam) เลย ทางนี้สบายดีครับ พอดีเจอคนทำประกันแล้วนึกถึงพี่ขึ้นมา เดี๋ยวไว้เจอกันที่กาตาร์นะ อินชาอัลลอฮ์ ผมราเกช อดีตคนจาก Tata AIG ที่ตอนนี้ย้ายมาอยู่ TISSCO (Tayseer) แล้วครับ
ham,เราเป็นนักแสดง เวลาทำงานคือทำช่วงเย็นแล้วก็นอนดึก ช่วงนี้ว่างงานอยู่ด้วย เลยนอนดึกตลอด พอตกงานปุ๊บ ทุกวันก็เลยกลายเป็นวันเสาร์หมดเลย
ham,ฮัลโหล! เพิ่งมาถึงเนี่ย เซนต์แอนดรูว์ส—โอโห ไกลมากกก! หนาวด้วย เดี๋ยวมีอะไรอัปเดตแล้วจะบอกนะ
ham,555 เท่ดีๆ จุ๊บๆ :-):-DB-)
ham,อ๋อ ได้เลย ไม่เป็นไรจ้า
ham,ลองเช็คสเตตัสออดรีย์ตอนนี้ให้หน่อยดิ
ham,ยุ่งๆ อยู่เลยเนี่ย กำลังพยายามเคลียร์งานให้เสร็จก่อนปีใหม่ ตั้งตารอที่จะได้เจอเธอในที่สุดนะ...
ham,บ่ายนี้จ้าคนสวย! วันนี้เป็นไงบ้าง ตื่นมาสดชื่นมีความสุขกับชีวิตยังเอ่ย ได้สูดอากาศแล้วยิ้มบ้างป่าวเนี่ย คิดถึงเสมอนะที่รัก... เหมือนเดิมไม่เคยเปลี่ยน
ham,เอนา เดี๋ยว Z ก็ดูแลเราเอง แหละ ไม่ต้องห่วงหรอก
ham,ชุดอะไร หาซื้อได้ที่ไหนอ่ะ
ham,โอเค เดี๋ยวทักมานะ พร้อมแล้วบอกๆ
ham,ฮัลโหลเด็กน้อยของเค้า... โอ้ยยย เพิ่งตื่นเองก็คิดถึงซะแล้ว อยากให้เธอมานอนอยู่บนเตียงด้วยกันจัง มากอดเค้าหน่อย เค้า/รัก/เธอนะ...
ham,เดี๋ยวเค้าจัดเต็มบนเตียงให้ด้วยนะ :)
ham,ไปอาบน้ำก่อนนะ เดี๋ยวอีกสักครู่ทักมาใหม่
ham,ไม่อยากคุยตกลงอะไรค้างคาไว้ ถ้ายังไม่ชัวร์ว่าจะจ่ายไหวไหมถ้าตกลงราคากันแล้ว งั้นรบกวนบอกหน่อยได้ไหมว่าอยากซื้ออะไรแน่ๆ แล้วสู้ราคาได้เท่าไหร่ครับ
ham,เกิดอะไรขึ้นเหรอ
ham,แอบเสียดายที่ไม่ได้ทักเรา... เราจำหน้าเธอไม่ได้อ่ะ :)
ham,เออ ช่วงปีใหม่ที่ลินด์ซีย์ไม่มีอะไรทำเลยว่ะ (ถอนหายใจ) มีพบบาร์แถวพีทโบกับบลูเฮרוןเนี่ยแหละพอจะมีจัดงานบ้าง
ham,เก็บปายาสัมของฉันไว้ตรงนั้นนะ ถ้าRinuเอามาให้
ham,นึกว่าอาจารย์รันจิตรโทรหาผมครับ ก็เลยส่งข้อความไปแบบนั้น เพราะแกกำลังเช็คเรื่องโปรเจกต์อยู่ พอดีประภูกเพิ่งมาบอกวันนี้ด้วย ยังไงก็อย่าเพิ่งโกรธกันนะคับ
ham,งั้นมั้ง ถึงว่าทำไมเธอถึงกังวล แต่จริงๆ ร่างกายคนเรามันซ่อมแซมตัวเองได้นะ เชื่อเถอะว่าไม่มีอะไรต้องกังวลเลย เอาทีละ step ดีกว่า เดี๋ยวตรวจเช็คดูก่อนว่าไข่ตกช่วงไหน แล้วก็ทำตัวสบายๆ ชิลๆ เลย ไม่มีอะไรต้องเครียดจากที่เล่ามาเลยนะ แต่เดี๋ยวเราช่วยดูแลติดตามอาการให้เรื่อยๆ เอง ไม่ต้องห่วงจ้า
ham,ได้เลย ขอแป๊บนึงนะ กำลังหากระเป๋าตังค์อยู่
ham,ช่างมันเถอะน่า ไม่มีอะไรมากหรอก ดูแลตัวเองด้วยนะ
ham,เฮ้ย เดี๋ยวไปรอนะ... เจอกันสัก 9:45 ละกัน
ham,ปาเข้าไป 3 แผล็บ (ถึงว่าล่ะ/กว่าจะหมด)
ham,ถึงหน้างานลูกค้าแล้ว เดี๋ยวโทรหานะ
ham,อืม ตอนนั้นเธอนี่ไม่ค่อยชอบสนุกเลยเนอะ
ham,อือ กำลังกินบุฟเฟต์อยู่เลย... กินยัง?
ham,ดึกป่านนี้แล้ว... กินข้าวเย็นยัง?
ham,เฮ้ย เสาร์นี้สรุปเราจะไปเล่นพิลาทิสคลาสเริ่มต้นอย่างเดียวป่ะ หรือว่าเอาคิกบ็อกด้วย?
ham,สะดวกแค่ตอนเช้านะ ได้แค่นั้นแหละ
ham,อืม คิดว่างั้นนะ ตอนนี้อยู่ที่ทำงาน แต่อยู่ที่ห้องไม่ได้เอาโน้ตบุ๊กมา เหมือนจะเปิดทิ้งไว้หลายวันแล้วด้วย ไม่ได้ปิดเครื่องว่ะ
ham,ไปรับประมาณเจ็ดโมงครึ่งดีป่ะ? แล้วแกกับคนอื่นไปกันกี่โมงอ่ะ?
ham,ตั้งแต่รอบหน้านี้เป็นต้นไป เงินรางวัลผลงานจะคำนวณทุกๆ 2 เดือนนะ ไม่ใช่คิดแบบรอบเดือนเดียวเหมือนเดิมแล้ว
ham,เพิ่งนอนอยู่ แล้วเดี๋ยวถ้าโทรมาอาจจะยังหลับอยู่ ส่งแชทมาดีกว่า แกนี่สุดยอดเลยซิส เดี๋ยวตื่นแล้วทักไปนะ
ham,แกชอบเอาเรื่องตัวเองมาลงตลอดแหละ รูปตูดแกยังลงเฟซบุ๊กเลย แกเป็นคนเปิดเผยที่สุดเท่าที่ฉันเคยเจอมาแล้ว ทำไมฉันถึงจะคิดว่ารูปห้องแกมันจะทำร้ายแก หรือทำให้แกรู้สึกแย่ได้ล่ะ
ham,สวัสดีครับอาจารย์/คุณ... อัสสลามุอะลัยกุม มีข่าวดีมาแจ้งครับ ด้วยความเมตตาของพระเจ้า ตอนนี้ผมได้งานจากบริษัท Tayseer กับ TISSCO แล้ว และเริ่มทำงานแล้วครับ หวังว่าสบายดีนะครับ อินชาอัลลอฮ์ ไว้มีโอกาสคงได้เจอกันครับ ผมราเกช นักท่องเที่ยวจากอินเดียครับ
ham,"อืม...ก็ได้...แต่ฉันอยากรีบเปลี่ยนสายงานเร็วๆ อ่ะ อยากไปทำ sysadmin หรือ network admin 

*(หมายเหตุ: คำว่า ""da"" ในบริบทแชทแนวเอเชียใต้/อินเดีย มักใช้เป็นคำลงท้ายหรือคำเน้นความหมายว่า ""นะ/อ่ะ"")*"
ham,เตง เชจจี้เป็นไงบ้าง ได้คุยกับน้องยังอ่า
ham,ครีมใส่ผมยังไม่ถูกส่งมาเลย
ham,แต่เรื่องพวกนั้นยังไม่เกิดขึ้นหรอก จนกว่าเธอจะมาถึงนะ
ham,เออ เดี๋ยวอีกชั่วโมงนึง งานเผาต้นคริสต์มาสที่โลชาฮัตชี (Loxahatchee) จะเริ่มแล้วนะ
ham,555 ทำใจเรื่องขับรถมาหา USF เหอะแก รู้จักพวกสายเขียวเยอะแยะ
ham,ทุกอย่างก็โอเคดีจนกระทั่งเจอคาบบ่ายนี้ที่เกือบพินาศกับบรรดาตัวแสบโปรดของฉัน! หวังว่าวันหยุดจะราบรื่นดีนะ ไปกินกาแฟกันหน่อยไหมเพราะพรุ่งนี้อยู่ดึกไม่ได้ เวลาเดิม สถานที่เดิมเหมือนเคยป่ะล่ะ?
ham,เฮโล! สัปดาห์นี้เป็นไงบ้าง? เย็นนี้ไปหาอะไรดื่มกันหน่อยป่ะ
ham,กำลังไปป้ายรถเมล์นะ
ham,คิดถึงแกมากเลย เนี่ยแหละทุกอย่างเลยหายไปหมดเลย
ham,แวะมาห้องเราหน่อยนะ จะได้มาคุยเคลียร์แผนเที่ยว/แผนงาน สำหรับวันหยุดนี้กัน
ham,ก็อยากให้มันเป็นเรื่องของเธอนี่นา
ham,โอเค เดี๋ยวเค้าไปศึกษาก่อนเหมือนกัน... เดินเที่ยวเล่นแถวนี้ก็ได้ มะรุมมะตุ่นไปดูหนังแล้วค่อยไป MRT ไรงี้ บลาๆๆ
ham,ซื้อเวนดี้เข้าบ้านด้วยนะ =D
ham,ว่าไง ไม่นอนเหรอตัวเอง
ham,โอเค ตอนนี้มีเป้าหมายใหม่ละ
ham,โอเค เดี๋ยวอีกสักครู่ฉันออกไปละ ส่งพิกัดที่เจอ ีกันมาทางนี้นะ / งั้นเดี๋ยวอีกแป๊บออกละ ส่งที่นัดเจอมาทางนี้เลย
ham,ใช่ :) ตั้งแต่สัปดาห์ก่อนแล้วที่ฉันเริ่มรับสายสดเองแล้ว
ham,ศิวะอยู่วอสหอพักแหละ อะฮ่า :-.
ham,ส่งต่ออันนี้ให้เพื่อนแล้วมารอลุ้นกันว่าจะได้คำตอบว่าเสียงเราเป็นยังไง... เสียงเราฟีลไหนเนี่ย มาเลือกกัน: 1.เด็กน้อย 2.ซนๆ 3.อ่อนไหว 4.ห้าวๆ 5.มั่นหน้า 6.โรแมนติก 7.ขี้อาย 8.มีเสน่ห์ 9.ตลก 10.น่ารำคาญ 11.น่ารัก ตอบกลับมาด้วยนะ
ham,โอเค เดี๋ยวเขาก็คงโอเคแหละ มั้งนะ
ham,อาทิ.. อยู่ไหนแล้วเนี่ยตัวเธอ..
ham,เวลาฉี่เจ็บไหม มีอาการอื่นร่วมด้วยอีกรึเปล่า
ham,"ทุ่มนึงที่เอส플라나ดนะ... แก, รบกวนไปส่งเราหน่อยได้ป่ะ พอดีวันนี้ไม่มีรถ"
ham,อยากได้รถ BMW ด่วนมากเลยอ่ะ แบบรีบสุดๆ แต่ติดที่ยังขาดเงินอยู่อีกแสนนึง ไม่รู้จะไปหาเงินจำนวนนี้มาจากไหนดี แสนนึงเนี่ยแหละ ปัญหาใหญ่เลย
ham,อยู่บ้านดูทีวีอยู่อ่า
ham,ผู้หญิงอะไรวะ ตอบคำถามแค่นี้ปาไปสิบห้านาทีเลยเหรอ
ham,จองตั๋วกลับบ้านช่วงสงกรานต์ยัง?
ham,ว่างอยู่ป่าว ตอนนี้เราอยู่แถวฮิลส์โบโรกับซอยเลขอ่ะ
ham,ข้อความที่ส่งมาเค้าขอเงิน <#> ดอลลาร์อะ ฉันควรจ่าย <#> หรือ <#> ดี?
ham,ไปถามจีหรือยูริเอาเองนะ เราเล่าให้ฟังไปเป็นรอบที่สิบแล้วมั้งเนี่ย
ham,นานชิบหายเลยวะ Applebee's เนี่ย
ham,หวัดดี หวังว่าจะได้รับข้อความนี้นะ พอดีเดินทางไม่ค่อยดีเลย ตอนนี้น่าจะเลทไปประมาณ 50 นาทีแล้วอ่ะ
ham,แต่ฉันจำเป็นต้องทำนะ ฉันชอบมีความรักแล้วก็จัดการเรื่องต่างๆ ด้วย
ham,ใช่... เขาเก่งจริงๆ นะ พี่เขาบอกว่า Kallis เนี่ยคือนักคริกเก็ตที่ดีที่สุดรองจาก Sachin ในโลกเลย :) เอาท์ยากโคตรๆ
ham,ไหนว่าจะปลุกเราไง &gt;:(
ham,อ๋อ... เราก็เห็นเขานะ แต่คิดว่าเขาไม่เห็นเรา... เราหาตี้ได้ละ...
ham,โทษที ไว้ค่อยโทรหาใหม่นะ
ham,เฮ้ๆ พวกเราเดอะ มอนกีส์ คนเขาหาว่าพวกเราชอบเล่นตะ องุ่นซะหน่อย! ว่าไงคนสวย
ham,โทษที แบตเพิ่งหมด เดี๋ยวแวะไปหานะ แต่เอาแค่กรัมเดียวก่อน บ้านเธออยู่ไหนนะ
ham,"โห เก่งมาก, โอโห ไม่ได้ออกกำลังกายนานละ, เออ เริ่มคุ้นๆ ละว่ามันคืออะไร อืมม"
ham,เค้าไม่มีสมาธิเลย ที่รัก ตัวก็รู้ว่าตัวเองอยู่ในใจเค้าและเป็นทุกอย่างของเค้าแล้ว :-)
ham,555 ... ปีใหม่นี้มีแพลนไปไหนยังอ่ะ
ham,อีก 10 นาทีเจอกันนะ / อีก 10 นาทีเดี๋ยวทักไปนะ
ham,ขอบคุณมากๆ เลยนะ!
ham,ขอบคุณนะ ขอให้วันนี้เป็นวันที่ดีเหมือนกันนะ
ham,K:)k:) รายละเอียดอะไรบ้างที่เธออยากให้โอน? เงินในบัญชีพอไหมเนี่ย?
ham,โอเค เดี๋ยวบอกให้เขาอยู่ห่างๆ ไว้ ใช่ ช่วงนี้หนักหน่วงอยู่ แต่ก็ยังหวังว่าเดือนนี้อะไรๆ จะดีขึ้นนะ
ham,ใช่ๆ เดี๋ยวว่าจะไปทำโอรีโอทรัฟเฟิลละ
ham,ดูเอมิลดิ แกเป็นผู้หญิงสวยแล้วก็ฉลาดมากนะ แล้วฉันก็ชอบแกมากๆ ด้วย ฉันรู้ว่าแกไม่ได้คิดกับฉันแบบนั้นหรอก เพราะงั้นไม่ต้องห่วงนะ
ham,แก ฉันหวังว่านั่นจะเป็นผลมาจากการที่แแกเป็นคนฉลาดและใจดีมาตลอดนะ ลองเริ่มถามเรื่องลิงก์ฝึกสอนจากเขาดู แล้วก็คอยเงี่ยหูฟังข่าวไว้ด้วย ขอให้โชคดีนะ ไว้คุยกันใหม่
ham,ค่าโทร 1.20 แน่ะ แต่ก็คิดว่าไม่แพงเท่าไหร่นะ คิดถึงนะ ต้องการนะ อยากได้นะ รักนะ
ham,ช่วงนี้รู้สึกแปลกๆ ยังไงก็ไม่รู้ ตัดสินใจอะไรก็ลังเลไปหมด แถมต้องมานั่งจัดการกับความรู้สึกตัวเองกับคนเดิมๆ อีก เชื่อว่าเดี๋ยวเวลาผ่านไปอะไรๆ ก็คงดีขึ้นเองแหละ
ham,หายไปไหนเนี่ย แบตมือถือฉันจะหมดแล้ว อยู่คุยกันก่อนดิ
ham,เยี่ยมเลย ชีวิตช่วงนี้ดีสุดๆ ไปเลย ทุกๆ วันมีเรื่องให้ขอบคุณพระเจ้าเพิ่มขึ้นเรื่อยๆ เลยล่ะ
ham,โทษที เดี๋ยวโทรหานะ บาย
ham,โอเค เดี๋ยวเรากำลังไปสถานีรถไฟละ
ham,เจ้าหญิงสุดยอดไปเลย! เค้าชอบทั้งให้และรับออรัลนะ ท่าโปรดคือหมาน้อย (ด็อกกี้) เลย แล้วเธอล่ะชอบแบบไหน? ปกติเค้าชอบจัดกันสัก <#> รอบต่อคืนนะ :)
ham,แถวบ้านเขานั่น เขาไม่โรยเกลือหรือใส่อะไรบนถนนกันบ้างเหรอจะได้ไม่ลื่นอะ
ham,เมื่อไหร่จะไปปั่นจักรยานอะ
ham,เออ ไม่ต้อง เดี๋ยวรอฝนหยุดก่อน
ham,มีหลายบริษัทนะ บอกภาษามาหน่อยสิ
ham,ไม่ได้กรี๊ดนานแค่ไหนแล้วล่ะตัวเธอ
ham,ไม่มีอะไร แค่หมายถึงพอเงินเข้าบัญชีที่นี่ปุ๊บ ธนาคารจะหักค่าธรรมเนียมแบบเหมาจ่ายน่ะ มีคนโอนมา <#> เข้าบัญชีฉัน แล้วโดนหักไป <#> ดอลลาร์ แต่ละธนาคารก็ไม่เหมือนกัน ค่าธรรมเนียมก็ต่างกันด้วย ยังไงก็มั่นใจคนที่ 9ja (ไนจีเรีย) ที่จะส่งเลขบัญชีให้ดีๆ นะ เพราะ...
ham,"คำคมจากคนอกหัก: ""ขอร้องล่ะ อย่ามาทำดีต่อหน้าอีกเลย... ไม่งั้นเดี๋ยวใจอ่อนกลับไปเชื่อใจแกอีกรอบ ฝันดีนะ :)"""
ham,โอเค เดี๋ยวอีกประมาณสิบห้านาทีฉันจะขึ้นไป USF ละ
ham,รักนะอาทิ..รักมากๆ เลยนะ
ham,เครียดไรวะเพื่อน มีปัญหาอะไรป่ะเนี่ย
ham,โอเค เดี๋ยวเสร็จแล้วขออีกสักแปด (กรัม) นะ
ham,พวกแกจะกลับกันวันไหนอ่ะ G บอกว่าพวกแกกำลังคิดว่าจะอยู่ดู MCR ไม่จบเหรอ
ham,ใกล้ถึงละ เดี๋ยวเจอกันแป๊บเดียว
ham,เฮ้ยคาร์ลอส เพื่อนๆ เริ่มถามถึงแกละ วีคนี้ได้ทำงานป่ะเนี่ย
ham,นอนดูทีวีอยู่น่ะ
ham,ขอบคุณนะที่รัก! อยากลองของจริงเร็วๆ จัง...
ham,แกควรเปลี่ยนชื่อเฟสเป็น jaykwon thuglyfe falconerf นะ
ham,ถ้าเราชนะนะ บอกเลยว่าไม่ได้ขึ้นที่ 1 นานแล้วอ่ะดิ
ham,ถึงสถานีรถไฟยังเนี่ย เกิดอะไรขึ้นรึเปล่า
ham,ก็แล้วแต่เกรดนะ ถ้าเอาแบบที่ส่งให้ดูอ่ะ Faded Glory ก็ประมาณ 6 แต่ถ้าจะเอาพวกรอล์ฟ (Ralph) น่าจะสัก 2
ham,แก้ให้เรียบร้อยแล้ว ลองส่งข้อความมาทดสอบดูหน่อยสิ
ham,โทษทีว่ะเพื่อน บัญชีเกลี้ยงแล้ว ไม่งั้นช่วยไปละ ถ้าอยากได้คืน เดี๋ยวเราสลับครึ่งนึงคืนให้ หรือไม่ก็เดี๋ยวเอาบัตรเครดิตเราซื้อของให้ละกัน
ham,โทษที กำลังประชุมอยู่วัน เดี๋ยวโทรกลับนะ
ham,งานเลี้ยงรุ่นของรุ่นไหนเหรอ?
ham,ว่างอยู่ป่ะ โทรหาหน่อยได้มั้ย
ham,โดนซะงั้น... เมื่อไหร่?
ham,ไม่ละ... คิดว่าจะลุยวันจันทร์นี้แทน... โทษทีนะที่ตอบช้าไปหน่อย
ham,มีคนบอกว่าทาง Accentureยังไม่คอนเฟิร์มอะ จริงป่ะเนี่ย
ham,เจอกันที่ศูนย์นันทนาการเคท ጃክսոն ก่อนทุ่มนึงใช่ป่ะ?
ham,ถึงห้องแล้วนะตัวเอง
ham,สู้กับคนทั้งโลกมันง่ายนะ จะแพ้หรือชนะก็แค่นั้น แต่ถ้าต้องมาสู้กับคนใกล้ตัวนี่สิยาก แพ้ก็คือแพ้ ชนะไปก็แปลว่าแพ้อยู่ดี
ham,ออกไปได้เมื่อไหร่เนี่ย
ham,ลองไปหาหมอระบบประสาทดูนะ
ham,555 สุดยอด จากปลา กลายเป็น... น้ำ? งงเลย
ham,เปล่า นั่งรอในรถมันน่าเบื่อไง เพราะรอนอกรถมันไม่มีอะไรทำ อยู่บ้านยังได้ทำโน่นทำนี่หรือดูทีวีไรงี้
ham,แถวเวสต์ชอร์หรือไฮด์พาร์ควิลเลจดี ตรงที่ใกล้บ้านฉันไหม?
ham,เธอควรจะรู้ได้แล้วนะ แล้วนี่แอนโท니เป็นไงบ้าง จะเอาเงินมาด้วยป่ะเนี่ย พอดีฉันต้องจ่ายค่าเทอม ค่าห้อง แล้วก็ค่าใช้จ่ายอื่นๆ อีกเพียบ ถึงได้ต้องรบกวนเธอเนี่ย เพื่อนกันยามยากแท้ๆ...
ham,มันสำคัญยังไงเหรอ
ham,"คิดยังไงกับเราบ้าง? 
1. เยอะเกินไป
2. จอมกวน (หรือ เจ้าเล่ห์)
3. ซน/ดื้อ
4. น่ารัก
5. เงียบๆ
6. มีเอกลักษณ์พิเศษ
7. ยังไม่ค่อยโต
8. มีสไตล์
9. เรียบง่าย
ตอบกลับหน่อยนะ.."
ham,เลทสุดไม่เกิน 8 โมงนะ พวกนั้นยังอยู่กัน ถ้าหาพรรคพวกหรือกระสุนมาได้แล้วอยากลองเอา AK ใหม่ไปยิงเล่นดูก็มาได้นะ
ham,ประภา..เราขอโทษนะ..จริงๆ นะ..จากใจเลย เราขอโทษ
ham,555 โอเค ยกโทษให้ก็ได้ :)
ham,เปล่า.. แค่เปลี่ยนอันนั้นอันเดียว..
ham,555 ไม่มีใครสู้เขาได้เลยจริงๆ
ham,เดินทางแบบนั้นน่าจะง่ายกว่าคืนวันเสาร์นะ เออ ละก็ถ้าเธออยากชวน N มางานวันเกิดเราด้วยก็ตามสบายเลยนะ ชวนได้เลย แต่ต้องคอนเฟิร์มจำนวนคนให้ชัวร์ก่อนนะ เพราะเราจะจองโต๊ะวันศุกร์นี้แล้ว
ham,ปกติถ้าเป็นเด็กหมดสติไปเลย แต่ถ้าเป็นผู้ใหญ่เขาอาจจะแค่แสดงพฤติกรรมแปลกๆ เดี๋ยวโทรหานะ
ham,แต่ต้านั้นอยู่ในอีเบย์นะ ที่อื่นอาจจะถูกกว่านี้ก็ได้
ham,ไปเอาของดองเลยไหม หรือ ให้เราแวะไปเอาของดองให้ป่ะ
ham,เดี๋ยวพวกเราไปกินทาโก้กัน
ham,โคตรเสียมารยาทเลย อยู่มอเปล่าเนี่ย
ham,ไฮ เดี๋ยวคริสต์มาสเราไม่อยู่แฮะ แต่ยังไงก็มีความสุขแล้วก็เมอร์รี่คริสต์มาสนะ
ham,จริงดิ! คนสวยแบบนี้ยังโสดได้ไงเนี่ย
ham,เจย์บอกว่าแกเป็นตุ๊ดควบสองเลยว่ะ
ham,วันนี้วันอาทิตย์นี่หว่า... วันหยุด ไม่ต้องทำงานเว้ย
ham,ฝันดีนะ...ดูแลตัวเองด้วย...ซ้อมอยู่จ้า
ham,"""เดี๋ยวเค้าเลทนะ..."""
ham,ไม่ได้โทรหาซะนานเลย หวังว่าสบายดีนะ แล้วก็อยากให้รู้ว่าพวกเราคิดถึงทุกคนนะ คิดถึงบานีมากเป็นพิเศษ ฝากกอดและคิดถึงน้องด้วยนะ ขอให้วันนี้เป็นวันที่ดีจ้า
ham,(ยิ้ม) สวัสดีตอนบ่ายนะที่รัก วันนี้เป็นไงบ้าง หวังว่าน่าจะได้เบาะแสเรื่องงานบ้างนะ คิดถึงนะพ่อหนุ่ม ส่งจูบดูดดื่มข้ามน้ำข้ามทะเลไปให้นะ
ham,น่าจะอยู่ยาวๆ เลย ไว้เจอกันดึกๆ นะ ;)
ham,สงสัยนิ้วใหญ่ไปจิ้มมั่วซองแหลก ระบบเลยรวนทำอะไรไม่ถูกมั้งเนี่ย
ham,จุ๊บๆ สุขสันต์วันเกิดนะที่รัก ขอให้มีความสุขมากๆ นะจ๊ะ แฮปปี้เบิร์ดเดย์จ้าที่รัก
ham,เราอยู่ติรปูร์นะ เดี๋ยวออกจากออฟฟิศแล้วโทรหาเราด้วยนะ
ham,"คมคำคม: เมื่อไหร่ที่เราพัฒนาสกิลฟัง ""ทุกเรื่อง"" ได้แบบเงียบๆ โดยไม่ปรี๊ดแตกและไม่สูญเสียความมั่นใจ แปลว่าคุณ ......... ""แต่งงานแล้ว"""
ham,แต่พ่อ หนูต้องไปเรียนอะ ทำไงได้ Lไม่งั้นหนูคงไปหาเองแล้ว พ่อ
ham,สี่โมงเจอกันที่ห้องกูนะ มาช่วยกันเคลียร์แปลนห้องให้จบๆ
ham,ผู้หญิงคนนี้คือนอนไม่ติดเตียงจริงๆ ไม่ต้องพักฟื้นอะไรทั้งนั้น ยอมสลบคาความสนุก ดีกว่าต้องมานอนอุดอู้อยู่บนเตียงว่ะ
ham,แล้วมีอะไรพิเศษไหมอ่ะ
ham,รู้อยู่หว่า แต่แกต้องรีบจองโรงแรมแล้วนะ ฉันเพิ่งได้การ์ดเชิญมาแต่ต้องปฏิเสธไปว่ะ แคลิฟอร์เนียมันน่าอยู่เกินกว่าจะถ่อไปงานแต่งตาหนุ่มอังกฤษคนไหนหรอก
ham,โทษทีที่ตอบช้า เดี๋ยวรีบไปนะ
ham,แป๊บนะ &lt;#&gt; นาที
ham,โอเค ขอ 5 นาที น่าจะเห็นละ ว่าแต่แกเป็นพยานให้ฉันด้วยนะ ฉันนั่งให้แกตัดผมอยู่ตลอดเลยเนี่ย
ham,ลองคิดภาพตามนะ ว่าหลังจากที่โดนฉันจัดหนักจนหมดแรงแล้ว เธอจะได้ลงไปนอนแช่น้ำอุ่นๆ ให้สบายตัว แถมก่อนฉันไป เธอยังต้องปรนเปรอฉันอยู่นาน... แต่ลองนึกภาพตอนที่น้ำในอ่างล้อมรอบไอน้ำเหล็กกลั้นความเป็นชายของเธอดูสิ มันคอยย้ำเตือนเธออยู่ตลอดเวลาว่าใครคือเจ้าของเธอ... Enjoy นะเด็กดีของฉัน
ham,รีบมาเลย กูไม่ได้ดูดมาสามวันละ ลงแดงจะแย่
ham,ได้เลย ถ้าเธอช่วยยอมรับมาก่อนนะว่า การมานั่งบังคับให้ทำสัญญาเลือดเนี่ย มันไร้มารยาทสุด ๆ แล้วก็เชยระเบิดเลย
ham,โอเค ทุกคืนลองอาบน้ำอุ่นแล้วดื่มนมสักแก้วดูสิ รับรองว่าได้ผลชะมัด แต่เธอก็ยังต้องลดน้ำหนักอยู่นะ บอกไว้ก่อนเลย
ham,เดี๋ยวลองดูพวกกระทะทอด เผื่อมันถูก หรือไม่ก็หนังสือมั้ง... ไม่สı มันตลกละ กระทะมันคงไม่​ใช่หนังสือหรอก
ham,เออจริง UV มันทำให้เกิดกลัวายพันธุ์ได้นะ ช่วงนี้ครีมกันแดดคือขาดไม่ได้เลยว่ะ
ham,กินข้าวอยู่จ้า :) ทำไมไม่ออนไลน์อ่ะ เป็นไรป่าว
ham,อ๋อ เพื่อนฉันบอกเรื่องนั้นไปแล้วล่ะ
ham,ฮายย ขอบคุณสำหรับรูปนะตัวเอง น่ารักจัง เป็นไงบ้างเนี่ย
ham,โถ่... แกก็ยังไปส่องแฟนเก่าเขาอีก... ส่วนหมวยฉันไม่รู้เว้ย มันยังไม่ตอบเลย... แต่นี่แปลกใจว่ะ ปกติแกตอบช้า แต่วันนี้ตอบโคตรไว ทำไมว่างงานโชคดีจังวะ หรือมีเสี่ยเลี้ยงแล้วเนี่ย 555
ham,Hi ทักมาได้นะ :) ตอนนี้เราอยู่ที่ทำงานอ่ะ
ham,ขอบคุณสำหรับบราวนี่นะ อร่อยดีๆ
ham,โหย... รักเธอจนแทบจะไม่ไหวแล้วเนี่ย
ham,เห้อ ที่รัก... เค้าคิดถึงเธอแล้วนะรู้ป่ะ ขอส่งเงินช่วยค่าเน็ตเธอหน่อยไม่ได้เหรอ เค้าต้องการเธอนะ... อยากได้... โคตรคิดถึงเลย...
ham,พรุ่งนี้เดี๋ยวโทรหาสักทุ่มกว่าๆ นะ พร้อมส่งที่อยู่ให้ด้วย อีตาโรคจิตอเมริกันคนนั้นยังโทรมาตื้อไม่หยุดเลย แย่ชะมัดว่าไหมเจน?
ham,อู้วว นอนซมเลยเหรอ? แกคิดอะไรอยู่อ่ะ (หรือ คิดอะไรอยู่เนี่ย?)
ham,งั้นก็ตามสบายเลย เธอจะไปยิมหรือไปไหนก็ไปเถอะที่รัก *ยิ้ม* เคียงข้างเธอเสมอนะ ขอให้วันนี้เป็นวันที่ดีนะที่รัก... คิดถึงเธอมากๆ แล้วเนี่ย
ham,ชอบจัง เดี๋ยวป๋าจัดให้ร้องลั่นเลย คอยดูเถอะ จะฟาดก้นด้วยควยให้เข็ด!
ham,แล้วไงต่อดีล่ะแม่คุณ / ว่าไง จะเอาไงต่อดีล่ะสาว
ham,1 เดียวรอแม่เลิกสอนก่อน ค่อยไปกินข้าว... ช่วงเช้าเราอยู่บ้านเคลียร์ห้อง เพิ่งเสร็จเนี่ย ตอนนี้ห้องสะอาดขึ้นเยอะเลย... ฮìๆ
ham,แว่นตานิรภัยในห้องแล็บกูหายไปไหนเนี่ย ใครเห็นบ้าง
ham,เปิดประตูให้หน่อยได้ไหม
ham,รอสายอยู่นะ
ham,เปล่าจ้า รออยู่ที่โรงเรียนแป๊บ เดี๋ยวพ่อมารับ...
ham,เหนื่อยจะเถียงเรื่องนี้กับเธอLล่วอะ เป็นแบบนี้ทุกอาทิตย์ เอาที่สบายใจเลยละกัน ตั้งแต่นี้ไปฉันก็จะไม่สนเหมือนกัน
ham,เดี๋ยวรอเราที่โรงเรียนนะ เราเลิกประมาณ 5 โมงอะ
ham,คลุมถุงชนนี่เหมือนเดินๆ อยู่แล้วโดนงูกัดซะงั้น ส่วนความรักแบบเลือกเองนี่คือไปเต้นยั่วอยู่หน้าพ่วงงูแล้วบอก ฉกฉันสิ ฉกฉันสิ
ham,อ้าว ไว้อ่ะ งั้นแปลว่ามื้อเย็นนี้กินข้างนอกเหรอ?
ham,เอke งั้นก็ตามนั้น ไม่ต้องเปลี่ยนตามที่เธอพูดหรอก
ham,อดีตภรรยาผมมีลูกไม่ได้ แล้วคุณล่ะ ในอนาคตอยากมีลูกไหม
ham,แล้วสกอตแลนด์เป็นไงบ้างเนี่ย หวังว่าจะไม่ไปทำนิสัยเจเจซีใส่ใครเขานะ ดูแลตัวเองด้วยนะ ใช้ชีวิตให้เต็มที่ไปเลย
ham,บอกเขาไปดิว่าปวดหัว ขอลาป่วยชั่วโมงเดียวพอ
ham,49 น่าจะยังไม่เลิกหรอก... อืมม ไปแจ๊สดีป่ะ โยคะก็ดีนะ... เดี๋ยวเรียนเสร็จค่อยไปเจอพวกนั้นก็ได้มั้ง
ham,พีท โทรหาหน่อยดิ เงินในซิมจะหมดละ
ham,เอาจริง ดีกว่าเยอะเลยนะนั่น
ham,ติดประชุมอยู่อ่ะ ไว้โทรมาใหม่นะตอน
ham,ยังอยู่ที่งานแกรนด์ปรีซ์ป่ะเนี่ย
ham,ตอนเจอกันแรกๆ เราเป็นแค่คนแปลกหน้า แต่ฉันเลือกเธอมาเป็นเพื่อนนะ ตราบใดที่โลกยังหมุน มิตรภาพของเราไม่มีวันจบหรอก เป็นเพื่อนกันตลอดไปเลยนะ... ฝันดีจ้า...
ham,สบายดี! แล้วเธอ (หรือ แก/เรา) ล่ะ เป็นไงบ้าง?
ham,อรุณสวัสดิ์จ้า ขอให้วันนี้เป็นวันที่ดีนะ
ham,รับทราบ เดี๋ยวจัดให้/ได้เลย บนรถไฟเมื่อเช้านี้เพลียมาก ไวน์กับพายเยอะไปหน่อย เธอเองก็นอนหลับฝันดีเหมือนกันนะ
ham,เดี๋ยวออกไปซื้อของขวัญให้แม่ก่อนนะ
ham,สะพรึงชิบหาย... ต่อไปนี้ไม่มีสึนามิแล้วเว้ย เพราะราชินกานต์เลิกไปว่ายน้ำในมหาสมุทรอินเดียแล้ว :-D
ham,ถ้าจะไปส่งเขาก่อนก็O.K.นะ เรายังไม่พร้อมอ่ะ
ham,เออ ว่าแต่... ตกลงตอนนี้เขามีเงินสดติดตัวบ้างยังวะ
ham,มีความสุขมากๆ นะอยู่ที่นู่น เดี๋ยวบ่ายๆ เราตามไป
ham,กินข้าวเที่ยงเสร็จแล้วเจอกันนะ
ham,ดูแลตัวเองด้วยนะ ขอให้หายไวๆ
ham,ที่จริงจะบอกว่า อยากเจอเธออีกเร็วๆ จัง เริ่มเบื่อการคุยเล่นเรื่อยเปื่อยที่บริดจ์วอเตอร์ละ
ham,ช่างเถอะ ไม่เป็นไรหรอก
ham,ไม่เป็นไร เดี๋ยวเราไปหาไรดื่มแป๊บ ให้เราเดินไปหาป่ะล่ะ
ham,เกมวาเลนไทน์อะ... ลองส่งข้อความนี้ให้เพื่อนทุกคนดู ถ้ามีคนตอบเหมือนกัน 5 คน แสดงว่ามีคนแอบชอบแกจริงๆ นะ คำถามคือ สีไหนเหมาะกับฉันที่สุด? ตอบมาด้วยนะ
ham,มีคนที่ต้องดูแลหลายคนเลย
ham,"ขอบคุณสำหรับวันนี้มากๆ นะเธอ ดีใจที่ได้เจอกัน ไว้ต้องหาเวลาเจอกันบ่อยขึ้นและนานกว่านี้หน่อยแล้ว แหม่ เอา 
Keep in touch นะ แล้วเจอกันเร็วๆ นี้จ้า (C)"
ham,โทรไปคุยเคลียร์กับเขาหมดเปลือกแล้วล่ะ ทีนี้ก็อยู่ที่เขาแล้วว่าจะเลือกทางไหนต่อ
ham,"""สุขสันต์วันวาเลนไทน์ล่วงหน้านะ ถึงจะเร็ວไปหน่อยแต่พอดีมีหนุ่มหล่อสาวสวยให้ต้องอวยพรเป็นร้อยๆ คนเลย ว่าจะเคลียร์พวกป้าๆ น้าๆ อาๆ ให้เสร็จก่อน..."""
ham,เขาก็ไม่ได้ตกใจอะไรมากนะ เพราะบอกซูฮุยก็เหมือนบอกเลออน่าด้วยไรงี้ เดี๋ยวก็รู้กันหมดพอดี แล้วเขาก็มีมาถามฉันด้วยนะว่าแกรีแอคชันยังไง
ham,เพื่อความสุขของครอบครัวเรานะ
ham,เดี๋ยวฉันไปรับ... เลิกเรียนแล้วรีบออกมานะ
ham,ขอให้หิมะตกทีเถอะ ขอให้หิมะตกทีเถอะ อากาศแบบนี้ทำให้คนมารวมตัวกัน แล้วมิตรภาพจะได้งอกงามไง
ham,แก ได้เงินมา <#> ดอลลาร์แล้วนะ ฮิฮิ
ham,พูดน่ะมันก็ง่าย... แต่คำพูดพวกนั้นแหละ บางทีก็ทำให้เราช้ำใจได้บ่อยๆ เลย
ham,แก อย่าลืมบอกอเล็กซ์นะ ว่าในสายตาพวกเรา อีก 15 นาทีวันเกิดแกคือหมดเวลาแล้วนะเว้ย
ham,โทษที ไม่ได้วะ พอดีมีธุระต้องทำนิดหน่อย เดี๋ยวค่ำๆ อาจจะแวะไปร้านเหล้า
ham,ไม่ต้องหรอก เอาจริงถ้าแกถือของกินเล่น แอลกอฮอล์ หรืออะไรพวกนั้นมาด้วย จะมีประโยชน์กว่าให้เงินสดอีกนะ
ham,555 ดีใจด้วย ได้เงินละ พร้อมจัดของต่อละ
ham,อมกี่ครั้งถึงจะถึงไส้ในของทูตสี่ป๊อปอ่ะ
ham,อือ เราก็ว่าใช่นะ ครูบอกว่าตัดทรงนี้แล้วหน้าจะดูยาวขึ้นด้วย แดเรนเลยบอกว่าอย่าตัดสั้นเกินไปอะ
ham,อย่าพูดแบบนั้น 555
ham,ขอบใจจ้า
ham,อ๋อ นั่นข้อความส่งต่อ นึกว่าเธอส่งมาให้เราซะอีก
ham,เข้าใจละ 17 ปอนด์ สำหรับ 700 มล. หวังว่าโอเคนะ
ham,ฉันกับเขานี่ตลก 2 คนตลอดเลยอ่ะ 😂
ham,ที่รัก ขอให้วันนี้ไม่ใช่แบบวันที่แย่นะ ขอให้เป็นวันที่เต็มไปด้วยเรื่องให้ยิ้มเยอะๆ นะ ไบโอลา
ham,ตอนที่ฉันล็อกอินเข้าไป... ตอนนี้พ่อมารับกลับบ้านแล้วหรอ?
ham,อาบน้ำด้วยกันทำไรดีที่รัก
ham,เค้าเคยถามแกไปเมื่อไม่กี่ชั่วโมงก่อน อันนี้คำตอบนะ
ham,เออ เดี๋ยวใกล้ๆ วันขอบคุณพระเจ้าชั้นต้องตุนของเพิ่มละ เดี๋ยวหมดแล้วบอกอีกทีนะ
ham,นางบอกว่า จุ๊บๆ แต่ทำเสียงเอฟเฟกต์ไม่ออก ผู้ชายอะไรก็ไม่รู้ งานดีเป็นบ้าเลยเนอะ คนแบบนี้นี่คือน่าจะมีคนส่งยิ้มไปเติมพลังใจให้เขาทั้งวันเลยนะเนี่ย
ham,เดี๋ยวแวะไปแป๊บนะ
ham,เออ ดีงาม...เตรียมตัวไว้เลยวันพฤหัสนี้
ham,ฮาโหล! ในที่สุดก็ฝ่าฟันรถเมล์ นั่งรถไฟ จนเอาandชนะมาได้ หมายถึงตอนนี้มาถึงเบอร์มิงแฮมแล้วล่ะ ขอให้ที่เหลือของสัปดาห์นี้มีความสุขมากๆ นะ
ham,นั่งดูการ์ตูน ฟังเพลง อยู่ ป่ะเย็นนี้ต้องไปวัดกับโบสถ์ต่อ... แล้วแกทำไรอยู่อ่ะ
ham,รังเกียจไหมถ้าเราจะถามว่าเกิดอะไรขึ้น? แต่ถ้าไม่สะดวกใจจะเล่าก็ไม่ต้องบอกนะ
ham,ไม่เป็นไร เดี๋ยวส่งให้ทางอีเมลนะ
ham,เจ๋งดีนะ! บางทีก็ช้าๆ นุ่มนวล บางทีก็รุนแรงและหนักหน่วง :)
ham,ขอผ่านก่อนนะ โทษที อยากไปอยู่นะแต่เริ่มลนเรื่องเวลาอีกละ ตามสเต็ปเดิมเลย ขอโทษด้วยจริงๆ งั้นเจอวันอังคารนี้ป่ะ?
ham,เดี๋ยว แกรูป่าวว่าเวสลีย์อยู่ In town ป่ะเนี่ย? ชั้นว่ายัยนี่เล่นยาหนักแน่เลยวะ
ham,เออๆ คิดถึงเหมือนกันเว้ย
ham,ทันสตอรี่ของคนนั้นยัง
ham,บอกพวกมันด้วยนะว่าไอ้ยาบ้าเริ่มจะหมดความอดทนแล้ว
ham,พระอาทิตย์มาหาโลกไม่ได้ แต่ส่งความรักมาทางแสงแดด เมฆมาหาแม่น้ำไม่ได้ แต่ส่งความรักมาทางสายฝน เราไปหาเธอไม่ได้ เลยส่งความห่วงใยมาทางข้อความนี้แทนนะ เย็นนี้กินไรดี ยินดีต้อนรับสู่ยามเย็นจ้า
ham,เดี๋ยวแกก็ต้องไปอยู่ในจุดเดียวกับผู้ชายคนนั้นแหละ
ham,เอาไปไว้ตรงนั้นก็ไม่ค่อยสมเหตุสมผลเท่าไหร่หรอกเว้นแต่ว่าจะฟรี ถ้าอยากรู้ข้อมูลเพิ่มเติมก็ลองดูในวิกิพีเดียละกัน
ham,ใต้ท้องทะเลมีหินก้อนหนึ่ง ในก้อนหินมีซองจดหมาย ในซองมีกระดาษ แผ่นกระดาษนั้นมีอยู่ 3 คำ...
ham,แล้วแม่ว่าไงบ้างอ่ะ
ham,โทษทีนะ เดี๋ยวเรากลับบ้านก่อน เดี๋ยวปะป๋ามามารับเอง
ham,ช่างมันเถอะ เตรียมตัวลุยงานต่อไปกันดีกว่า
ham,ได้เลยที่รัก! เดี๋ยวเรามาลองทุกท่าในกามสูตรกันเลย ;)
ham,เออ แก ส่งข้อความมาซะดิบดี... แล้วนี่กินชาหรือกาแฟยังอะ?
ham,เดี๋ยวการ์ลอสก็มาละ ถ้าแกยังจะซื้ออยู่นะ
ham,ค่าตอบแทนนี้ &lt;DECIMAL&gt; แสนเลยนะ :)
ham,เย็นนี้ขอให้มีความสุขนะ ไว้คุยกันใหม่จ้า
ham,ได้รับข้อความเคยัง หรือ ได้รับข้อความยัง หรือ ได้ข้อความที่เราส่งไปยัง
ham,555 ขำท้องแข็งเลย ไว้วันพรุ่งเจอกันนะ
ham,เอო ตามนั้น แล้วก็ไม่ต้องห่วงนะว่าฉันจะพูดอะไรกับแกอีก เหมือนที่บอกไปเมื่อคืน แกจะทำอะไรก็เชิญตามสบาย ทางนี้ก็จะทำเหมือนกัน ต่างคนต่างอยู่ จบ
ham,มี <#> อยู่แล้ว มีทางไหนให้ฉันไปรับได้บ้างไหมเนี่ย
ham,ไม่รู้ดิแก เราก็แค่นกินนม...
ham,ไม่แน่เหมือนกันนะ! ลองทักไปหา...หน่อยดิ แล้วถามด้วยว่า...ได้การ์ดรึยัง ตกลงจะไป Great Escape หรือ Wetherspoons ดีล่ะเนี่ย
ham,หมู ตื่นยังเนี่ย? พนันได้เลยว่ายังนอนอยู่แน่เลย เดี๋ยวเค้าไปกินข้าวละนะ...
ham,555 ชั้นไม่ได้พิสดารขนาดนั้นซะหน่อย
ham,พลาดสายเธออ่ะ พอดีมัวแต่โวยวายใส่สครัปอยู่ คิดถึงนะ อยากให้เธอกลับมาไวๆ จัง วันนี้เหงามากเลย
ham,ที่แกพูดถึงเนี่ย มันคือที่ไหนเหรอ 'เฮก' เนี่ย เล่าให้ฟังหน่อยสิ!
ham,จะรีบออฟไปไหนเนี่ย เบื่อจะตายอยู่แล้ว
ham,เอ็กซ์วายไปกินข้าวเที่ยงด้วยป่ะเนี่ย
ham,ฝากบอก Ì_ ให้รอเลคเชอร์เราเสร็จแป๊บนึงได้ป่ะ เพราะอีกชั่วโมงเดียวก็เลิกแล้วอะ
ham,เลิกงานยัง :)
ham,กษัตริย์ทุกองค์ก็เคยเป็นเด็กแบเบาะที่ร้องไห้งอแงมาก่อน อาคารยิ่งใหญ่ทุกหลังก็เคยเป็นแค่แผนผัง... วันนี้แกอยู่ที่ไหนไม่สำคัญเท่ากับพรุ่งนี้แกจะไปถึงไหน ฝันดีนะ
ham,ที่รัก เฌอทาราเองนะ ถ้าเธอจะมาโคจิน (Cochin) ยังไงโทรบอกก่อนออกเดินทางด้วยนะ เดี๋ยวเราจะได้กะเวลาไปเจอกันถูก หรือไม่ก็บอกหน่อยนะว่าจะมาวันไหน พอดีพรุ่งนี้เราไม่ว่างแถมเป็นวันหยุดด้วยจ้า
ham,ขอบใจนะที่รัก แต่ฉันกำลังทำ torch หรือ bold อยู่ว่ะเนี่ย
ham,ฟาร์มเปิดป่ะ
ham,"""โทษทีนะ รบกวนอีกแล้ว ช่วยซื้อเลข 4D ให้พ่อเราหน่อยดิ รอบนี้เอา 1405, 1680, 1843 อย่างละ 2 ใหญ่ 1 เล็ก วันเสาร์กับอาทิตย์นี้นะ ขอบคุณจ้า"""
ham,พี่สะใภ้ หวังว่าเดือนนี้จะเป็นเดือนที่ดีสำหรับพี่นะ แค่แวะมาทักทายเฉยๆ จ้า - อาบิโอลา
ham,เดี๋ยววันนี้ซื้อของให้แล้วส่งไปให้นะ เธอมีตู้ ปณ. มั้ย
ham,โหย ซวยละ สงสัยต้องส่งแล็ปท็อปไปซ่อมซะแล้ว มีปัญหาเรื่องการ์ดจอว่ะ
ham,ดี มาก เก่งมาก ชอบคนทำธุรกิจเหมือนกัน
ham,เอ้อ ใกล้ถึงยัง หรือยังวนอยู่แถวบ้านอเล็กซ์วะ
ham,เจอกันที่ Corporation St ตรงข้างนอกร้าน Gap นะ... แล้วเธอจะได้รู้ว่าฉันคิดอะไรอยู่!
ham,แม่ฝากซื้อของกินเข้าบ้านอ่ะ
ham,แก... เธอเองก็ไม่ต้องทักไปหรือตอบแชทเขาเหมือนกัน
ham,สู้ราคาเท่าไหร่ดีอ่ะ / ให้ราคาเท่าไหร่ดีล่ะ
ham,โทษที เดี๋ยวโทรหาใหม่นะ
ham,ที่สำคัญคือต้องให้แกดื่มน้ำเยอะๆ จะได้ไม่ขาดน้ำนะ
ham,แปลกๆ อยู่นะ ขนาด... - แล้วตกลงงานมันจัดที่ไหนอะ? แต่ก็ไอเดียดีนะ เดี๋ยวพวกมันก็คงอยู่ร้านเหล้าแหละ!
ham,จริงด้วยที่รัก..ตอนนั่งสวดมนต์ตอนเย็นก็รู้สึกแบบนั้นเหมือนกัน เลยทักหาแป๊บเดียวเอง...
ham,โทษทีนะ พอดีญาติมาหา เลยแวบไปเดินป่านานขนาดนั้นไม่ได้ว่ะ
ham,แล้วตกลงแกจะไปยิมวันไหนอ่ะแฮรี่
ham,ดึกแล้วอ่ะ เกือบเที่ยงคืนละ ยังไงเค้าก็ไม่ได้ขับรถ...
ham,"พีคสุดๆ: อาจารย์สอนการบินทุกคนโดนเรียกตัวมาแล้วก็ถูกขอให้นั่งเครื่องบิน พอนั่งเสร็จก็มีคนบอกว่าเครื่องบินนี้ลูกศิษย์ตัวเองเป็นคนสร้าง ทุกคนนี่รีบวิ่งลงจากเครื่องกันอุตลุด... ยกเว้นอยู่คนนึงที่ไม่ขยับไปไหนเลย... แกบอกว่า ""ถ้าฝีมือลูกศิษย์ฉันสร้างล่ะก็..."""
ham,จังหวะมันดูแปลกๆ นะ ว่าไหม วันที่เธอ2คนกับจีอยากให้ฉันไปสูบยาด้วยกัน ดันเป็นวันเดียวกับที่มีดราม่าหาว่าฉันชอบไปบ้านแล้วชวนทุกคนสูบพอดีเลย
ham,ไม่ต้องคิดมากให้ปวดหัวหรอก ถ้าเขามีบัญชีหอพัก ก็แค่ส่งเลขบัญชีเราไป เดี๋ยวเงินก็โอนมาเอง
ham,เขาก็รู้แค่เรื่องเมนูกลางวันแค่นั้นแหละ... ฉันรู้
ham,เดี๋ยวมีอะไรจะขายแล้วจะบอกนะ
ham,จะจองบทเรียนไหนดีล่ะ? เดี๋ยวทักมานะ... เดี๋ยวเลิกงานแล้วค่อยโทรหา หรือยังไงเนี่ยแหละ... พอดีจะไปตัดแว่น เลขสมาชิกฉันคือ PX3748
ham,"มัทฉะ อย่าคิดมากเลยนะ เราเข้าใจความรู้สึกเธอเลย เชื่อเราส 
ลองมาใช้เวลากับเราสักเย็นนึงสิ เรามีแผนดีๆ รออยู่เพียบเลย มาเริ่มต้นชีวิตใหม่กันเถอะ โทรหาเราได้ตลอดเลยนะ"
ham,อ๋อเหรอ งั้นส่งที่อยู่มาหน่อยสิ
ham,ไม่เป็นไรเลย ตามสบาย ขอให้ราบรื่นนะ สู้ๆ
ham,หนังเรื่องนี้น่าดูมากเลยวะ/หนังโคตรดีเลย
ham,เออจริง ขนาดคุกกี้ยังโปะเยลลี่มาด้วยเลย
ham,โลกหมุนไปข้างหน้า แต่เรายังอยู่ที่เดิม บางทีคนอื่นก็อาจจะรู้สึกเหมือนกัน ช่างมันเถอะ หรือว่าเราต้องยอมรับจริงๆ ว่าเราบ้าไปแล้ว แล้วทางแก้อมรมันอยู่ไหนล่ะ หรือจะเรียกว่านี่แหละคือชีวิต แล้วก็วิ่งไปพร้อมกับโลก เธอก็อาจจะกำลังวิ่งอยู่เหมือนกัน งั้นก็วิ่งกันเถอะ
ham,เข้าใจแล้ว! น่ากินจัง... ป๊าอยากกินหนูทั้งคืนเลย!
ham,ได้อยู่แล้วน่า ชั้นไม่ได้ใจร้ายขนาดนั้นซะหน่อย... เอาเป็นบ่ายโมงละกัน... ทำไมแกไม่ถามล่ะว่าจะไปไหนกัน... ชั้นว่าแล้วว่าแกต้องถามวันศุกร์ แต่เขาบอกว่าแกจะถามวันนี้...
ham,โอเค เดี๋ยวรีบไปละ ขอเปลี่ยนออเดอร์เป็นครึ่งแปดแป๊บ
ham,นั่นสิเนอะ ว่าแต่ตอนนี้ถึงไหนละ แล้วนี่จิเดมาเรียนหรือว่ามาเที่ยวเฉยๆ อะ
ham,ไม่รู้จะมาถามทำไม
ham,เปล่าสักหน่อย เย้ ฤดูใบไม้ผลิมาเร็วเว่อร์!
ham,555 เดี๋ยวพอฉันเอาเงินเขามาพาแกไปกินสเต็กด้วย แกก็จะไม่รู้สึกผิดละ =D
ham,ถึงแกจะไม่ซวยตอนไปเกลี้ยกล่อมก็เถอะ... บอกเขาสักรอบสองรอบก็พอ แล้วก็เมินข้อความเขาไปเลย ไม่ต้องกดอ่าน ไม่ต้องเปิดดู แล้วก็ไม่ต้องตอบอะไรทั้งนั้น
ham,คืนนี้บินไปกาตาร์แล้วนะ ไปหาโอกาสใหม่ๆ ทุกอย่างเกิดขึ้นเร็วมาก ยังไงฝากสวดมนต์ (หรืออธิษฐาน) ให้ด้วยนะที่รัก - Rakhesh
ham,งั้นทำไมไม่มีใครคุยกับฉันเลยอ่ะ
ham,ขอบคุณที่เป็นห่วงนะ ซึ้งใจจริงๆ
ham,อยากอยู่ด้วยจังตอนนี้
ham,"555 อาจจะจริง, แกก็รู้ใจฉันดีนะเว้ย ความรู้สึกที่มีคนมาชอบเนี่ยมันก็ดีเหมือนกันนะ แกอ่ะรีบไปหาแฟนได้แล้ว เดี๋ยวพวกผู้หญิงในกลุ่มเราก็มีแฟนกันหมดแล้วเนี่ย"
ham,ได้ เดี๋ยวไปนะ ดีใจด้วยที่มาทัน/ดีใจด้วยที่มาได้
ham,สู้ๆ นะ เดี๋ยวแป๊บเดียวทุกอย่างก็ดีขึ้นแล้ว คิดถึงช่วงเวลาดีๆ ที่รออยู่ข้างหน้าไว้เน้อ :)
ham,เพิ่งตื่นเอง เดี๋ยวต้องรีบออกจากห้องละ เอ่อ... ยังไม่ได้ปรับเวลาช้าลงเลย ตอน 8 โมงก็เลยโวยวายไล่ทุกคนให้ตื่น แล้วเพิ่งมารู้ว่าเพิ่งจะ 7 โมง เย้ ได้นอนต่ออีกชั่วโมงนึง
ham,แถวนี้ น่าจะมีฟิตเนสฟรีอยู่นะ
ham,ผู้ชายเขาชอบผู้หญิงตัวเล็กๆ นะ เงยหน้ามองตาเขาเข้าไว้สิ
ham,ไม่รู้อ่ะ เห็นบอกให้ไปลิโด้ เวลาเดิม 9 โมงครึ่ง
ham,"สัญญาว่าจะดูแลเธอ, พรินเซส. ต้องไปก่อนนะ. ว่างๆ ส่งรูปมาให้ดูบ้างล่ะ. คุยกันทีหลังนะ!"
ham,ปีนี้เราไม่ได้คุยกันเลย มีอะไรรึเปล่า ยังไงก็ขอให้สัปดาห์นี้เป็นสัปดาห์ที่ดีนะ แล้วก็ขอให้โชคดีกับการสอบด้วย
ham,ภายในวันจันทร์หน้านะ ขอเนื้อเน้นๆ เลย
ham,ไม่ต้องมาเถียงเลยไอ้มนุษย์ถ้ำ
ham,ถึงห้องสมุดตั้งแต่กี่โมงเนี่ย
ham,"""ขอโทษด้วยนะ พอดีจำเบอร์ไม่ได้แล้วก็เริ่มงงละ :) ใครเนี่ยรบกวนบอกหน่อย"""
ham,ทำไมไม่ทักมาล่ะ
ham,นึกไม่ออกเลยแฮะว่าใครมีห้องว่างอยู่ตอนนี้
ham,ศรัทธาทำให้ทุกอย่างเป็นไปได้ ความหวังทำให้ทุกอย่างเดินหน้า ความรักทำให้ทุกอย่างงดงาม ขอให้มีครบทั้งสามอย่างนี้นะช่วงคริสต์มาสนี้ เมอร์รี่คริสต์มาส!
ham,แกควรนัดไว้ก่อนนะ
ham,ถึงแล้วโทรหาด้วยนะ มือถือเราสั่นเพี้ยนๆ อาจจะไม่ได้ยินเสียงข้อความ
ham,T_T แก ตอนนี้อยู่บ้านยายจ้า อ้าวแก ยังไม่หายป่วยอีกหรอ วันนี้ตอนเช้าชั้นโคตรแย่เลย แต่น่าจะแค่มึนหัวแฮงค์แหละ งั้นไว้นัดกันใหม่อีกคืนนะ พวกชั้นกลับวันเสาร์นี้จ้า
ham,555 ไม่มีไรหรอก แค่คิดว่าแกน่าจะทักมาถามเพราะแกเป็นคนเผือกไง... แต่พวกเราไปเที่ยวเมาท์เฟเบอร์กันมาเมื่อวาน... เมื่อวานเพิ่งจะออกไปเที่ยวเอง วันนี้เลยไม่ออกละ... โทรมาคุยกันได้นะเว้ย...
ham,สุขสันต์วันคริสต์มาสล่วงหน้ากับครอบครัวด้วยนะ ขอให้มีความสุขมากๆ แล้วก็สวัสดีปีใหม่ล่วงหน้าเลยจ้า
ham,"""กูไม่ไปวะ ติดธุระ เว้นแต่พวกมันจะนัดกินข้าว... ฮ่าๆ อยากรู้เหมือนกันว่ารอบนี้ใครจะไปบ้าง..."""
ham,โทษที เดี๋ยวโทรหาใหม่นะ
ham,รับสายไม่ได้อ่ะ ส่งข้อความมาแทนนะ
ham,555 จริง! เล่นใหญ่รัชดากันสุดๆ พรุ่งนี้โรงเรียนประกาศปิดเรียบร้อย ละดูทรงหิมะน่าจะตกแค่ingเดียวเอง มั้ง บอกขับรถไม่ได้ละ
ham,หาส่งเรซูเม่สมัครงานที่นี่จนเครียดแล้วเนี่ย ไม่เห็นไปถึงไหนเลยโว๊ย!
ham,555! ไอ่ขี้เมาเอ้ย! ตอนนี้กำลังทำผมอยู่อ่ะ เออ คืนนี้ยังไปเหมือนเดิมนะ ว่าแต่มีแพลนไปไหนกันวะ?
ham,ช่างเหอะ รีบมานี่เลย แกชิ่งหนีรอบสองไม่ได้หรอกนะเว้ย
ham,อีก &lt;#&gt; นาทีถึงนะ มีที่เหลือป่ะ
ham,นอนเล่น...แล้วก็ไถฟีดไปเรื่อยเปื่อย
ham,ขอบคุณที่ช่วยเก็บขยะนะ
ham,ทำไมแกไม่ลองไปบอกเพื่อนว่าไม่แน่ใจเรื่องจะไปอยู่ด้วยเพราะเขาสูบบุหรี่จัดเกินไป แล้วจากนั้นก็มานั่งอ้อนวอนเป็นชั่วโมงๆ ให้เขามาสูบด้วยล่ะ
ham,ไฮนะ เคตเอง ดีใจมากๆ ที่ได้เจอกันคืนนี้นะ เดี๋ยวพรุ่งนี้โทรหา วันนี้ได้ขึ้นไปร้องเพลงด้วย ละมีผู้ชายคนนึงเอา นามบัตรให้ฉันด้วยล่ะ xxx
ham,สุขสันต์วันปีใหม่นะน้องชายที่รัก คิดถึงแกจริงๆ เพิ่งได้เบอร์มาเลยทักมา HNY ขอให้มีความสุขมากๆ นะ จาก อะบิโอลา (Abiola)
ham,งั้นแปลว่าไปเปิดประตูนะ
ham,"แอบคิดยังไงกับเราบ้างเนี่ย? 
1. เยอะเกิน
2. ดื้อ
3. ซน (กวนๆ)
4. น่ารัก
5. เงียบๆ
6. มีเอกลักษณ์ดี
7. ยังเด็ก/ยังไม่โต
8. มีสไตล์
9. เรียบง่าย
ลองเลือกตอบมาหน่อยซิ..."
ham,อืมม... นึกว่าตกลงกันไว้แค่ 2 ชั่วโมงซะอีก ไม่ใช่ 3... นี่มาช้าวนะ... จะโดนทำโทษยังไงดีล่ะเนี่ย?
ham,ป่ะ เบียร์ป่ะ?
ham,ไม่น่าใช่นะ เปิดได้แป๊บเดียวไม่ถึง 5 นาทีก็ดับเองเฉยเลย
ham,ตอนแรกเห็นว่าจะมา แต่สุดท้ายมาไม่ได้ แต่อยู่ในเมืองนี้นะ
ham,มันจัดการเองอัตโนมัติอะ ส่วนใหญ่ก็ช่วยแก้คำผิดให้แหละ แต่บางทีมันก็เปลี่ยนเป็นคำอื่นไปเลยซะงั้น งงเลย
ham,อรุณสวัสดิ์จ้า ขอให้วันนี้เป็นวันที่ดีนะ
ham,หวังว่าเมื่อวานจะเล่นเกมสนุกนะ ขอโทษด้วยช่วงนี้ไม่ได้ติดต่อมาเลย แต่คิดถึงเสมอนะ ขอให้เป็นสัปดาห์ที่ดีจ้า จาก อ비โอลา (Abiola)
ham,โชคดีกับการสอบขับรถวันนี้นะ สู้ๆ :-D
ham,ทำไมวะ? อยู่ไหนแล้วไอ้เวร? ฟังดูเหมือนมุกของแจน C ชัดๆ เลยนี่หว่า!!!!!!!!
ham,กรี๊ดดด อยากจะกรี๊ดให้ดังๆ ชั่งน้ำหนักดูแล้วคือน้ำหนักลดลงไปอีกแกกก วู้ฮู้ววว!
ham,เอาจริงๆ คือมันไม่มีนะ เป็นคำนามนับไม่ได้ ในพจนานุกรมเขาจะเขียนว่า u (uncountable) ถ้าจะนับต้องใช้เป็น pieces of research แทน ไรงี้
ham,เบื่อมากเลยที่ต้องอยู่เฉยๆ แบบนี้
ham,ไอ้พีท อยู่ไหนวะ แก๊งเราอยู่ที่ Kingshead กันหมดแล้ว ถ้าว่างก็มาจอยกันดิ จากนิคเอง
ham,โอเค เดี๋ยวเราทักหาตอนออกจากบ้านนะ
ham,"""ที่บอกว่าขอแป๊บเดียว นี่ผ่านไป <#> นาทีแล้วนะ"""
ham,นัดตอน &lt;TIME&gt; โมงเช้า ไม่ใช่ความผิดฉันนะที่เธอไม่ฟัง ฉันบอกตั้งสองรอบแล้ว
ham,โอเค เดี๋ยวไปถึงก่อน 4 โมงนะ
ham,โหลด 3d มาแล้ว โคตรสำคัญเลย
ham,ได้เลย แต่บอกเขาก่อนนะว่าพวกเรายังไม่สูบกันนะ
ham,โถ่ ทำงานตลอดเลย ลาออกเหอะ
ham,ลาครึ่งวันนะ ไม่ค่อยสบายอ่ะ
ham,ไม่อยากลุกจากเตียงเลยว่ะ โคตรอุ่นอ่ะ
ham,ง2ตื่นเต้นจังเลย :)
ham,แก ในชุดของพวกผู้ชายมันจะมีแหวนมาให้ด้วยแหละ เอาไว้ให้พวกเขาเอาไปเซอร์ไพรส์ขออนาคตภรรยาแก ใบ้ให้แค่นี้พอนะ หึๆ
ham,ยืมกระเป๋าหน่อยนะ
ham,เด็กหนุ่มของฉันหายไปไหนเนี่ย? คิดถึงจด... เกิดอะไรขึ้นเนี่ย?
ham,เขามีมือสองอยู่เพียบเลยที่รัก แต่บอกรุ่นไปก็ช่วยอะไรไม่ได้หรอก เธอต้องเอาของจริงมาให้เขาเทียบดูจ้า
ham,แล้วจะพากาลิเลโอหรือด็อบบี้มาด้วยป่ะเนี่ย
ham,แล้วทำไมไม่ตอบล่ะ
ham,บูว์ ที่รัก! สนุกกับงานไหมเนี่ย ดูท่าทางไปได้สวยเลยนะที่รัก หวังว่าสบายดีนะ ดูแลตัวเองด้วย เดี๋ยวคุยกันใหม่ รักนะจุ๊บๆ XXXX
ham,บ่ายนี้จ้าที่รัก! เด็กเอ็นฯ เค้าเป็นไงบ้างเนี่ย คิดถึงกันยัง อยากฟัดเค้ายังอ่า *จิบคาปูชิโน่* คิดถึงนะตัวเอง *จุ๊บหยอกๆ*
ham,ขับรถอยู่นะ ตอบไม่ได้ เดี๋ยวค่อยคุยกัน
ham,เย็นนี้ขอให้มีความสุขนะ ไว้คุยกันใหม่จ้า
ham,อืมม... ก็เรื่อยเปื่อยแหละ 555... เฮ้อ...
ham,555 ใช้สมองหน่อยนะตัวเอง
ham,เฮ้ มีจดหมายมาส่งป่ะ / เฮ้ มีพัสดุมาส่งบ้างป่ะ
ham,โทษที ไฟเขียวพอดี คือเพื่อนอีกคนอยากได้ประมาณ &lt;#&gt; บาทแหละ แต่เขาอาจจะไม่ว่างมาว่ะ
ham,ขอบคุณสำหรับเมื่อวานนะคะคุณพี่ พี่น่ารักและช่วยเหลือดีมากๆ เลย หวังว่าจะร่วมงานศพด้วยความเรียบร้อยนะคะ จากโมจิไบโอลา
ham,เฮ้ยเพื่อน RV เองนะ ไปเที่ยวมาสนุกป่าว ทักมาทายเฉยๆ ไม่ได้คุยกันนานละ ตอนนี้เริ่มหัดขับรถแล้วนะ พวกแกเตรียมตัวหลบดีๆ ล่ะ RVx
ham,ขอบคุณมากๆ นะ ตอนที่เราคุย Skype กับ KZ กับ Sura ไม่มีเธอมาแจมด้วยเลย หวังว่าสบายดีนะ พวกเรายื่นคำขาดไปแล้วนะ! กำลังนับถอยหลังรอมาอาบูโร (ไนจีเรีย) อยู่เนี่ย เที่ยวให้สนุกนะ! อันนี้ข้อความที่เราส่งไปหลายวันก่อนละ
ham,เดี๋ยวผลลัพธ์ก็น่าจะออกมาดีเองแหละ :)
ham,อรุณสวัสดิ์นะที่รัก ขอให้วันนี้เป็นวันที่ดีและประสบความสำเร็จนะ
ham,พี่ครับ ช่วงหลายเดือนที่ผ่านมาผมจ่ายค่าเช่าช้าแล้วโดนค่าปรับไป $&lt;#&gt; ตลอดเลย ที่ผ่านมาเกรงใจไม่อยากทักเรื่องนี้เพราะเกรงใจที่พี่ช่วยเหลือเรื่องนี้มาตลอด แต่ตอนนี้ผมเจอพิษเศรษฐกิจเล่นงาน เดือนนี้เลยคงจ่ายค่าปรับไม่ไหวครับ เลยขออนุญาตแจ้งล่วงหน้าก่อนสิ้นเดือนนี้ พี่พอจะช่วยผมหน่อยได้ไหมครับ ขอบคุณครับ
ham,เค้าouรักเธอมากๆ เลยนะ เธอไม่รู้หรอกว่าเธอสำคัญกับเค้าแค่ไหน ไว้โทรหาพรุ่งนี้ juntasนะ รักนะ ฟอดดด
ham,ส่งเมลสรุปรายละเอียดมาให้หน่อยนะ ว่าเราต้องจ่ายเงินให้ใคร เมื่อไหร่ และเท่าไหร่บ้าง
ham,แม่ของพี่ประสันต์ (Prashanth) เราเสียเมื่อคืนนี้แล้วนะ ช่วยกันสวดมนต์ (หรือภาวนา) ให้ท่านกับครอบครัวด้วยนะ
ham,K.k:) เมื่อไหร่จะไปเหรอ
ham,ระหว่างนี้ทางห้องกากๆ นี่คือเซเวียร์เพิ่งจะมาเตือนพวกเราก่อนสักสองสามวิว่าซาแมนธากำลังจะมา แล้วก็กำลังดีดกีตาร์ของเจย์เพื่อทำคะแนนสาวไรงี้ แถมฉันว่าดั๊กลืมไปแล้วมั้งว่าฉันไม่ได้ย้ายมาอยู่ที่นี่แล้วอ่ะ
ham,ช่วงนี้กระเพาะฉันผ่านศึกมาเยอะมากเว่อร์ กินอะไรไม่ลงเลยแม่ ขอให้รอบนี้ผอมลงทีเถอะ
ham,อยู่ Аอฟฟิศแล้วนะ :) มีไรเปล่า... พิมพ์มาได้เลย เดี๋ยวพักเที่ยงโทรหา :)
ham,เออ แทบจะไม่เหลือที่ให้เราสองคนละ ยัยเอ็กซ์มีรองเท้าเยอะชิบหาย โทษทีว่ะ ไว้เจอกัน
ham,ถึงออร์ชาร์ดรึยัง จะไปซื้อตั๋วก่อนป่ะ
ham,ตัวจริงเสียงจริงนะที่รัก! อยากปลุกเสือสาวในตัวเธอให้ออกมาจัง...
ham,ไม่ต้องห่วง ถ้าแกกดรันอันนั้น ตัวเต็มมันจะเปิดใช้งานเลยเว้ย
ham,โอ๋ น่าสงสารจัง! หวังว่าจะรู้สึกดีขึ้นนะ ส่งกำลังใจให้! สงสัยเพราะโหมงานหนักแน่เลย ยังไงก็ระวังตัวด้วยนะ ไว้คุยกันใหม่ รักนะ เจน XXX
ham,พอเหอะเรื่องนี้ ชั้นบอกเขาไปแล้วว่าคืนของแล้ว ละเขาก็มาบอกว่าไม่ต้องสั่งใหม่หรอ Groceries
ham,จะพาแฟนไปเที่ยวเหรอ / จะพาแฟนไปเดทเหรอแก
ham,ไฮ่อานา พรุ่งนี้เช้าเราจะเข้าไปนะ เดี๋ยวไปเจอกันที่สัตยาแล้วค่อยไปสำนักงาน RTO ด้วยกัน กลับถึงบ้านแล้วทักบอกด้วยนะ
ham,งั้นเอาช้อนละกันเนอะ โอเคป่ะ?
ham,เมื่อกี้เขาพูดว่ามีคนชื่อแทมป้าเหรอ
ham,กำลังทำงานอยู่อ่ะ เดี๋ยวอีกแป๊บกินนะ
ham,พี่ชายเธอนี่โคตรฉลาดเลยวะ
ham,โทษทีนะ พอดีช่วงนี้ติดต่อคนของฉันได้เรื่อยๆ น่าจะใช้เวลาสักชั่วโมงสองชั่วโมง เดี๋ยวทักไปนะ
ham,แกรู้ยังว่ารถบัสมาี่โมง พอดีเราต้องเคลียร์ธุระก่อน
ham,ช่วงนี้เห็นรถคอร์เวทท์วิ่งเต็มถนนเลยว่ะแก
ham,Tough เหมือนกัน แต่ฉันเน้นสร้างกำแพงกับบังเกอร์ไว้ก่อน เพราะไม่ได้เล่นโหมดPeaceful เลย แต่อันที่จริงบ้านแกคงอยู่สูงพอแหละ เลยไม่ต้องแคร์เรื่องพวกนั้น
ham,เอาจริง ตอนนี้สมองไหลคิดมากเรื่องปรัชญาชีวิตไปละ ถ้าแกอยากโทรมาคุยก็โทรมานะ อยู่บ้าน รอคนมาโปรดอยู่เนี่ย!
ham,ก็เรื่อยๆ นะ ไม่มีปัญหาอะไร แต่ยังต้องเก็บประสบการณ์อีกนิดนึงเพื่อจะได้เข้าใจสำเนียงกับสไตล์ของลูกค้าอเมริกันมากกว่านี้
ham,เดี๋ยวไปส่งน้อง (หรือชื่อคน/สัตว์เลี้ยง) แล้วจะทักหานะ
ham,เฮ้อ วันนี้เหนื่อยช้าหมดแรงเลย อยากซุกตัวนอนงีบจัง
ham,คุยกับตัวเองซะบ้างอย่างน้อยวันละครั้งนะ... ไม่งั้นเดี๋ยวจะพลาดเพื่อนที่ดีที่สุดในโลกคนนี้ไปเลย -เชกสเปียร์-
ham,อยู่แคสเตอร์ป่ะเนี่ย ต้องดูอะไรหน่อย เร็ว
ham,เห็นไหมล่ะ ชั้นรู้อยู่แล้วว่ายอมให้ผ่อนผันให้ไม่กี่ครั้งเนี่ย เดี๋ยวก็ติดนิสัยอยากจะขอเลิกเคอร์ฟิวเรื่อยๆ ตอนแรกกะว่าจะให้ถึงตีหนึ่งนะ แต่หนังรอบเที่ยงคืนเนี่ย กว่าจะเลิกก็ปาเข้าไปหลังตีสองแล้ว กลับบ้านมาเลยนะ แกต้องนอน แล้วก็เอาเวลาไปฝึกวิชา Ear training ซะบ้างเถอะถ้าจะทำอะไรสักอย่าง
ham,ชอบนวดให้คนอื่นนะ ใช้เบบี้ออยล์เยอะเลย... ปกติชอบท่านอนไหนเป็นพิเศษป่ะ?
ham,เฮ้ย มึง รอบหน้าเราไปซับบอร์ดกันอีกป่ะ
ham,Yoyyooo แกรู้วิธีเปลี่ยน permission ของไดรฟ์ใน Mac ป่ะ ไดรฟ์ USB ชั้นเนี่ย
ham,กิ๊บส์ยังขายไม่ออก ไมค์ ฮัสซีย์
ham,อยากคุยต่อนะ แต่ไม่รู้เป็นไร คุยไม่ได้เฉยเลย
ham,แก อย่าเพียรตัดสั้นเกินไปนะ หรือว่าแกไม่ชอบวะ? นางสอบตกอะ ค่อนข้างเฟลเลย
